"Cibao Nordeste","Duarte","Arenoso","Arenoso","Arenoso"
"Cibao Nordeste","Duarte","Arenoso","Arenoso","Palma Sola"
"Cibao Nordeste","Duarte","Arenoso","Los Platanitos","Los Platanitos"
"Cibao Nordeste","Duarte","Arenoso","Las Coles","Las Coles"
"Cibao Nordeste","Duarte","Arenoso","Las Carreras","Las Carreras"
"Cibao Nordeste","Duarte","Arenoso","Las Carreras","Las Guamas"
"Cibao Nordeste","Duarte","Arenoso","Las Carreras","Los Cacaos"
"Cibao Nordeste","Duarte","Arenoso","Las Carreras","Villa María"
"Cibao Nordeste","Duarte","Arenoso","La Jagua","Caño de Madrid (Madera)"
"Cibao Nordeste","Duarte","Arenoso","La Jagua","El Guayabo"
"Cibao Nordeste","Duarte","Arenoso","La Jagua","El Mango o El Mago"
"Cibao Nordeste","Duarte","Arenoso","La Jagua","La Jagua"
"Cibao Nordeste","Duarte","Arenoso","La Jagua","Rincón Bebedero"
"Cibao Nordeste","Duarte","Arenoso","La Garza","Cruce de las Cabirmas (Antigua Atronca Perros)"
"Cibao Nordeste","Duarte","Arenoso","La Garza","El Cachimbo (San Andrés)"
"Cibao Nordeste","Duarte","Arenoso","La Garza","El Jobo"
"Cibao Nordeste","Duarte","Arenoso","La Garza","El Mango"
"Cibao Nordeste","Duarte","Arenoso","La Garza","La Cebolla"
"Cibao Nordeste","Duarte","Arenoso","La Garza","La Garza"
"Cibao Nordeste","Duarte","Arenoso","La Garza","La Playa"
"Cibao Nordeste","Duarte","Arenoso","La Garza","La Raya o El Mango"
"Cibao Nordeste","Duarte","Arenoso","La Garza","Morro Sucio"
"Cibao Nordeste","Duarte","Arenoso","El Aguacate","El Aguacate"
"Cibao Nordeste","Duarte","Arenoso","El Aguacate","Caño Abajo"
"Cibao Nordeste","Duarte","Arenoso","El Aguacate","El Aguacate"
"Cibao Nordeste","Duarte","Arenoso","El Aguacate","Las Matas"
"Cibao Nordeste","Duarte","Arenoso","Yabacoa","El Firme"
"Cibao Nordeste","Duarte","Arenoso","Yabacoa","La Manga"
"Cibao Nordeste","Duarte","Arenoso","Yabacoa","Rabo de Chivo"
"Cibao Nordeste","Duarte","Arenoso","Yabacoa","Yabacoa"
"Cibao Nordeste","Duarte","Arenoso","Ciénaga Vieja","Ciénaga Vieja"
"Cibao Nordeste","Duarte","Arenoso","Ciénaga Vieja","Cuba"
"Cibao Nordeste","Duarte","Arenoso","Ciénaga Vieja","Los Chichones"
"Cibao Nordeste","Duarte","Arenoso","Ciénaga Vieja","Sabaneta"
"Cibao Nordeste","Duarte","Arenoso","Los Haitiles","La Mina"
"Cibao Nordeste","Duarte","Arenoso","Los Haitiles","Los Haitiles"
"Cibao Nordeste","Duarte","Arenoso","Los Haitiles","Pescadero"
"Cibao Nordeste","Duarte","Castillo","Castillo","Centro del Pueblo"
"Cibao Nordeste","Duarte","Castillo","Castillo","La Mora o Nigua Abajo"
"Cibao Nordeste","Duarte","Castillo","Castillo","Puerto Rico"
"Cibao Nordeste","Duarte","Castillo","Jina Clara","Cuesta Blanca"
"Cibao Nordeste","Duarte","Castillo","Jina Clara","El Firme de los Cafeses"
"Cibao Nordeste","Duarte","Castillo","Jina Clara","El Mogote"
"Cibao Nordeste","Duarte","Castillo","Jina Clara","Firme de Jina Clara"
"Cibao Nordeste","Duarte","Castillo","Jina Clara","Jina Clara"
"Cibao Nordeste","Duarte","Castillo","Jina Clara","Las Piedras"
"Cibao Nordeste","Duarte","Castillo","Jina Clara","Los Cafeses"
"Cibao Nordeste","Duarte","Castillo","Juana Díaz","El Firme de los Cafeses"
"Cibao Nordeste","Duarte","Castillo","Juana Díaz","El Tablón"
"Cibao Nordeste","Duarte","Castillo","Juana Díaz","Jiménez"
"Cibao Nordeste","Duarte","Castillo","Juana Díaz","Juana Díaz Abajo"
"Cibao Nordeste","Duarte","Castillo","Juana Díaz","Juana Díaz Arriba"
"Cibao Nordeste","Duarte","Castillo","Juana Díaz","La Lometa"
"Cibao Nordeste","Duarte","Castillo","Juana Díaz","La Mora o Nigua Abajo"
"Cibao Nordeste","Duarte","Castillo","Juana Díaz","La Zarza"
"Cibao Nordeste","Duarte","Castillo","Juana Díaz","Los Guaraguaos"
"Cibao Nordeste","Duarte","Castillo","Juana Díaz","Nigua Abajo"
"Cibao Nordeste","Duarte","Castillo","Los Cachones","El Rucio Abajo"
"Cibao Nordeste","Duarte","Castillo","Los Cachones","El Rucio de los Cachones"
"Cibao Nordeste","Duarte","Castillo","Los Cachones","Los Cachones"
"Cibao Nordeste","Duarte","Castillo","Los Cachones","Los Cachones Arriba (Cachones Adentro)"
"Cibao Nordeste","Duarte","Castillo","Los Cachones","Los Callejones"
"Cibao Nordeste","Duarte","Castillo","Los Cachones","Los Saladillos (El Saladillo)"
"Cibao Nordeste","Duarte","Castillo","Los Lanos","Cruce de Los Lanos"
"Cibao Nordeste","Duarte","Castillo","Los Lanos","Cruce de Magua"
"Cibao Nordeste","Duarte","Castillo","Los Lanos","El Rucio de Los Lanos"
"Cibao Nordeste","Duarte","Castillo","Los Lanos","La Ceibita"
"Cibao Nordeste","Duarte","Castillo","Los Lanos","La Jagüita"
"Cibao Nordeste","Duarte","Castillo","Los Lanos","Loma Vieja"
"Cibao Nordeste","Duarte","Castillo","Los Lanos","Los Lanos"
"Cibao Nordeste","Duarte","Castillo","Los Lanos","Los Naranjos"
"Cibao Nordeste","Duarte","Castillo","Los Lanos","Quebrada de Pablo"
"Cibao Nordeste","Duarte","Castillo","Rincón Hondo","El Alto"
"Cibao Nordeste","Duarte","Castillo","Rincón Hondo","El Firme"
"Cibao Nordeste","Duarte","Castillo","Rincón Hondo","La Guazarita (Campeche Arriba de Castillo)"
"Cibao Nordeste","Duarte","Castillo","Rincón Hondo","La Jagua"
"Cibao Nordeste","Duarte","Castillo","Rincón Hondo","Las Berenjenas"
"Cibao Nordeste","Duarte","Castillo","Rincón Hondo","Las Caobas Abajo"
"Cibao Nordeste","Duarte","Castillo","Rincón Hondo","Las Caobas Arriba"
"Cibao Nordeste","Duarte","Castillo","Rincón Hondo","Las Piedritas"
"Cibao Nordeste","Duarte","Castillo","Rincón Hondo","Rincón Hondo"
"Cibao Nordeste","Duarte","Castillo","Yaiba Abajo","Curazao"
"Cibao Nordeste","Duarte","Castillo","Yaiba Abajo","La Garata"
"Cibao Nordeste","Duarte","Castillo","Yaiba Abajo","La Joya"
"Cibao Nordeste","Duarte","Castillo","Yaiba Abajo","Los Palmaritos"
"Cibao Nordeste","Duarte","Castillo","Yaiba Abajo","Majagual"
"Cibao Nordeste","Duarte","Castillo","Yaiba Abajo","Pueblo Nuevo"
"Cibao Nordeste","Duarte","Castillo","Yaiba Abajo","Yaiba Abajo"
"Cibao Nordeste","Duarte","Castillo","Yaiba Abajo","Yaiba Arriba"
"Cibao Nordeste","Duarte","Castillo","Yaiba Abajo","Yaiba o Rincón de Yaiba"
"Cibao Nordeste","Duarte","Castillo","Yaiba Abajo","Yanabo Abajo"
"Cibao Nordeste","Duarte","Castillo","Yaiba Abajo","Yanabo Arriba"
"Cibao Nordeste","Duarte","Eugenio María de Hostos","Eugenio María de Hostos","Centro del Pueblo"
"Cibao Nordeste","Duarte","Eugenio María de Hostos","Eugenio María de Hostos","David"
"Cibao Nordeste","Duarte","Eugenio María de Hostos","Eugenio María de Hostos","El 4"
"Cibao Nordeste","Duarte","Eugenio María de Hostos","Eugenio María de Hostos","El Jarol"
"Cibao Nordeste","Duarte","Eugenio María de Hostos","Eugenio María de Hostos","El Play"
"Cibao Nordeste","Duarte","Eugenio María de Hostos","Eugenio María de Hostos","La Gina"
"Cibao Nordeste","Duarte","Eugenio María de Hostos","Eugenio María de Hostos","La Yuca"
"Cibao Nordeste","Duarte","Eugenio María de Hostos","Eugenio María de Hostos","Los Guandules"
"Cibao Nordeste","Duarte","Eugenio María de Hostos","Acicate","Acicate"
"Cibao Nordeste","Duarte","Eugenio María de Hostos","Acicate","Acicate Adentro"
"Cibao Nordeste","Duarte","Eugenio María de Hostos","Acicate","Juana Díaz Abajo"
"Cibao Nordeste","Duarte","Eugenio María de Hostos","Acicate","Río Yuna"
"Cibao Nordeste","Duarte","Eugenio María de Hostos","Acicate","Sabana de la Ceiba"
"Cibao Nordeste","Duarte","Eugenio María de Hostos","Cerrejón","Atoro"
"Cibao Nordeste","Duarte","Eugenio María de Hostos","Cerrejón","Cerrejón"
"Cibao Nordeste","Duarte","Eugenio María de Hostos","La Isleta","Cien Tareas"
"Cibao Nordeste","Duarte","Eugenio María de Hostos","La Isleta","Cruce de los Javieles"
"Cibao Nordeste","Duarte","Eugenio María de Hostos","La Isleta","La Isleta"
"Cibao Nordeste","Duarte","Eugenio María de Hostos","Sabana Grande","Sabana Grande o El Caserío"
"Cibao Nordeste","Duarte","Eugenio María de Hostos","Culata Abajo","Boca de Yuca"
"Cibao Nordeste","Duarte","Eugenio María de Hostos","Culata Abajo","La Yuca o Atronca Perro"
"Cibao Nordeste","Duarte","Eugenio María de Hostos","La Culata","La Culata"
"Cibao Nordeste","Duarte","Eugenio María de Hostos","La Culata","La Culata al Medio"
"Cibao Nordeste","Duarte","Eugenio María de Hostos","María Fernández","El Resbalón"
"Cibao Nordeste","Duarte","Eugenio María de Hostos","María Fernández","María Fernández"
"Cibao Nordeste","Duarte","Las Guáranas","Las Guáranas","El Vaticano"
"Cibao Nordeste","Duarte","Las Guáranas","Las Guáranas","Las Guáranas"
"Cibao Nordeste","Duarte","Las Guáranas","Las Guáranas","Los Genao"
"Cibao Nordeste","Duarte","Las Guáranas","Las Guáranas","Pueblo Nuevo"
"Cibao Nordeste","Duarte","Las Guáranas","Las Guáranas","San Juan"
"Cibao Nordeste","Duarte","Las Guáranas","La Enea","El Camú"
"Cibao Nordeste","Duarte","Las Guáranas","La Enea","El Tablón"
"Cibao Nordeste","Duarte","Las Guáranas","La Enea","La Enea"
"Cibao Nordeste","Duarte","Las Guáranas","La Enea","La Gina"
"Cibao Nordeste","Duarte","Las Guáranas","La Enea","La Palmilla"
"Cibao Nordeste","Duarte","Las Guáranas","La Enea","Las Mercedes"
"Cibao Nordeste","Duarte","Las Guáranas","La Enea","Los Memisos"
"Cibao Nordeste","Duarte","Las Guáranas","El Hato","El Hato"
"Cibao Nordeste","Duarte","Las Guáranas","El Hato","El Limón"
"Cibao Nordeste","Duarte","Las Guáranas","El Hato","Honduras"
"Cibao Nordeste","Duarte","Las Guáranas","El Hato","Serrano"
"Cibao Nordeste","Duarte","Las Guáranas","Rincón de los Genao","Guamacage (Papayo)"
"Cibao Nordeste","Duarte","Las Guáranas","Rincón de los Genao","Rincón de los Genao"
"Cibao Nordeste","Duarte","Las Guáranas","Los Rivera","Cuca"
"Cibao Nordeste","Duarte","Las Guáranas","Los Rivera","La Rivera"
"Cibao Nordeste","Duarte","Las Guáranas","Los Rivera","Los Rivera o Altagracia"
"Cibao Nordeste","Duarte","Pimentel","Pimentel","Canta Maco"
"Cibao Nordeste","Duarte","Pimentel","Pimentel","Cementerio o Cristo Rey"
"Cibao Nordeste","Duarte","Pimentel","Pimentel","Centro del Pueblo"
"Cibao Nordeste","Duarte","Pimentel","Pimentel","El Centro (Alegre)"
"Cibao Nordeste","Duarte","Pimentel","Pimentel","El Play"
"Cibao Nordeste","Duarte","Pimentel","Pimentel","La Estancia"
"Cibao Nordeste","Duarte","Pimentel","Pimentel","La Jabilla"
"Cibao Nordeste","Duarte","Pimentel","Pimentel","Los Molondrones"
"Cibao Nordeste","Duarte","Pimentel","Buena Vista","Buena Vista"
"Cibao Nordeste","Duarte","Pimentel","Buena Vista","Catalina"
"Cibao Nordeste","Duarte","Pimentel","Buena Vista","Guanábano"
"Cibao Nordeste","Duarte","Pimentel","Buena Vista","La Jagua"
"Cibao Nordeste","Duarte","Pimentel","Caobete","Caobete"
"Cibao Nordeste","Duarte","Pimentel","Caobete","Caobete Arriba"
"Cibao Nordeste","Duarte","Pimentel","Caobete","Los Limones"
"Cibao Nordeste","Duarte","Pimentel","Caobete","Rincón Martín"
"Cibao Nordeste","Duarte","Pimentel","Caobete","Rinconazo"
"Cibao Nordeste","Duarte","Pimentel","Cuaba Abajo","Campeche Abajo"
"Cibao Nordeste","Duarte","Pimentel","Cuaba Abajo","Campeche Arriba"
"Cibao Nordeste","Duarte","Pimentel","Cuaba Abajo","Casa de Alto"
"Cibao Nordeste","Duarte","Pimentel","Cuaba Abajo","Cuaba Abajo"
"Cibao Nordeste","Duarte","Pimentel","Cuaba Abajo","El Puente de Camú"
"Cibao Nordeste","Duarte","Pimentel","Cuaba Abajo","La Barca"
"Cibao Nordeste","Duarte","Pimentel","Cuaba Abajo","La Chancleta"
"Cibao Nordeste","Duarte","Pimentel","Cuaba Abajo","La Estancia"
"Cibao Nordeste","Duarte","Pimentel","Cuaba Abajo","La Excavación"
"Cibao Nordeste","Duarte","Pimentel","Cuaba Abajo","La Gina"
"Cibao Nordeste","Duarte","Pimentel","Cuaba Abajo","Matuán Abajo"
"Cibao Nordeste","Duarte","Pimentel","San Felipe Arriba","Alto de Caimito"
"Cibao Nordeste","Duarte","Pimentel","San Felipe Arriba","La Berraza"
"Cibao Nordeste","Duarte","Pimentel","San Felipe Arriba","La Galana"
"Cibao Nordeste","Duarte","Pimentel","San Felipe Arriba","Los Callejones"
"Cibao Nordeste","Duarte","Pimentel","San Felipe Arriba","Quebrada de los Patos"
"Cibao Nordeste","Duarte","Pimentel","San Felipe Arriba","San Felipe Abajo"
"Cibao Nordeste","Duarte","Pimentel","San Felipe Arriba","San Felipe Arriba"
"Cibao Nordeste","Duarte","San Francisco de Macorís","San Francisco de Macorís","24 de Abril"
"Cibao Nordeste","Duarte","San Francisco de Macorís","San Francisco de Macorís","27 de Febrero"
"Cibao Nordeste","Duarte","San Francisco de Macorís","San Francisco de Macorís","Bijao Afuera"
"Cibao Nordeste","Duarte","San Francisco de Macorís","San Francisco de Macorís","Centro de la Ciudad"
"Cibao Nordeste","Duarte","San Francisco de Macorís","San Francisco de Macorís","Cristo Rey"
"Cibao Nordeste","Duarte","San Francisco de Macorís","San Francisco de Macorís","Cruce de Mirabel"
"Cibao Nordeste","Duarte","San Francisco de Macorís","San Francisco de Macorís","Duarte"
"Cibao Nordeste","Duarte","San Francisco de Macorís","San Francisco de Macorís","El Capacito"
"Cibao Nordeste","Duarte","San Francisco de Macorís","San Francisco de Macorís","El Ciruelillo"
"Cibao Nordeste","Duarte","San Francisco de Macorís","San Francisco de Macorís","El Hormiguero"
"Cibao Nordeste","Duarte","San Francisco de Macorís","San Francisco de Macorís","Ensanche Abreu"
"Cibao Nordeste","Duarte","San Francisco de Macorís","San Francisco de Macorís","Ensanche Águila"
"Cibao Nordeste","Duarte","San Francisco de Macorís","San Francisco de Macorís","Ensanche Getsemaní"
"Cibao Nordeste","Duarte","San Francisco de Macorís","San Francisco de Macorís","Ensanche Madrigal"
"Cibao Nordeste","Duarte","San Francisco de Macorís","San Francisco de Macorís","Ensanche San Martín de Porres"
"Cibao Nordeste","Duarte","San Francisco de Macorís","San Francisco de Macorís","Ensanche Weber"
"Cibao Nordeste","Duarte","San Francisco de Macorís","San Francisco de Macorís","Ercilia Pepín"
"Cibao Nordeste","Duarte","San Francisco de Macorís","San Francisco de Macorís","Félix Taveras"
"Cibao Nordeste","Duarte","San Francisco de Macorís","San Francisco de Macorís","Figueroa"
"Cibao Nordeste","Duarte","San Francisco de Macorís","San Francisco de Macorís","Gallinero"
"Cibao Nordeste","Duarte","San Francisco de Macorís","San Francisco de Macorís","Grullón Primera Etapa"
"Cibao Nordeste","Duarte","San Francisco de Macorís","San Francisco de Macorís","Guzmán"
"Cibao Nordeste","Duarte","San Francisco de Macorís","San Francisco de Macorís","Hermanas Mirabal"
"Cibao Nordeste","Duarte","San Francisco de Macorís","San Francisco de Macorís","Jobo Bonito"
"Cibao Nordeste","Duarte","San Francisco de Macorís","San Francisco de Macorís","La Altagracia"
"Cibao Nordeste","Duarte","San Francisco de Macorís","San Francisco de Macorís","La Caoba"
"Cibao Nordeste","Duarte","San Francisco de Macorís","San Francisco de Macorís","La Espínola I"
"Cibao Nordeste","Duarte","San Francisco de Macorís","San Francisco de Macorís","La Espínola II"
"Cibao Nordeste","Duarte","San Francisco de Macorís","San Francisco de Macorís","La Espínola III"
"Cibao Nordeste","Duarte","San Francisco de Macorís","San Francisco de Macorís","La Madeja"
"Cibao Nordeste","Duarte","San Francisco de Macorís","San Francisco de Macorís","La Piña I"
"Cibao Nordeste","Duarte","San Francisco de Macorís","San Francisco de Macorís","La Sirena o La Penda"
"Cibao Nordeste","Duarte","San Francisco de Macorís","San Francisco de Macorís","Las Cejas"
"Cibao Nordeste","Duarte","San Francisco de Macorís","San Francisco de Macorís","Las Colinas"
"Cibao Nordeste","Duarte","San Francisco de Macorís","San Francisco de Macorís","Las Flores"
"Cibao Nordeste","Duarte","San Francisco de Macorís","San Francisco de Macorís","Los Chiripos"
"Cibao Nordeste","Duarte","San Francisco de Macorís","San Francisco de Macorís","Los Jardines"
"Cibao Nordeste","Duarte","San Francisco de Macorís","San Francisco de Macorís","Los Rieles"
"Cibao Nordeste","Duarte","San Francisco de Macorís","San Francisco de Macorís","Mata Larga"
"Cibao Nordeste","Duarte","San Francisco de Macorís","San Francisco de Macorís","Pisa Costura (Puerto Rico)"
"Cibao Nordeste","Duarte","San Francisco de Macorís","San Francisco de Macorís","Pueblo Nuevo"
"Cibao Nordeste","Duarte","San Francisco de Macorís","San Francisco de Macorís","Residencial Ensueño"
"Cibao Nordeste","Duarte","San Francisco de Macorís","San Francisco de Macorís","Ribera del Jaya"
"Cibao Nordeste","Duarte","San Francisco de Macorís","San Francisco de Macorís","San Pedro"
"Cibao Nordeste","Duarte","San Francisco de Macorís","San Francisco de Macorís","San Vicente de Paul"
"Cibao Nordeste","Duarte","San Francisco de Macorís","San Francisco de Macorís","Santa Ana"
"Cibao Nordeste","Duarte","San Francisco de Macorís","San Francisco de Macorís","Santa Lucía"
"Cibao Nordeste","Duarte","San Francisco de Macorís","San Francisco de Macorís","Tubagua"
"Cibao Nordeste","Duarte","San Francisco de Macorís","San Francisco de Macorís","Ugamba"
"Cibao Nordeste","Duarte","San Francisco de Macorís","San Francisco de Macorís","Urbanización Abreu"
"Cibao Nordeste","Duarte","San Francisco de Macorís","San Francisco de Macorís","Urbanización Almánzar"
"Cibao Nordeste","Duarte","San Francisco de Macorís","San Francisco de Macorís","Urbanización Álvarez"
"Cibao Nordeste","Duarte","San Francisco de Macorís","San Francisco de Macorís","Urbanización Andújar"
"Cibao Nordeste","Duarte","San Francisco de Macorís","San Francisco de Macorís","Urbanización Brisas de la Pradera II"
"Cibao Nordeste","Duarte","San Francisco de Macorís","San Francisco de Macorís","Urbanización Brugal"
"Cibao Nordeste","Duarte","San Francisco de Macorís","San Francisco de Macorís","Urbanización Camilo"
"Cibao Nordeste","Duarte","San Francisco de Macorís","San Francisco de Macorís","Urbanización Campo Fernández I y II"
"Cibao Nordeste","Duarte","San Francisco de Macorís","San Francisco de Macorís","Urbanización Carmen Añil Bonó"
"Cibao Nordeste","Duarte","San Francisco de Macorís","San Francisco de Macorís","Urbanización Cordero Tejada"
"Cibao Nordeste","Duarte","San Francisco de Macorís","San Francisco de Macorís","Urbanización El Dorado"
"Cibao Nordeste","Duarte","San Francisco de Macorís","San Francisco de Macorís","Urbanización El Silencio"
"Cibao Nordeste","Duarte","San Francisco de Macorís","San Francisco de Macorís","Urbanización El Tejar"
"Cibao Nordeste","Duarte","San Francisco de Macorís","San Francisco de Macorís","Urbanización Fernández"
"Cibao Nordeste","Duarte","San Francisco de Macorís","San Francisco de Macorís","Urbanización Jennifer"
"Cibao Nordeste","Duarte","San Francisco de Macorís","San Francisco de Macorís","Urbanización La Caperuza"
"Cibao Nordeste","Duarte","San Francisco de Macorís","San Francisco de Macorís","Urbanización La Fortuna"
"Cibao Nordeste","Duarte","San Francisco de Macorís","San Francisco de Macorís","Urbanización Las Palmas"
"Cibao Nordeste","Duarte","San Francisco de Macorís","San Francisco de Macorís","Urbanización María Fernández"
"Cibao Nordeste","Duarte","San Francisco de Macorís","San Francisco de Macorís","Urbanización Mario Fernández"
"Cibao Nordeste","Duarte","San Francisco de Macorís","San Francisco de Macorís","Urbanización Mirador del Sur"
"Cibao Nordeste","Duarte","San Francisco de Macorís","San Francisco de Macorís","Urbanización Neftalí"
"Cibao Nordeste","Duarte","San Francisco de Macorís","San Francisco de Macorís","Urbanización Neftalí III"
"Cibao Nordeste","Duarte","San Francisco de Macorís","San Francisco de Macorís","Urbanización Nuevo San Francisco"
"Cibao Nordeste","Duarte","San Francisco de Macorís","San Francisco de Macorís","Urbanización Paseo del Río"
"Cibao Nordeste","Duarte","San Francisco de Macorís","San Francisco de Macorís","Urbanización Ribera del Jaya"
"Cibao Nordeste","Duarte","San Francisco de Macorís","San Francisco de Macorís","Urbanización Terranova"
"Cibao Nordeste","Duarte","San Francisco de Macorís","San Francisco de Macorís","Urbanización Toribio Camilo"
"Cibao Nordeste","Duarte","San Francisco de Macorís","San Francisco de Macorís","Urbanización Toribio Piantini"
"Cibao Nordeste","Duarte","San Francisco de Macorís","San Francisco de Macorís","Urbanización Villa Palma"
"Cibao Nordeste","Duarte","San Francisco de Macorís","San Francisco de Macorís","Villa Olímpica"
"Cibao Nordeste","Duarte","San Francisco de Macorís","San Francisco de Macorís","Vista Bella"
"Cibao Nordeste","Duarte","San Francisco de Macorís","San Francisco de Macorís","Vista del Valle"
"Cibao Nordeste","Duarte","San Francisco de Macorís","Colón","Bijao"
"Cibao Nordeste","Duarte","San Francisco de Macorís","Colón","Hatillo"
"Cibao Nordeste","Duarte","San Francisco de Macorís","Colón","La Sequía"
"Cibao Nordeste","Duarte","San Francisco de Macorís","Colón","Mojín"
"Cibao Nordeste","Duarte","San Francisco de Macorís","Colón","Noná"
"Cibao Nordeste","Duarte","San Francisco de Macorís","Colón","Rancho Arriba"
"Cibao Nordeste","Duarte","San Francisco de Macorís","Güiza","El Limón"
"Cibao Nordeste","Duarte","San Francisco de Macorís","Güiza","Estanzuela Abajo"
"Cibao Nordeste","Duarte","San Francisco de Macorís","Güiza","Estanzuela Arriba"
"Cibao Nordeste","Duarte","San Francisco de Macorís","Güiza","Factor"
"Cibao Nordeste","Duarte","San Francisco de Macorís","Güiza","Güiza"
"Cibao Nordeste","Duarte","San Francisco de Macorís","Güiza","La Penda"
"Cibao Nordeste","Duarte","San Francisco de Macorís","Güiza","La Piedra"
"Cibao Nordeste","Duarte","San Francisco de Macorís","Güiza","Llave"
"Cibao Nordeste","Duarte","San Francisco de Macorís","Güiza","Loma El Medio"
"Cibao Nordeste","Duarte","San Francisco de Macorís","Güiza","Los Cerros"
"Cibao Nordeste","Duarte","San Francisco de Macorís","Güiza","Santa Lucía"
"Cibao Nordeste","Duarte","San Francisco de Macorís","La Joya","Arbolines"
"Cibao Nordeste","Duarte","San Francisco de Macorís","La Joya","Bijao"
"Cibao Nordeste","Duarte","San Francisco de Macorís","La Joya","El Cigual"
"Cibao Nordeste","Duarte","San Francisco de Macorís","La Joya","El Espino"
"Cibao Nordeste","Duarte","San Francisco de Macorís","La Joya","El Mate (Loma El Mate)"
"Cibao Nordeste","Duarte","San Francisco de Macorís","La Joya","La Guazumita"
"Cibao Nordeste","Duarte","San Francisco de Macorís","La Joya","La Joya"
"Cibao Nordeste","Duarte","San Francisco de Macorís","La Joya","La Joya Arriba"
"Cibao Nordeste","Duarte","San Francisco de Macorís","La Joya","La Lima"
"Cibao Nordeste","Duarte","San Francisco de Macorís","La Joya","Las Pajas"
"Cibao Nordeste","Duarte","San Francisco de Macorís","La Joya","Loma de la Joya (Loma de los Paulino)"
"Cibao Nordeste","Duarte","San Francisco de Macorís","La Joya","Los Cadillos"
"Cibao Nordeste","Duarte","San Francisco de Macorís","La Joya","Los Liones"
"Cibao Nordeste","Duarte","San Francisco de Macorís","La Joya","Río Frío"
"Cibao Nordeste","Duarte","San Francisco de Macorís","Los Bejucos","Casa de Alto"
"Cibao Nordeste","Duarte","San Francisco de Macorís","Los Bejucos","El Aguacate"
"Cibao Nordeste","Duarte","San Francisco de Macorís","Los Bejucos","El Cercado (La Lila)"
"Cibao Nordeste","Duarte","San Francisco de Macorís","Los Bejucos","El Concreto (Los Hidalgos)"
"Cibao Nordeste","Duarte","San Francisco de Macorís","Los Bejucos","El Jigüero (Higüero)"
"Cibao Nordeste","Duarte","San Francisco de Macorís","Los Bejucos","Eslabones"
"Cibao Nordeste","Duarte","San Francisco de Macorís","Los Bejucos","La Lomita de la Yagüiza"
"Cibao Nordeste","Duarte","San Francisco de Macorís","Los Bejucos","La Lomita de los Salazár"
"Cibao Nordeste","Duarte","San Francisco de Macorís","Los Bejucos","La Sabana"
"Cibao Nordeste","Duarte","San Francisco de Macorís","Los Bejucos","La Yagüiza Abajo (La Piragua)"
"Cibao Nordeste","Duarte","San Francisco de Macorís","Los Bejucos","La Yagüiza Afuera"
"Cibao Nordeste","Duarte","San Francisco de Macorís","Los Bejucos","La Yagüiza Central"
"Cibao Nordeste","Duarte","San Francisco de Macorís","Los Bejucos","La Zolapa (Solapa)"
"Cibao Nordeste","Duarte","San Francisco de Macorís","Los Bejucos","Loma de Agua"
"Cibao Nordeste","Duarte","San Francisco de Macorís","Los Bejucos","Loma del Muerto"
"Cibao Nordeste","Duarte","San Francisco de Macorís","Los Bejucos","Los Algodones"
"Cibao Nordeste","Duarte","San Francisco de Macorís","Los Bejucos","Los Ancones"
"Cibao Nordeste","Duarte","San Francisco de Macorís","Los Bejucos","Los Bejucos"
"Cibao Nordeste","Duarte","San Francisco de Macorís","Los Bejucos","Los Cacaos"
"Cibao Nordeste","Duarte","San Francisco de Macorís","Los Bejucos","Los Farallones"
"Cibao Nordeste","Duarte","San Francisco de Macorís","Los Bejucos","Palma Herrada"
"Cibao Nordeste","Duarte","San Francisco de Macorís","Los Bejucos","Río Arriba (Rancho Arriba)"
"Cibao Nordeste","Duarte","San Francisco de Macorís","Los Bejucos","Santa Fe"
"Cibao Nordeste","Duarte","San Francisco de Macorís","Los Bejucos","Tumba Burros (Loma Turrón)"
"Cibao Nordeste","Duarte","San Francisco de Macorís","Las Guázumas","El Aguacate Adentro"
"Cibao Nordeste","Duarte","San Francisco de Macorís","Las Guázumas","El Aguacate Afuera"
"Cibao Nordeste","Duarte","San Francisco de Macorís","Las Guázumas","El Corozo"
"Cibao Nordeste","Duarte","San Francisco de Macorís","Las Guázumas","La Madeja"
"Cibao Nordeste","Duarte","San Francisco de Macorís","Las Guázumas","Las Guázumas"
"Cibao Nordeste","Duarte","San Francisco de Macorís","Las Guázumas","Loma de los Bonilla"
"Cibao Nordeste","Duarte","San Francisco de Macorís","Las Guázumas","Los Arroyos"
"Cibao Nordeste","Duarte","San Francisco de Macorís","La Malena","Aguacate"
"Cibao Nordeste","Duarte","San Francisco de Macorís","La Malena","Alto de López"
"Cibao Nordeste","Duarte","San Francisco de Macorís","La Malena","Altos de los Naranjos"
"Cibao Nordeste","Duarte","San Francisco de Macorís","La Malena","Arroyo Bonito"
"Cibao Nordeste","Duarte","San Francisco de Macorís","La Malena","Arroyo El Toro"
"Cibao Nordeste","Duarte","San Francisco de Macorís","La Malena","Atabalero Abajo"
"Cibao Nordeste","Duarte","San Francisco de Macorís","La Malena","Blanco"
"Cibao Nordeste","Duarte","San Francisco de Macorís","La Malena","Buena Vista"
"Cibao Nordeste","Duarte","San Francisco de Macorís","La Malena","Cañete"
"Cibao Nordeste","Duarte","San Francisco de Macorís","La Malena","Catey"
"Cibao Nordeste","Duarte","San Francisco de Macorís","La Malena","Ceibita"
"Cibao Nordeste","Duarte","San Francisco de Macorís","La Malena","Cruce de Los Basilio"
"Cibao Nordeste","Duarte","San Francisco de Macorís","La Malena","Cruce de los Betances"
"Cibao Nordeste","Duarte","San Francisco de Macorís","La Malena","Cuesta Abajo"
"Cibao Nordeste","Duarte","San Francisco de Macorís","La Malena","El Guineal"
"Cibao Nordeste","Duarte","San Francisco de Macorís","La Malena","Gajo la Yuca"
"Cibao Nordeste","Duarte","San Francisco de Macorís","La Malena","Gajo Malo"
"Cibao Nordeste","Duarte","San Francisco de Macorís","La Malena","Guabina"
"Cibao Nordeste","Duarte","San Francisco de Macorís","La Malena","Jurungo"
"Cibao Nordeste","Duarte","San Francisco de Macorís","La Malena","La Auyama"
"Cibao Nordeste","Duarte","San Francisco de Macorís","La Malena","La Bestia de Atabalero"
"Cibao Nordeste","Duarte","San Francisco de Macorís","La Malena","La Bestia de La Malena"
"Cibao Nordeste","Duarte","San Francisco de Macorís","La Malena","La Cigua"
"Cibao Nordeste","Duarte","San Francisco de Macorís","La Malena","La Culata"
"Cibao Nordeste","Duarte","San Francisco de Macorís","La Malena","La Malena o Cruce de La Malena"
"Cibao Nordeste","Duarte","San Francisco de Macorís","La Malena","La Manacla"
"Cibao Nordeste","Duarte","San Francisco de Macorís","La Malena","La Trocha"
"Cibao Nordeste","Duarte","San Francisco de Macorís","La Malena","La Vereda"
"Cibao Nordeste","Duarte","San Francisco de Macorís","La Malena","Las Sabinas"
"Cibao Nordeste","Duarte","San Francisco de Macorís","La Malena","Los Cinco"
"Cibao Nordeste","Duarte","San Francisco de Macorís","La Malena","Los Palitos"
"Cibao Nordeste","Duarte","San Francisco de Macorís","La Malena","Lucas"
"Cibao Nordeste","Duarte","San Francisco de Macorís","La Malena","Mil Tareas de Atabalero"
"Cibao Nordeste","Duarte","San Francisco de Macorís","La Malena","Santa Fe"
"Cibao Nordeste","Duarte","San Francisco de Macorís","La Malena","Venus"
"Cibao Nordeste","Duarte","San Francisco de Macorís","La Malena","Zumbadora"
"Cibao Nordeste","Duarte","San Francisco de Macorís","La Peña","Canta la Rana"
"Cibao Nordeste","Duarte","San Francisco de Macorís","La Peña","La Peña"
"Cibao Nordeste","Duarte","San Francisco de Macorís","La Peña","La Peña Abajo"
"Cibao Nordeste","Duarte","San Francisco de Macorís","La Peña","Proyecto Los Núñez"
"Cibao Nordeste","Duarte","San Francisco de Macorís","La Bajada","Boba"
"Cibao Nordeste","Duarte","San Francisco de Macorís","La Bajada","Brazo Grande"
"Cibao Nordeste","Duarte","San Francisco de Macorís","La Bajada","Chinguelo"
"Cibao Nordeste","Duarte","San Francisco de Macorís","La Bajada","El Burro"
"Cibao Nordeste","Duarte","San Francisco de Macorís","La Bajada","El Caracol"
"Cibao Nordeste","Duarte","San Francisco de Macorís","La Bajada","El Catey"
"Cibao Nordeste","Duarte","San Francisco de Macorís","La Bajada","El Ingenio"
"Cibao Nordeste","Duarte","San Francisco de Macorís","La Bajada","El Limón"
"Cibao Nordeste","Duarte","San Francisco de Macorís","La Bajada","El Sitio"
"Cibao Nordeste","Duarte","San Francisco de Macorís","La Bajada","Guayuyo Adentro"
"Cibao Nordeste","Duarte","San Francisco de Macorís","La Bajada","Guayuyo Afuera"
"Cibao Nordeste","Duarte","San Francisco de Macorís","La Bajada","La Bajada"
"Cibao Nordeste","Duarte","San Francisco de Macorís","La Bajada","La Ceniza"
"Cibao Nordeste","Duarte","San Francisco de Macorís","La Bajada","La Guazarita"
"Cibao Nordeste","Duarte","San Francisco de Macorís","La Bajada","Los Caimiticos"
"Cibao Nordeste","Duarte","San Francisco de Macorís","La Bajada","Los Mates"
"Cibao Nordeste","Duarte","San Francisco de Macorís","La Bajada","Los Pomos"
"Cibao Nordeste","Duarte","San Francisco de Macorís","La Bajada","Los Pontones Abajo"
"Cibao Nordeste","Duarte","San Francisco de Macorís","La Bajada","Los Pontones Arriba"
"Cibao Nordeste","Duarte","San Francisco de Macorís","La Bajada","Palmarito"
"Cibao Nordeste","Duarte","San Francisco de Macorís","La Bajada","Palo Verde"
"Cibao Nordeste","Duarte","San Francisco de Macorís","La Bajada","Piedra Blanca"
"Cibao Nordeste","Duarte","San Francisco de Macorís","La Bajada","Río Arriba"
"Cibao Nordeste","Duarte","San Francisco de Macorís","Demajagual","Demajagual Abajo"
"Cibao Nordeste","Duarte","San Francisco de Macorís","Demajagual","Demajagual Arriba"
"Cibao Nordeste","Duarte","San Francisco de Macorís","Demajagual","El Llano"
"Cibao Nordeste","Duarte","San Francisco de Macorís","Demajagual","La Garza"
"Cibao Nordeste","Duarte","San Francisco de Macorís","Demajagual","La Vereda del Demajagual"
"Cibao Nordeste","Duarte","San Francisco de Macorís","Demajagual","Palmarito"
"Cibao Nordeste","Duarte","San Francisco de Macorís","Dichoso","Dichoso Abajo"
"Cibao Nordeste","Duarte","San Francisco de Macorís","Dichoso","Dichoso Arriba"
"Cibao Nordeste","Duarte","San Francisco de Macorís","Dichoso","La Vereda de Dichoso"
"Cibao Nordeste","Duarte","San Francisco de Macorís","Dichoso","Los Barros"
"Cibao Nordeste","Duarte","San Francisco de Macorís","Laguna de Coto","Coto Abajo"
"Cibao Nordeste","Duarte","San Francisco de Macorís","Laguna de Coto","Coto al Medio (Rincón de Coto)"
"Cibao Nordeste","Duarte","San Francisco de Macorís","Laguna de Coto","Coto Arriba"
"Cibao Nordeste","Duarte","San Francisco de Macorís","Laguna de Coto","Laguna Abajo"
"Cibao Nordeste","Duarte","San Francisco de Macorís","Laguna de Coto","Laguna al Medio (Laguna de Coto)"
"Cibao Nordeste","Duarte","San Francisco de Macorís","Laguna de Coto","Los Palos"
"Cibao Nordeste","Duarte","San Francisco de Macorís","La Mesa","Callejón de los Mejía"
"Cibao Nordeste","Duarte","San Francisco de Macorís","La Mesa","Chaviscal"
"Cibao Nordeste","Duarte","San Francisco de Macorís","La Mesa","Chucho Vásquez"
"Cibao Nordeste","Duarte","San Francisco de Macorís","La Mesa","La Mesa"
"Cibao Nordeste","Duarte","San Francisco de Macorís","La Mesa","Las Caobas"
"Cibao Nordeste","Duarte","San Francisco de Macorís","Patao","El Calabazo"
"Cibao Nordeste","Duarte","San Francisco de Macorís","Patao","Hatillo (Jatillo)"
"Cibao Nordeste","Duarte","San Francisco de Macorís","Patao","Las Cabuyas"
"Cibao Nordeste","Duarte","San Francisco de Macorís","Patao","Loma de Almacey"
"Cibao Nordeste","Duarte","San Francisco de Macorís","Patao","Patao"
"Cibao Nordeste","Duarte","San Francisco de Macorís","Patao","Pie de Plata"
"Cibao Nordeste","Duarte","San Francisco de Macorís","La Peña","Alto de Cuevas"
"Cibao Nordeste","Duarte","San Francisco de Macorís","La Peña","Alto del Pilón Abajo"
"Cibao Nordeste","Duarte","San Francisco de Macorís","La Peña","Alto del Pilón Arriba"
"Cibao Nordeste","Duarte","San Francisco de Macorís","La Peña","Azlor"
"Cibao Nordeste","Duarte","San Francisco de Macorís","La Peña","Buenos Aires"
"Cibao Nordeste","Duarte","San Francisco de Macorís","La Peña","Cadillar"
"Cibao Nordeste","Duarte","San Francisco de Macorís","La Peña","Casa Vieja"
"Cibao Nordeste","Duarte","San Francisco de Macorís","La Peña","Cuaba"
"Cibao Nordeste","Duarte","San Francisco de Macorís","La Peña","Cuaba Arriba o La Represa"
"Cibao Nordeste","Duarte","San Francisco de Macorís","La Peña","Cuevas"
"Cibao Nordeste","Duarte","San Francisco de Macorís","La Peña","El Cercado"
"Cibao Nordeste","Duarte","San Francisco de Macorís","La Peña","El Jamo"
"Cibao Nordeste","Duarte","San Francisco de Macorís","La Peña","El Mango"
"Cibao Nordeste","Duarte","San Francisco de Macorís","La Peña","El Quemao (Loma del Quemao)"
"Cibao Nordeste","Duarte","San Francisco de Macorís","La Peña","El Valle"
"Cibao Nordeste","Duarte","San Francisco de Macorís","La Peña","Herrera de Cuaba"
"Cibao Nordeste","Duarte","San Francisco de Macorís","La Peña","La Amargura"
"Cibao Nordeste","Duarte","San Francisco de Macorís","La Peña","La Chancleta"
"Cibao Nordeste","Duarte","San Francisco de Macorís","La Peña","La Laguneta"
"Cibao Nordeste","Duarte","San Francisco de Macorís","La Peña","La Lagunita del Quemao"
"Cibao Nordeste","Duarte","San Francisco de Macorís","La Peña","La Pocilga"
"Cibao Nordeste","Duarte","San Francisco de Macorís","La Peña","La Zarza"
"Cibao Nordeste","Duarte","San Francisco de Macorís","La Peña","Limón Dulce"
"Cibao Nordeste","Duarte","San Francisco de Macorís","La Peña","Los Botaos"
"Cibao Nordeste","Duarte","San Francisco de Macorís","La Peña","Los Bracitos"
"Cibao Nordeste","Duarte","San Francisco de Macorís","La Peña","Los Caños"
"Cibao Nordeste","Duarte","San Francisco de Macorís","La Peña","Los Placeres"
"Cibao Nordeste","Duarte","San Francisco de Macorís","La Peña","Los Puentes"
"Cibao Nordeste","Duarte","San Francisco de Macorís","La Peña","Monte Bonito"
"Cibao Nordeste","Duarte","San Francisco de Macorís","La Peña","Pie de Plata"
"Cibao Nordeste","Duarte","San Francisco de Macorís","La Peña","Pozo del Jobo"
"Cibao Nordeste","Duarte","San Francisco de Macorís","La Peña","Rincón del Higüero"
"Cibao Nordeste","Duarte","San Francisco de Macorís","La Peña","Tawike"
"Cibao Nordeste","Duarte","San Francisco de Macorís","Pontón","Monte Negro"
"Cibao Nordeste","Duarte","San Francisco de Macorís","Pontón","Pontón"
"Cibao Nordeste","Duarte","San Francisco de Macorís","Ramonal","La Ciénaga"
"Cibao Nordeste","Duarte","San Francisco de Macorís","Ramonal","La Paloma"
"Cibao Nordeste","Duarte","San Francisco de Macorís","Ramonal","Los Espinos"
"Cibao Nordeste","Duarte","San Francisco de Macorís","Ramonal","Los Lirios"
"Cibao Nordeste","Duarte","San Francisco de Macorís","Ramonal","Ramonal Abajo"
"Cibao Nordeste","Duarte","San Francisco de Macorís","Ramonal","Ramonal Arriba"
"Cibao Nordeste","Duarte","San Francisco de Macorís","Cenoví","Cenoví"
"Cibao Nordeste","Duarte","San Francisco de Macorís","Cenoví","Los Rieles"
"Cibao Nordeste","Duarte","San Francisco de Macorís","Bomba de Cenoví","Bandera"
"Cibao Nordeste","Duarte","San Francisco de Macorís","Bomba de Cenoví","El Bobo"
"Cibao Nordeste","Duarte","San Francisco de Macorís","Bomba de Cenoví","El Canal"
"Cibao Nordeste","Duarte","San Francisco de Macorís","Bomba de Cenoví","El Carril"
"Cibao Nordeste","Duarte","San Francisco de Macorís","Bomba de Cenoví","La Amarga"
"Cibao Nordeste","Duarte","San Francisco de Macorís","Bomba de Cenoví","La Berma"
"Cibao Nordeste","Duarte","San Francisco de Macorís","Bomba de Cenoví","La Reforma"
"Cibao Nordeste","Duarte","San Francisco de Macorís","Bomba de Cenoví","Los Arroyos"
"Cibao Nordeste","Duarte","San Francisco de Macorís","Bomba de Cenoví","Los Rieles"
"Cibao Nordeste","Duarte","San Francisco de Macorís","Bomba de Cenoví","Los Rincones"
"Cibao Nordeste","Duarte","San Francisco de Macorís","Bomba de Cenoví","Santa Lucía"
"Cibao Nordeste","Duarte","San Francisco de Macorís","Los Indios","El Chucho de Pey"
"Cibao Nordeste","Duarte","San Francisco de Macorís","Los Indios","El Limpio"
"Cibao Nordeste","Duarte","San Francisco de Macorís","Los Indios","Hoyo Viejo"
"Cibao Nordeste","Duarte","San Francisco de Macorís","Los Indios","Los Indios"
"Cibao Nordeste","Duarte","San Francisco de Macorís","Los Indios","Rosa Alta"
"Cibao Nordeste","Duarte","San Francisco de Macorís","Los Indios","Rosa Baja"
"Cibao Nordeste","Duarte","San Francisco de Macorís","Cruz de Cenoví","Cruz de Cenoví"
"Cibao Nordeste","Duarte","San Francisco de Macorís","Cruz de Cenoví","El Mamey"
"Cibao Nordeste","Duarte","San Francisco de Macorís","Cruz de Cenoví","La Colonia"
"Cibao Nordeste","Duarte","San Francisco de Macorís","Cruz de Cenoví","La Nasa"
"Cibao Nordeste","Duarte","San Francisco de Macorís","Cruz de Cenoví","Los Caimitos"
"Cibao Nordeste","Duarte","San Francisco de Macorís","Cruz de Cenoví","Noná"
"Cibao Nordeste","Duarte","San Francisco de Macorís","Porquero","El Gajo"
"Cibao Nordeste","Duarte","San Francisco de Macorís","Porquero","El Hatico"
"Cibao Nordeste","Duarte","San Francisco de Macorís","Porquero","Las Caobas"
"Cibao Nordeste","Duarte","San Francisco de Macorís","Porquero","Los Cacaos"
"Cibao Nordeste","Duarte","San Francisco de Macorís","Porquero","Porquero Abajo"
"Cibao Nordeste","Duarte","San Francisco de Macorís","Porquero","Porquero Arriba"
"Cibao Nordeste","Duarte","San Francisco de Macorís","El Caimito","El Barrio"
"Cibao Nordeste","Duarte","San Francisco de Macorís","El Caimito","El Caimito"
"Cibao Nordeste","Duarte","San Francisco de Macorís","El Caimito","El Canal"
"Cibao Nordeste","Duarte","San Francisco de Macorís","El Caimito","La Caoba"
"Cibao Nordeste","Duarte","San Francisco de Macorís","El Caimito","La Sabana"
"Cibao Nordeste","Duarte","San Francisco de Macorís","El Caimito","Los Quemados"
"Cibao Nordeste","Duarte","San Francisco de Macorís","El Caimito","Mal Nombre"
"Cibao Nordeste","Duarte","San Francisco de Macorís","Colón","Colón"
"Cibao Nordeste","Duarte","San Francisco de Macorís","Colón","El Barro"
"Cibao Nordeste","Duarte","San Francisco de Macorís","Colón","El Bobo"
"Cibao Nordeste","Duarte","San Francisco de Macorís","Colón","Genimillo"
"Cibao Nordeste","Duarte","San Francisco de Macorís","Colón","La Boca"
"Cibao Nordeste","Duarte","San Francisco de Macorís","Colón","La Guamita"
"Cibao Nordeste","Duarte","San Francisco de Macorís","Colón","Los Rieles Abajo"
"Cibao Nordeste","Duarte","San Francisco de Macorís","Hoyo Jaya","Hoyo de Jaya"
"Cibao Nordeste","Duarte","San Francisco de Macorís","La Piña","Comunidad San Vicente"
"Cibao Nordeste","Duarte","San Francisco de Macorís","La Piña","Jaragua"
"Cibao Nordeste","Duarte","San Francisco de Macorís","La Piña","La Piña"
"Cibao Nordeste","Duarte","San Francisco de Macorís","La Piña","Los Cocos"
"Cibao Nordeste","Duarte","San Francisco de Macorís","La Piña","Mata Vieja"
"Cibao Nordeste","Duarte","San Francisco de Macorís","Hoyo de Jaya","Firme de los Ortega"
"Cibao Nordeste","Duarte","San Francisco de Macorís","Hoyo de Jaya","La Sidra"
"Cibao Nordeste","Duarte","San Francisco de Macorís","Hoyo de Jaya","Los Callejones"
"Cibao Nordeste","Duarte","San Francisco de Macorís","Hoyo de Jaya","Los Lirios"
"Cibao Nordeste","Duarte","San Francisco de Macorís","Hoyo de Jaya","Maimoro"
"Cibao Nordeste","Duarte","San Francisco de Macorís","Hoyo de Jaya","Ojo de Agua"
"Cibao Nordeste","Duarte","San Francisco de Macorís","Hoyo de Jaya","Santa Elena"
"Cibao Nordeste","Duarte","San Francisco de Macorís","Los Bacilios","Alto del Caballo"
"Cibao Nordeste","Duarte","San Francisco de Macorís","Los Bacilios","Cruce de Los Bacilios"
"Cibao Nordeste","Duarte","San Francisco de Macorís","Los Bacilios","Firme del Carrao"
"Cibao Nordeste","Duarte","San Francisco de Macorís","Los Bacilios","La Pegajosa"
"Cibao Nordeste","Duarte","San Francisco de Macorís","Los Bacilios","La Tarana"
"Cibao Nordeste","Duarte","San Francisco de Macorís","Los Bacilios","Los Bacilios"
"Cibao Nordeste","Duarte","San Francisco de Macorís","Los Bacilios","Sonador"
"Cibao Nordeste","Duarte","San Francisco de Macorís","Naranjo Dulce","Alto del Rayo"
"Cibao Nordeste","Duarte","San Francisco de Macorís","Naranjo Dulce","Ceibita o Cuevita"
"Cibao Nordeste","Duarte","San Francisco de Macorís","Naranjo Dulce","El Catey"
"Cibao Nordeste","Duarte","San Francisco de Macorís","Naranjo Dulce","El Limón"
"Cibao Nordeste","Duarte","San Francisco de Macorís","Naranjo Dulce","La Explanación"
"Cibao Nordeste","Duarte","San Francisco de Macorís","Naranjo Dulce","La Jagüita"
"Cibao Nordeste","Duarte","San Francisco de Macorís","Naranjo Dulce","La Vereda"
"Cibao Nordeste","Duarte","San Francisco de Macorís","Naranjo Dulce","La Yabacoa"
"Cibao Nordeste","Duarte","San Francisco de Macorís","Naranjo Dulce","Las Yerbas"
"Cibao Nordeste","Duarte","San Francisco de Macorís","Naranjo Dulce","Naranjo Dulce Abajo"
"Cibao Nordeste","Duarte","San Francisco de Macorís","Naranjo Dulce","Naranjo Dulce Arriba"
"Cibao Nordeste","Duarte","San Francisco de Macorís","Naranjo Dulce","Rancho Abajo"
"Cibao Nordeste","Duarte","San Francisco de Macorís","Loma de Jaya","El Pomito"
"Cibao Nordeste","Duarte","San Francisco de Macorís","Loma de Jaya","Firme de la Brisa"
"Cibao Nordeste","Duarte","San Francisco de Macorís","Loma de Jaya","Gancho de Jaya"
"Cibao Nordeste","Duarte","San Francisco de Macorís","Loma de Jaya","La Colonia o El Jobito"
"Cibao Nordeste","Duarte","San Francisco de Macorís","Loma de Jaya","La Guamita"
"Cibao Nordeste","Duarte","San Francisco de Macorís","Loma de Jaya","La Higuereta"
"Cibao Nordeste","Duarte","San Francisco de Macorís","Loma de Jaya","La Malena"
"Cibao Nordeste","Duarte","San Francisco de Macorís","Loma de Jaya","La Malenita o La Lomasa"
"Cibao Nordeste","Duarte","San Francisco de Macorís","Loma de Jaya","La Yaya"
"Cibao Nordeste","Duarte","San Francisco de Macorís","Loma de Jaya","Loma de Jaya"
"Cibao Nordeste","Duarte","San Francisco de Macorís","Loma de Jaya","Martel"
"Cibao Nordeste","Duarte","San Francisco de Macorís","Loma de Jaya","Tres Pies"
"Cibao Nordeste","Duarte","San Francisco de Macorís","Jaya","El Derrumbadero"
"Cibao Nordeste","Duarte","San Francisco de Macorís","Jaya","Hondo Valle"
"Cibao Nordeste","Duarte","San Francisco de Macorís","Jaya","Jaya"
"Cibao Nordeste","Duarte","San Francisco de Macorís","Jaya","La Ceiba"
"Cibao Nordeste","Duarte","San Francisco de Macorís","Jaya","La Malena de Jaya"
"Cibao Nordeste","Duarte","San Francisco de Macorís","Jaya","Loma de Perro"
"Cibao Nordeste","Duarte","San Francisco de Macorís","Jaya","Los Pomos o Los Pomolos"
"Cibao Nordeste","Duarte","San Francisco de Macorís","Jaya","Rancho Arriba"
"Cibao Nordeste","Duarte","San Francisco de Macorís","Presidente Don Antonio Guzmán Fernández","Proyecto Don Antonio Guzmán Fernández-Los Aguayos"
"Cibao Nordeste","Duarte","San Francisco de Macorís","La Guama","Caño Seco"
"Cibao Nordeste","Duarte","San Francisco de Macorís","La Guama","Cruce"
"Cibao Nordeste","Duarte","San Francisco de Macorís","La Guama","El Hato o El Jato"
"Cibao Nordeste","Duarte","San Francisco de Macorís","La Guama","El Tres"
"Cibao Nordeste","Duarte","San Francisco de Macorís","La Guama","Guama Abajo"
"Cibao Nordeste","Duarte","San Francisco de Macorís","La Guama","Proyecto Don Antonio Guzmán Fernández"
"Cibao Nordeste","Duarte","San Francisco de Macorís","Génimo","El Higüero"
"Cibao Nordeste","Duarte","San Francisco de Macorís","Génimo","El Pozo"
"Cibao Nordeste","Duarte","San Francisco de Macorís","Génimo","Génimo"
"Cibao Nordeste","Duarte","San Francisco de Macorís","Génimo","La Lima"
"Cibao Nordeste","Duarte","San Francisco de Macorís","Génimo","Sabaneta"
"Cibao Nordeste","Duarte","Villa Riva","Villa Riva","Buenos Aires"
"Cibao Nordeste","Duarte","Villa Riva","Villa Riva","Ciudad Nueva"
"Cibao Nordeste","Duarte","Villa Riva","Villa Riva","El Manguito"
"Cibao Nordeste","Duarte","Villa Riva","Villa Riva","San Antonio"
"Cibao Nordeste","Duarte","Villa Riva","Villa Riva","Urbanización Abreu"
"Cibao Nordeste","Duarte","Villa Riva","Villa Riva","Urbanización Rodríguez"
"Cibao Nordeste","Duarte","Villa Riva","Villa Riva","Villa Feria (Centro del Pueblo)"
"Cibao Nordeste","Duarte","Villa Riva","Ceiba de Los Pájaros","Boca de Cevicos"
"Cibao Nordeste","Duarte","Villa Riva","Ceiba de Los Pájaros","Boca de Payabo"
"Cibao Nordeste","Duarte","Villa Riva","Ceiba de Los Pájaros","Ceiba de los Pájaros"
"Cibao Nordeste","Duarte","Villa Riva","Ceiba de Los Pájaros","Junco Verde"
"Cibao Nordeste","Duarte","Villa Riva","Ceiba de Los Pájaros","La Ceiba Abajo"
"Cibao Nordeste","Duarte","Villa Riva","Ceiba de Los Pájaros","Loma Colorada"
"Cibao Nordeste","Duarte","Villa Riva","Ceiba de Los Pájaros","Los Cocos"
"Cibao Nordeste","Duarte","Villa Riva","Ceiba de Los Pájaros","Los Mayabos"
"Cibao Nordeste","Duarte","Villa Riva","Ceiba de Los Pájaros","Los Naranjos"
"Cibao Nordeste","Duarte","Villa Riva","Ceiba de Los Pájaros","Majagual"
"Cibao Nordeste","Duarte","Villa Riva","Ceiba de Los Pájaros","Payabo"
"Cibao Nordeste","Duarte","Villa Riva","Ceiba de Los Pájaros","Reventazón"
"Cibao Nordeste","Duarte","Villa Riva","Chiringo","Alto de Bululo (El Caimito)"
"Cibao Nordeste","Duarte","Villa Riva","Chiringo","Castaño"
"Cibao Nordeste","Duarte","Villa Riva","Chiringo","Chiringo"
"Cibao Nordeste","Duarte","Villa Riva","Chiringo","El Ciruelito o El Ciruelillo"
"Cibao Nordeste","Duarte","Villa Riva","Chiringo","El Higüero"
"Cibao Nordeste","Duarte","Villa Riva","Chiringo","El Manguito"
"Cibao Nordeste","Duarte","Villa Riva","Chiringo","Las Hormigas"
"Cibao Nordeste","Duarte","Villa Riva","Chiringo","Loma Abajo"
"Cibao Nordeste","Duarte","Villa Riva","Chiringo","Loma Arriba"
"Cibao Nordeste","Duarte","Villa Riva","Chiringo","Rincón de Majagual"
"Cibao Nordeste","Duarte","Villa Riva","Chiringo","Zumba"
"Cibao Nordeste","Duarte","Villa Riva","Agua Santa del Yuna","La Reforma"
"Cibao Nordeste","Duarte","Villa Riva","Callejón de Tilo","Barrio Lindo"
"Cibao Nordeste","Duarte","Villa Riva","Callejón de Tilo","Borojol"
"Cibao Nordeste","Duarte","Villa Riva","Callejón de Tilo","Callejón de Tilo"
"Cibao Nordeste","Duarte","Villa Riva","Callejón de Tilo","El Arado"
"Cibao Nordeste","Duarte","Villa Riva","Paraguay","Cristal"
"Cibao Nordeste","Duarte","Villa Riva","Paraguay","Paraguay"
"Cibao Nordeste","Duarte","Villa Riva","La Reforma","El Muro (Pueblo Nuevo)"
"Cibao Nordeste","Duarte","Villa Riva","La Reforma","La Reforma"
"Cibao Nordeste","Duarte","Villa Riva","La Reforma","Laurel"
"Cibao Nordeste","Duarte","Villa Riva","Cristo Rey de Guaraguao","Guaraguao"
"Cibao Nordeste","Duarte","Villa Riva","Cristo Rey de Guaraguao","La Gallera"
"Cibao Nordeste","Duarte","Villa Riva","Guaraguao","Guaraguao"
"Cibao Nordeste","Duarte","Villa Riva","Los Peynado","Alto de Marchena (Palmarito)"
"Cibao Nordeste","Duarte","Villa Riva","Los Peynado","La Mina de los Peynado (Mina Vieja)"
"Cibao Nordeste","Duarte","Villa Riva","Los Peynado","Los Contreras"
"Cibao Nordeste","Duarte","Villa Riva","Los Peynado","Los Peynado"
"Cibao Nordeste","Duarte","Villa Riva","Los Peynado","Palacio"
"Cibao Nordeste","Duarte","Villa Riva","Los Peynado","Palmar Viejo (El Bono)"
"Cibao Nordeste","Duarte","Villa Riva","Las Taranas","Las Mercedes"
"Cibao Nordeste","Duarte","Villa Riva","Las Taranas","Las Taranas"
"Cibao Nordeste","Duarte","Villa Riva","El Abanico","Baiguate"
"Cibao Nordeste","Duarte","Villa Riva","El Abanico","Barrio David"
"Cibao Nordeste","Duarte","Villa Riva","El Abanico","El Abanico de Catamey"
"Cibao Nordeste","Duarte","Villa Riva","El Abanico","El Bombillo (Bombillo Adentro)"
"Cibao Nordeste","Duarte","Villa Riva","El Abanico","El Caño"
"Cibao Nordeste","Duarte","Villa Riva","El Abanico","Haití Bonito"
"Cibao Nordeste","Duarte","Villa Riva","El Abanico","San Rafael"
"Cibao Nordeste","Duarte","Villa Riva","Bomba de Yaiba","Arebalo (Arevano)"
"Cibao Nordeste","Duarte","Villa Riva","Bomba de Yaiba","Juana Rodríguez (Juana Rodríguez Arriba)"
"Cibao Nordeste","Duarte","Villa Riva","Bomba de Yaiba","La Bomba de Yaiba"
"Cibao Nordeste","Duarte","Villa Riva","Bomba de Yaiba","La Bruca"
"Cibao Nordeste","Duarte","Villa Riva","Bomba de Yaiba","Los Espinos"
"Cibao Nordeste","Duarte","Villa Riva","Jobobán","El Campamento"
"Cibao Nordeste","Duarte","Villa Riva","Jobobán","El Indio"
"Cibao Nordeste","Duarte","Villa Riva","Jobobán","Firme de Las Taranas"
"Cibao Nordeste","Duarte","Villa Riva","Jobobán","Jobo Dulce"
"Cibao Nordeste","Duarte","Villa Riva","Jobobán","Jobobán"
"Cibao Nordeste","Duarte","Villa Riva","Jobobán","La Ceiba Gorda"
"Cibao Nordeste","Duarte","Villa Riva","Jobobán","La Punta"
"Cibao Nordeste","Duarte","Villa Riva","Jobobán","Las Caobas"
"Cibao Nordeste","Duarte","Villa Riva","Barraquito","Barraquito Cercado"
"Cibao Nordeste","Duarte","Villa Riva","Barraquito","El Venao"
"Cibao Nordeste","Duarte","Villa Riva","Barraquito","Barraquito"
"Cibao Nordeste","Duarte","Villa Riva","Barraquito","La Cueva"
"Cibao Nordeste","Duarte","Villa Riva","Barraquito","Loma de la Ceiba (La Ceibita)"
"Cibao Nordeste","Duarte","Villa Riva","El Venao","El Venao"
"Cibao Nordeste","Duarte","Villa Riva","La Pista","La Pista"
"Cibao Nordeste","Duarte","Villa Riva","La Pista","La Yagüita"
"Cibao Nordeste","Duarte","Villa Riva","La Pista","Sector I"
"Cibao Nordeste","Duarte","Villa Riva","La Pista","Sector II"
"Cibao Nordeste","Hermanas Mirabal","Salcedo","Salcedo","Altos de los Rojas"
"Cibao Nordeste","Hermanas Mirabal","Salcedo","Salcedo","Altos de Piedra"
"Cibao Nordeste","Hermanas Mirabal","Salcedo","Salcedo","Centro del Pueblo"
"Cibao Nordeste","Hermanas Mirabal","Salcedo","Salcedo","Cholongo o Los Cocos"
"Cibao Nordeste","Hermanas Mirabal","Salcedo","Salcedo","Clavijo"
"Cibao Nordeste","Hermanas Mirabal","Salcedo","Salcedo","El Cementerio"
"Cibao Nordeste","Hermanas Mirabal","Salcedo","Salcedo","El Chucho"
"Cibao Nordeste","Hermanas Mirabal","Salcedo","Salcedo","El Hospital"
"Cibao Nordeste","Hermanas Mirabal","Salcedo","Salcedo","El Hoyo"
"Cibao Nordeste","Hermanas Mirabal","Salcedo","Salcedo","El Play"
"Cibao Nordeste","Hermanas Mirabal","Salcedo","Salcedo","El Tanque"
"Cibao Nordeste","Hermanas Mirabal","Salcedo","Salcedo","Hugamba"
"Cibao Nordeste","Hermanas Mirabal","Salcedo","Salcedo","INVI"
"Cibao Nordeste","Hermanas Mirabal","Salcedo","Salcedo","La Amargura"
"Cibao Nordeste","Hermanas Mirabal","Salcedo","Salcedo","La Escuela"
"Cibao Nordeste","Hermanas Mirabal","Salcedo","Salcedo","La Fortaleza"
"Cibao Nordeste","Hermanas Mirabal","Salcedo","Salcedo","La Gallera"
"Cibao Nordeste","Hermanas Mirabal","Salcedo","Salcedo","La Gobernación"
"Cibao Nordeste","Hermanas Mirabal","Salcedo","Salcedo","Las Caobas"
"Cibao Nordeste","Hermanas Mirabal","Salcedo","Salcedo","Los Almendros"
"Cibao Nordeste","Hermanas Mirabal","Salcedo","Salcedo","Los Maestros"
"Cibao Nordeste","Hermanas Mirabal","Salcedo","Salcedo","Los Mangos"
"Cibao Nordeste","Hermanas Mirabal","Salcedo","Salcedo","Matadero"
"Cibao Nordeste","Hermanas Mirabal","Salcedo","Salcedo","Nuevo Cementerio"
"Cibao Nordeste","Hermanas Mirabal","Salcedo","Salcedo","Rabo Duro"
"Cibao Nordeste","Hermanas Mirabal","Salcedo","Salcedo","San Antonio"
"Cibao Nordeste","Hermanas Mirabal","Salcedo","Salcedo","San Lorenzo"
"Cibao Nordeste","Hermanas Mirabal","Salcedo","Salcedo","San Miguel"
"Cibao Nordeste","Hermanas Mirabal","Salcedo","Salcedo","Urbanización Hermanas Mirabal"
"Cibao Nordeste","Hermanas Mirabal","Salcedo","Salcedo","Urbanización Samaná"
"Cibao Nordeste","Hermanas Mirabal","Salcedo","Salcedo","Urbanización San Lorenzo o Nuevo San Lorenzo"
"Cibao Nordeste","Hermanas Mirabal","Salcedo","Jayabo Afuera","Agua Fría"
"Cibao Nordeste","Hermanas Mirabal","Salcedo","Jayabo Afuera","Conuco"
"Cibao Nordeste","Hermanas Mirabal","Salcedo","Jayabo Afuera","El Caimito"
"Cibao Nordeste","Hermanas Mirabal","Salcedo","Jayabo Afuera","El Gorro"
"Cibao Nordeste","Hermanas Mirabal","Salcedo","Jayabo Afuera","El Jobo"
"Cibao Nordeste","Hermanas Mirabal","Salcedo","Jayabo Afuera","El Pico del Ají"
"Cibao Nordeste","Hermanas Mirabal","Salcedo","Jayabo Afuera","El Pistolar"
"Cibao Nordeste","Hermanas Mirabal","Salcedo","Jayabo Afuera","Jayabito"
"Cibao Nordeste","Hermanas Mirabal","Salcedo","Jayabo Afuera","Jayabo Adentro"
"Cibao Nordeste","Hermanas Mirabal","Salcedo","Jayabo Afuera","Jayabo Afuera"
"Cibao Nordeste","Hermanas Mirabal","Salcedo","Jayabo Afuera","Jayabo al Medio"
"Cibao Nordeste","Hermanas Mirabal","Salcedo","Jayabo Afuera","La Bellaca"
"Cibao Nordeste","Hermanas Mirabal","Salcedo","Jayabo Afuera","La Caoba"
"Cibao Nordeste","Hermanas Mirabal","Salcedo","Jayabo Afuera","La Cariñosa o La Carretera"
"Cibao Nordeste","Hermanas Mirabal","Salcedo","Jayabo Afuera","La Cueva"
"Cibao Nordeste","Hermanas Mirabal","Salcedo","Jayabo Afuera","La Lila (Las Lilas)"
"Cibao Nordeste","Hermanas Mirabal","Salcedo","Jayabo Afuera","La Luisa"
"Cibao Nordeste","Hermanas Mirabal","Salcedo","Jayabo Afuera","La Majagua"
"Cibao Nordeste","Hermanas Mirabal","Salcedo","Jayabo Afuera","La Pailita"
"Cibao Nordeste","Hermanas Mirabal","Salcedo","Jayabo Afuera","La Violeta"
"Cibao Nordeste","Hermanas Mirabal","Salcedo","Jayabo Afuera","Loma del Corral"
"Cibao Nordeste","Hermanas Mirabal","Salcedo","Jayabo Afuera","Los Palmares"
"Cibao Nordeste","Hermanas Mirabal","Salcedo","Jayabo Afuera","Los Robles de Jayabo (La Cariñosa)"
"Cibao Nordeste","Hermanas Mirabal","Salcedo","Jayabo Afuera","Los Robles de Ojo de Agua"
"Cibao Nordeste","Hermanas Mirabal","Salcedo","Jayabo Afuera","Los Tocones"
"Cibao Nordeste","Hermanas Mirabal","Salcedo","Jayabo Afuera","Monte Adentro"
"Cibao Nordeste","Hermanas Mirabal","Salcedo","Jayabo Afuera","Ojo de Agua"
"Cibao Nordeste","Hermanas Mirabal","Salcedo","Jayabo Afuera","Sal Si Puedes"
"Cibao Nordeste","Hermanas Mirabal","Salcedo","Jayabo Afuera","San José"
"Cibao Nordeste","Hermanas Mirabal","Salcedo","Jayabo Afuera","Villa Báez"
"Cibao Nordeste","Hermanas Mirabal","Salcedo","Los Cacaos","La Joya-La Jagua"
"Cibao Nordeste","Hermanas Mirabal","Salcedo","Los Cacaos","Los Cacaos"
"Cibao Nordeste","Hermanas Mirabal","Salcedo","Los Cacaos","Los Lanos"
"Cibao Nordeste","Hermanas Mirabal","Salcedo","Palmarito","Alto de Piedra"
"Cibao Nordeste","Hermanas Mirabal","Salcedo","Palmarito","El Zanjón"
"Cibao Nordeste","Hermanas Mirabal","Salcedo","Palmarito","La Calle"
"Cibao Nordeste","Hermanas Mirabal","Salcedo","Palmarito","La Jabilla"
"Cibao Nordeste","Hermanas Mirabal","Salcedo","Palmarito","La Solao (La Sola)"
"Cibao Nordeste","Hermanas Mirabal","Salcedo","Palmarito","Palmar"
"Cibao Nordeste","Hermanas Mirabal","Salcedo","Palmarito","Palmar Abajo"
"Cibao Nordeste","Hermanas Mirabal","Salcedo","Palmarito","Palmar Arriba"
"Cibao Nordeste","Hermanas Mirabal","Salcedo","Palmarito","Palmarito"
"Cibao Nordeste","Hermanas Mirabal","Salcedo","Palmarito","Palmarito Abajo"
"Cibao Nordeste","Hermanas Mirabal","Salcedo","Palmarito","Rancho Abajo"
"Cibao Nordeste","Hermanas Mirabal","Salcedo","Palmarito","Rancho al Medio"
"Cibao Nordeste","Hermanas Mirabal","Salcedo","Palmarito","Rancho Arriba"
"Cibao Nordeste","Hermanas Mirabal","Salcedo","Jamao Afuera","Montellano"
"Cibao Nordeste","Hermanas Mirabal","Salcedo","Montellano","Arroyo Bonito"
"Cibao Nordeste","Hermanas Mirabal","Salcedo","Montellano","Arroyo Grande"
"Cibao Nordeste","Hermanas Mirabal","Salcedo","Montellano","Boca de Partido"
"Cibao Nordeste","Hermanas Mirabal","Salcedo","Montellano","Cañada Clara"
"Cibao Nordeste","Hermanas Mirabal","Salcedo","Montellano","Cañada Clara (El Puente)"
"Cibao Nordeste","Hermanas Mirabal","Salcedo","Montellano","El Almendro"
"Cibao Nordeste","Hermanas Mirabal","Salcedo","Montellano","El Atravesado"
"Cibao Nordeste","Hermanas Mirabal","Salcedo","Montellano","El Catey"
"Cibao Nordeste","Hermanas Mirabal","Salcedo","Montellano","El Mamey"
"Cibao Nordeste","Hermanas Mirabal","Salcedo","Montellano","El Muerto"
"Cibao Nordeste","Hermanas Mirabal","Salcedo","Montellano","El Placer"
"Cibao Nordeste","Hermanas Mirabal","Salcedo","Montellano","El Podrido"
"Cibao Nordeste","Hermanas Mirabal","Salcedo","Montellano","El Samán"
"Cibao Nordeste","Hermanas Mirabal","Salcedo","Montellano","Jamao Adentro"
"Cibao Nordeste","Hermanas Mirabal","Salcedo","Montellano","Jamao Afuera o El Puente"
"Cibao Nordeste","Hermanas Mirabal","Salcedo","Montellano","La Caya"
"Cibao Nordeste","Hermanas Mirabal","Salcedo","Montellano","La Culata"
"Cibao Nordeste","Hermanas Mirabal","Salcedo","Montellano","La Culebra"
"Cibao Nordeste","Hermanas Mirabal","Salcedo","Montellano","La Cumbre"
"Cibao Nordeste","Hermanas Mirabal","Salcedo","Montellano","La Finca"
"Cibao Nordeste","Hermanas Mirabal","Salcedo","Montellano","La Lagunita"
"Cibao Nordeste","Hermanas Mirabal","Salcedo","Montellano","Las Tres Cruces"
"Cibao Nordeste","Hermanas Mirabal","Salcedo","Montellano","Los Aracena"
"Cibao Nordeste","Hermanas Mirabal","Salcedo","Montellano","Los Arroyos"
"Cibao Nordeste","Hermanas Mirabal","Salcedo","Montellano","Los Azules"
"Cibao Nordeste","Hermanas Mirabal","Salcedo","Montellano","Los Caños"
"Cibao Nordeste","Hermanas Mirabal","Salcedo","Montellano","Los Caños Adentro"
"Cibao Nordeste","Hermanas Mirabal","Salcedo","Montellano","Los Cateyes"
"Cibao Nordeste","Hermanas Mirabal","Salcedo","Montellano","Los Guayuyos"
"Cibao Nordeste","Hermanas Mirabal","Salcedo","Montellano","Los Lirios"
"Cibao Nordeste","Hermanas Mirabal","Salcedo","Montellano","Los Monte"
"Cibao Nordeste","Hermanas Mirabal","Salcedo","Montellano","Los Pocitos"
"Cibao Nordeste","Hermanas Mirabal","Salcedo","Montellano","Los Tabucos"
"Cibao Nordeste","Hermanas Mirabal","Salcedo","Montellano","Mango Fresco"
"Cibao Nordeste","Hermanas Mirabal","Salcedo","Montellano","Paso Colorado"
"Cibao Nordeste","Hermanas Mirabal","Salcedo","Montellano","Piedra Pegada"
"Cibao Nordeste","Hermanas Mirabal","Salcedo","Jamao Adentro","El Abanico"
"Cibao Nordeste","Hermanas Mirabal","Salcedo","Jamao Adentro","El Peñón"
"Cibao Nordeste","Hermanas Mirabal","Salcedo","Jamao Adentro","La Canela"
"Cibao Nordeste","Hermanas Mirabal","Salcedo","Jamao Adentro","Los Montes"
"Cibao Nordeste","Hermanas Mirabal","Salcedo","Jamao Adentro","Palma Sola"
"Cibao Nordeste","Hermanas Mirabal","Salcedo","Jamao Adentro","Porta Moneda"
"Cibao Nordeste","Hermanas Mirabal","Tenares","Tenares","Centro del Pueblo"
"Cibao Nordeste","Hermanas Mirabal","Tenares","Tenares","Cristo Rey"
"Cibao Nordeste","Hermanas Mirabal","Tenares","Tenares","El Abanico"
"Cibao Nordeste","Hermanas Mirabal","Tenares","Tenares","El Cayo"
"Cibao Nordeste","Hermanas Mirabal","Tenares","Tenares","El Corozal"
"Cibao Nordeste","Hermanas Mirabal","Tenares","Tenares","El Jon o Cumajón"
"Cibao Nordeste","Hermanas Mirabal","Tenares","Tenares","Hermanas Mirabal"
"Cibao Nordeste","Hermanas Mirabal","Tenares","Tenares","La Cáceres"
"Cibao Nordeste","Hermanas Mirabal","Tenares","Tenares","La Chicharra"
"Cibao Nordeste","Hermanas Mirabal","Tenares","Tenares","La Esperanza o Los Hoyos"
"Cibao Nordeste","Hermanas Mirabal","Tenares","Tenares","La Gramita"
"Cibao Nordeste","Hermanas Mirabal","Tenares","Tenares","La Gran Parada"
"Cibao Nordeste","Hermanas Mirabal","Tenares","Tenares","Las Mercedes"
"Cibao Nordeste","Hermanas Mirabal","Tenares","Tenares","Los Tocones"
"Cibao Nordeste","Hermanas Mirabal","Tenares","Tenares","Tumba Burros"
"Cibao Nordeste","Hermanas Mirabal","Tenares","Tenares","Urbanización Dinero I"
"Cibao Nordeste","Hermanas Mirabal","Tenares","Tenares","Urbanización Dinero II"
"Cibao Nordeste","Hermanas Mirabal","Tenares","Tenares","Urbanización Martínez"
"Cibao Nordeste","Hermanas Mirabal","Tenares","Tenares","Urbanización Rosado"
"Cibao Nordeste","Hermanas Mirabal","Tenares","Tenares","Urbanización Santana"
"Cibao Nordeste","Hermanas Mirabal","Tenares","Tenares","Urbanización Taveras"
"Cibao Nordeste","Hermanas Mirabal","Tenares","Tenares","Villa Campo"
"Cibao Nordeste","Hermanas Mirabal","Tenares","Boba Arriba","Alto Grande"
"Cibao Nordeste","Hermanas Mirabal","Tenares","Boba Arriba","Arroyito"
"Cibao Nordeste","Hermanas Mirabal","Tenares","Boba Arriba","Blanquito"
"Cibao Nordeste","Hermanas Mirabal","Tenares","Boba Arriba","Boba Arriba"
"Cibao Nordeste","Hermanas Mirabal","Tenares","Boba Arriba","Canta Rana"
"Cibao Nordeste","Hermanas Mirabal","Tenares","Boba Arriba","Cigua"
"Cibao Nordeste","Hermanas Mirabal","Tenares","Boba Arriba","El Bambú"
"Cibao Nordeste","Hermanas Mirabal","Tenares","Boba Arriba","El Cafetal (Palma Sola)"
"Cibao Nordeste","Hermanas Mirabal","Tenares","Boba Arriba","El Gajo del Amacey"
"Cibao Nordeste","Hermanas Mirabal","Tenares","Boba Arriba","El Maco"
"Cibao Nordeste","Hermanas Mirabal","Tenares","Boba Arriba","La Bajada del Blanco"
"Cibao Nordeste","Hermanas Mirabal","Tenares","Boba Arriba","Los Guayos"
"Cibao Nordeste","Hermanas Mirabal","Tenares","Boba Arriba","Mundo Nuevo"
"Cibao Nordeste","Hermanas Mirabal","Tenares","Canete","Boba"
"Cibao Nordeste","Hermanas Mirabal","Tenares","Canete","Bombillo"
"Cibao Nordeste","Hermanas Mirabal","Tenares","Canete","Canete"
"Cibao Nordeste","Hermanas Mirabal","Tenares","Canete","Canete Arriba"
"Cibao Nordeste","Hermanas Mirabal","Tenares","Canete","Colorado"
"Cibao Nordeste","Hermanas Mirabal","Tenares","Canete","El Firme"
"Cibao Nordeste","Hermanas Mirabal","Tenares","Canete","La Catalina"
"Cibao Nordeste","Hermanas Mirabal","Tenares","Canete","La Mata de Plátano"
"Cibao Nordeste","Hermanas Mirabal","Tenares","Canete","Loma Azul"
"Cibao Nordeste","Hermanas Mirabal","Tenares","Canete","Los Guázaros"
"Cibao Nordeste","Hermanas Mirabal","Tenares","Canete","Los Verracos"
"Cibao Nordeste","Hermanas Mirabal","Tenares","Canete","Verraco Abajo"
"Cibao Nordeste","Hermanas Mirabal","Tenares","Gran Parada","Arroyo Seco"
"Cibao Nordeste","Hermanas Mirabal","Tenares","Gran Parada","El Cercado"
"Cibao Nordeste","Hermanas Mirabal","Tenares","Gran Parada","Gran Parada"
"Cibao Nordeste","Hermanas Mirabal","Tenares","Gran Parada","Gran Parada Abajo"
"Cibao Nordeste","Hermanas Mirabal","Tenares","Gran Parada","Gran Parada Afuera"
"Cibao Nordeste","Hermanas Mirabal","Tenares","Gran Parada","Gran Parada Arriba"
"Cibao Nordeste","Hermanas Mirabal","Tenares","Gran Parada","Los Palmaritos"
"Cibao Nordeste","Hermanas Mirabal","Tenares","Paso Hondo","El Corozal"
"Cibao Nordeste","Hermanas Mirabal","Tenares","Paso Hondo","El Corozal Abajo (El Gajo)"
"Cibao Nordeste","Hermanas Mirabal","Tenares","Paso Hondo","Los Pomos"
"Cibao Nordeste","Hermanas Mirabal","Tenares","Paso Hondo","Paso Hondo"
"Cibao Nordeste","Hermanas Mirabal","Tenares","El Placer","El Bochinche"
"Cibao Nordeste","Hermanas Mirabal","Tenares","El Placer","El Cayo"
"Cibao Nordeste","Hermanas Mirabal","Tenares","El Placer","El Placer"
"Cibao Nordeste","Hermanas Mirabal","Tenares","El Placer","La Amapola"
"Cibao Nordeste","Hermanas Mirabal","Tenares","El Placer","La Jagüita"
"Cibao Nordeste","Hermanas Mirabal","Tenares","El Placer","Loma Azul"
"Cibao Nordeste","Hermanas Mirabal","Tenares","El Placer","Los Anones (La Joya)"
"Cibao Nordeste","Hermanas Mirabal","Tenares","El Placer","Los Hoyos (El Placer Abajo)"
"Cibao Nordeste","Hermanas Mirabal","Tenares","El Placer","Los Jobos"
"Cibao Nordeste","Hermanas Mirabal","Tenares","Blanco","Blanco Arriba"
"Cibao Nordeste","Hermanas Mirabal","Tenares","Blanco Arriba","Angillita"
"Cibao Nordeste","Hermanas Mirabal","Tenares","Blanco Arriba","Arenoso"
"Cibao Nordeste","Hermanas Mirabal","Tenares","Blanco Arriba","Blanco Abajo"
"Cibao Nordeste","Hermanas Mirabal","Tenares","Blanco Arriba","Blanco al Medio"
"Cibao Nordeste","Hermanas Mirabal","Tenares","Blanco Arriba","Blanco Arriba"
"Cibao Nordeste","Hermanas Mirabal","Tenares","Blanco Arriba","El Bolsillo"
"Cibao Nordeste","Hermanas Mirabal","Tenares","Blanco Arriba","El Cafetal"
"Cibao Nordeste","Hermanas Mirabal","Tenares","Blanco Arriba","El Guaranal"
"Cibao Nordeste","Hermanas Mirabal","Tenares","Blanco Arriba","El Mamón"
"Cibao Nordeste","Hermanas Mirabal","Tenares","Blanco Arriba","Firme de los Chivos"
"Cibao Nordeste","Hermanas Mirabal","Tenares","Blanco Arriba","Jagua Macho"
"Cibao Nordeste","Hermanas Mirabal","Tenares","Blanco Arriba","La Guama"
"Cibao Nordeste","Hermanas Mirabal","Tenares","Blanco Arriba","La Jíbara"
"Cibao Nordeste","Hermanas Mirabal","Tenares","Blanco Arriba","La Penda"
"Cibao Nordeste","Hermanas Mirabal","Tenares","Blanco Arriba","La Peñita"
"Cibao Nordeste","Hermanas Mirabal","Tenares","Blanco Arriba","La Sabana"
"Cibao Nordeste","Hermanas Mirabal","Tenares","Blanco Arriba","La Sabina"
"Cibao Nordeste","Hermanas Mirabal","Tenares","Blanco Arriba","La Vereda"
"Cibao Nordeste","Hermanas Mirabal","Tenares","Blanco Arriba","Las Caobas"
"Cibao Nordeste","Hermanas Mirabal","Tenares","Blanco Arriba","Las Flores"
"Cibao Nordeste","Hermanas Mirabal","Tenares","Blanco Arriba","Las Lagunitas"
"Cibao Nordeste","Hermanas Mirabal","Tenares","Blanco Arriba","Los Ebaritos"
"Cibao Nordeste","Hermanas Mirabal","Tenares","Blanco Arriba","Los Negritos"
"Cibao Nordeste","Hermanas Mirabal","Tenares","Blanco Arriba","Mundo Nuevo"
"Cibao Nordeste","Hermanas Mirabal","Tenares","Blanco Arriba","Palo de la Jaiba"
"Cibao Nordeste","Hermanas Mirabal","Tenares","Blanco Arriba","Río Arriba"
"Cibao Nordeste","Hermanas Mirabal","Tenares","Blanco Arriba","Sonador"
"Cibao Nordeste","Hermanas Mirabal","Tenares","Blanco Arriba","Venus"
"Cibao Nordeste","Hermanas Mirabal","Villa Tapia","Villa Tapia","Centro del Pueblo"
"Cibao Nordeste","Hermanas Mirabal","Villa Tapia","Villa Tapia","Galindo"
"Cibao Nordeste","Hermanas Mirabal","Villa Tapia","Villa Tapia","Los Innovadores"
"Cibao Nordeste","Hermanas Mirabal","Villa Tapia","Villa Tapia","Ranchito"
"Cibao Nordeste","Hermanas Mirabal","Villa Tapia","La Ceiba","El Caimito"
"Cibao Nordeste","Hermanas Mirabal","Villa Tapia","La Ceiba","El Hato"
"Cibao Nordeste","Hermanas Mirabal","Villa Tapia","La Ceiba","El Hospital"
"Cibao Nordeste","Hermanas Mirabal","Villa Tapia","La Ceiba","La Ceiba"
"Cibao Nordeste","Hermanas Mirabal","Villa Tapia","La Ceiba","La Ceiba Adentro"
"Cibao Nordeste","Hermanas Mirabal","Villa Tapia","La Ceiba","Las Aromas"
"Cibao Nordeste","Hermanas Mirabal","Villa Tapia","La Ceiba","Los Coquitos"
"Cibao Nordeste","Hermanas Mirabal","Villa Tapia","La Ceiba","Villa Zango"
"Cibao Nordeste","Hermanas Mirabal","Villa Tapia","Los Limones","Hoyo Libre"
"Cibao Nordeste","Hermanas Mirabal","Villa Tapia","Los Limones","La Guázuma"
"Cibao Nordeste","Hermanas Mirabal","Villa Tapia","Los Limones","Los Limones Afuera"
"Cibao Nordeste","Hermanas Mirabal","Villa Tapia","Los Limones","Los Limones al Medio"
"Cibao Nordeste","Hermanas Mirabal","Villa Tapia","Los Limones","Los Limones Arriba o Los Limones II"
"Cibao Nordeste","Hermanas Mirabal","Villa Tapia","Los Limones","Los Limones o Las Amapolas"
"Cibao Nordeste","Hermanas Mirabal","Villa Tapia","San José","Alto Alegre"
"Cibao Nordeste","Hermanas Mirabal","Villa Tapia","San José","Conuco"
"Cibao Nordeste","Hermanas Mirabal","Villa Tapia","San José","Corea"
"Cibao Nordeste","Hermanas Mirabal","Villa Tapia","San José","El Barrero"
"Cibao Nordeste","Hermanas Mirabal","Villa Tapia","San José","El Coco 1"
"Cibao Nordeste","Hermanas Mirabal","Villa Tapia","San José","El Coco 2"
"Cibao Nordeste","Hermanas Mirabal","Villa Tapia","San José","El Limón"
"Cibao Nordeste","Hermanas Mirabal","Villa Tapia","San José","El Níspero (Conuco Abajo)"
"Cibao Nordeste","Hermanas Mirabal","Villa Tapia","San José","El Ranchito"
"Cibao Nordeste","Hermanas Mirabal","Villa Tapia","San José","La Calle"
"Cibao Nordeste","Hermanas Mirabal","Villa Tapia","San José","La Gina"
"Cibao Nordeste","Hermanas Mirabal","Villa Tapia","San José","Las Aromas"
"Cibao Nordeste","Hermanas Mirabal","Villa Tapia","San José","Polanco"
"Cibao Nordeste","Hermanas Mirabal","Villa Tapia","San José","Sabana Angosta"
"Cibao Nordeste","Hermanas Mirabal","Villa Tapia","San José","San José de Conuco"
"Cibao Nordeste","Hermanas Mirabal","Villa Tapia","Santa Ana","Arenoso"
"Cibao Nordeste","Hermanas Mirabal","Villa Tapia","Santa Ana","El Manantial"
"Cibao Nordeste","Hermanas Mirabal","Villa Tapia","Santa Ana","El Tablón Adentro"
"Cibao Nordeste","Hermanas Mirabal","Villa Tapia","Santa Ana","El Tablón Afuera"
"Cibao Nordeste","Hermanas Mirabal","Villa Tapia","Santa Ana","La Cuarenta (La 40)"
"Cibao Nordeste","Hermanas Mirabal","Villa Tapia","Santa Ana","La Ermita de Santa Ana"
"Cibao Nordeste","Hermanas Mirabal","Villa Tapia","Santa Ana","La Gina"
"Cibao Nordeste","Hermanas Mirabal","Villa Tapia","Santa Ana","Las Guázumas"
"Cibao Nordeste","Hermanas Mirabal","Villa Tapia","Santa Ana","Madrid"
"Cibao Nordeste","Hermanas Mirabal","Villa Tapia","Santa Ana","Rancho Viejo"
"Cibao Nordeste","Hermanas Mirabal","Villa Tapia","Santa Ana","San José de Cenoví"
"Cibao Nordeste","Hermanas Mirabal","Villa Tapia","Santa Ana","Santa Ana Madrid"
"Cibao Nordeste","María Trinidad Sánchez","Cabrera","Cabrera","Centro del Pueblo"
"Cibao Nordeste","María Trinidad Sánchez","Cabrera","Cabrera","Doña Luisa"
"Cibao Nordeste","María Trinidad Sánchez","Cabrera","Cabrera","El Jamo"
"Cibao Nordeste","María Trinidad Sánchez","Cabrera","Cabrera","El Naranjito"
"Cibao Nordeste","María Trinidad Sánchez","Cabrera","Cabrera","La Aviación"
"Cibao Nordeste","María Trinidad Sánchez","Cabrera","Cabrera","Residencial Brisas del Atlántico"
"Cibao Nordeste","María Trinidad Sánchez","Cabrera","Cabrera","Residencial Brismar o Brisas del Mar"
"Cibao Nordeste","María Trinidad Sánchez","Cabrera","Cabrera","Residencial Federico Linares"
"Cibao Nordeste","María Trinidad Sánchez","Cabrera","Cabrera","Residencial María"
"Cibao Nordeste","María Trinidad Sánchez","Cabrera","Cabrera","Residencial Roque Núñez"
"Cibao Nordeste","María Trinidad Sánchez","Cabrera","Abreu","Abreu"
"Cibao Nordeste","María Trinidad Sánchez","Cabrera","Abreu","Buena Agua"
"Cibao Nordeste","María Trinidad Sánchez","Cabrera","Abreu","Cañada Mala"
"Cibao Nordeste","María Trinidad Sánchez","Cabrera","Abreu","Catalina Abajo"
"Cibao Nordeste","María Trinidad Sánchez","Cabrera","Abreu","Catalina Arriba"
"Cibao Nordeste","María Trinidad Sánchez","Cabrera","Abreu","Caya Clara"
"Cibao Nordeste","María Trinidad Sánchez","Cabrera","Abreu","El Bretón"
"Cibao Nordeste","María Trinidad Sánchez","Cabrera","Abreu","El Catuán"
"Cibao Nordeste","María Trinidad Sánchez","Cabrera","Abreu","El Cruce de la Palma"
"Cibao Nordeste","María Trinidad Sánchez","Cabrera","Abreu","El Naranjito"
"Cibao Nordeste","María Trinidad Sánchez","Cabrera","Abreu","El Puerto"
"Cibao Nordeste","María Trinidad Sánchez","Cabrera","Abreu","El Saltadero"
"Cibao Nordeste","María Trinidad Sánchez","Cabrera","Abreu","El Zapote"
"Cibao Nordeste","María Trinidad Sánchez","Cabrera","Abreu","Guao Abajo"
"Cibao Nordeste","María Trinidad Sánchez","Cabrera","Abreu","Jina Clara"
"Cibao Nordeste","María Trinidad Sánchez","Cabrera","Abreu","Jobo Dulce"
"Cibao Nordeste","María Trinidad Sánchez","Cabrera","Abreu","Jobo Dulce o La Peonía"
"Cibao Nordeste","María Trinidad Sánchez","Cabrera","Abreu","La Peonía"
"Cibao Nordeste","María Trinidad Sánchez","Cabrera","Abreu","Laguna Honda"
"Cibao Nordeste","María Trinidad Sánchez","Cabrera","Abreu","Las Cabirmas"
"Cibao Nordeste","María Trinidad Sánchez","Cabrera","Abreu","Las Cuatro Esquinas"
"Cibao Nordeste","María Trinidad Sánchez","Cabrera","Abreu","Las Escobas"
"Cibao Nordeste","María Trinidad Sánchez","Cabrera","Abreu","Loma Blanca"
"Cibao Nordeste","María Trinidad Sánchez","Cabrera","Abreu","Loma Blanca o La Peonía"
"Cibao Nordeste","María Trinidad Sánchez","Cabrera","Abreu","Loma de la Jagua"
"Cibao Nordeste","María Trinidad Sánchez","Cabrera","Abreu","Loma del Burro"
"Cibao Nordeste","María Trinidad Sánchez","Cabrera","Abreu","Loma del Caballo"
"Cibao Nordeste","María Trinidad Sánchez","Cabrera","Abreu","Los Cavori"
"Cibao Nordeste","María Trinidad Sánchez","Cabrera","Abreu","Los Guaos"
"Cibao Nordeste","María Trinidad Sánchez","Cabrera","Abreu","Los Hoyos"
"Cibao Nordeste","María Trinidad Sánchez","Cabrera","Abreu","Los Novillos o Las Abejas"
"Cibao Nordeste","María Trinidad Sánchez","Cabrera","Abreu","Los Romedillos"
"Cibao Nordeste","María Trinidad Sánchez","Cabrera","Abreu","Media Gorra"
"Cibao Nordeste","María Trinidad Sánchez","Cabrera","Abreu","Picado Cidor"
"Cibao Nordeste","María Trinidad Sánchez","Cabrera","Abreu","Playa Navío"
"Cibao Nordeste","María Trinidad Sánchez","Cabrera","Abreu","Pozo del Higo"
"Cibao Nordeste","María Trinidad Sánchez","Cabrera","Abreu","Preciosa de Mora"
"Cibao Nordeste","María Trinidad Sánchez","Cabrera","Abreu","Recodo"
"Cibao Nordeste","María Trinidad Sánchez","Cabrera","La Jagüita","Bejuco Alambre"
"Cibao Nordeste","María Trinidad Sánchez","Cabrera","La Jagüita","Caño Azul de Salomón"
"Cibao Nordeste","María Trinidad Sánchez","Cabrera","La Jagüita","El Palito"
"Cibao Nordeste","María Trinidad Sánchez","Cabrera","La Jagüita","El Pujador o Jagüita"
"Cibao Nordeste","María Trinidad Sánchez","Cabrera","La Jagüita","Jobo Claro"
"Cibao Nordeste","María Trinidad Sánchez","Cabrera","La Jagüita","La Bejucura"
"Cibao Nordeste","María Trinidad Sánchez","Cabrera","La Jagüita","La Flaca"
"Cibao Nordeste","María Trinidad Sánchez","Cabrera","La Jagüita","La Jagua"
"Cibao Nordeste","María Trinidad Sánchez","Cabrera","La Jagüita","Laguna del Remblazo"
"Cibao Nordeste","María Trinidad Sánchez","Cabrera","La Jagüita","San José Pastrana"
"Cibao Nordeste","María Trinidad Sánchez","Cabrera","La Jagüita","Santa María"
"Cibao Nordeste","María Trinidad Sánchez","Cabrera","La Jagüita","Sector Mella"
"Cibao Nordeste","María Trinidad Sánchez","Cabrera","El Jamo","El Cigual"
"Cibao Nordeste","María Trinidad Sánchez","Cabrera","El Jamo","El Diamante"
"Cibao Nordeste","María Trinidad Sánchez","Cabrera","El Jamo","El Jamo"
"Cibao Nordeste","María Trinidad Sánchez","Cabrera","El Jamo","Higo de las Tres Piernas"
"Cibao Nordeste","María Trinidad Sánchez","Cabrera","El Jamo","Juan Gómez"
"Cibao Nordeste","María Trinidad Sánchez","Cabrera","El Jamo","La Cruz"
"Cibao Nordeste","María Trinidad Sánchez","Cabrera","El Jamo","La Llanada"
"Cibao Nordeste","María Trinidad Sánchez","Cabrera","El Jamo","Loma Alta"
"Cibao Nordeste","María Trinidad Sánchez","Cabrera","El Jamo","Los Canjilones"
"Cibao Nordeste","María Trinidad Sánchez","Cabrera","El Jamo","Los Valles"
"Cibao Nordeste","María Trinidad Sánchez","Cabrera","El Jamo","Pozo Prieto"
"Cibao Nordeste","María Trinidad Sánchez","Cabrera","Arroyo Salado","Los Placeres"
"Cibao Nordeste","María Trinidad Sánchez","Cabrera","Arroyo Salado","Los Solares"
"Cibao Nordeste","María Trinidad Sánchez","Cabrera","Arroyo Salado","Payita o Centro del Pueblo"
"Cibao Nordeste","María Trinidad Sánchez","Cabrera","Arroyo Salado","Santa Ana"
"Cibao Nordeste","María Trinidad Sánchez","Cabrera","Baoba del Piñal","Baoba del Piñal"
"Cibao Nordeste","María Trinidad Sánchez","Cabrera","Baoba del Piñal","La Central (Arroyo Salado)"
"Cibao Nordeste","María Trinidad Sánchez","Cabrera","Baoba del Piñal","Línea 15"
"Cibao Nordeste","María Trinidad Sánchez","Cabrera","Baoba del Piñal","Los Higos"
"Cibao Nordeste","María Trinidad Sánchez","Cabrera","Baoba del Piñal","Los Pajuiles"
"Cibao Nordeste","María Trinidad Sánchez","Cabrera","Baoba del Piñal","Ochoa"
"Cibao Nordeste","María Trinidad Sánchez","Cabrera","Baoba del Piñal","Pueblo Nuevo"
"Cibao Nordeste","María Trinidad Sánchez","Cabrera","Baoba del Piñal","Vista Linda"
"Cibao Nordeste","María Trinidad Sánchez","Cabrera","San Isidro","Barrio El Carmen (Tierra de Pulguita)"
"Cibao Nordeste","María Trinidad Sánchez","Cabrera","San Isidro","Cañada Arenosa"
"Cibao Nordeste","María Trinidad Sánchez","Cabrera","San Isidro","Caño Bejuco"
"Cibao Nordeste","María Trinidad Sánchez","Cabrera","San Isidro","La Legamosa"
"Cibao Nordeste","María Trinidad Sánchez","Cabrera","San Isidro","San Isidro"
"Cibao Nordeste","María Trinidad Sánchez","Cabrera","Payita","La Ceiba"
"Cibao Nordeste","María Trinidad Sánchez","Cabrera","Payita","Los Pajones"
"Cibao Nordeste","María Trinidad Sánchez","Cabrera","Payita","Los Placeres"
"Cibao Nordeste","María Trinidad Sánchez","Cabrera","Payita","Payita"
"Cibao Nordeste","María Trinidad Sánchez","Cabrera","Payita","Puerto Rico a Pie"
"Cibao Nordeste","María Trinidad Sánchez","Cabrera","San Rafael","Barrio El Puente"
"Cibao Nordeste","María Trinidad Sánchez","Cabrera","San Rafael","La Cueva"
"Cibao Nordeste","María Trinidad Sánchez","Cabrera","San Rafael","La Milagrosa o Proyecto San Miguel"
"Cibao Nordeste","María Trinidad Sánchez","Cabrera","San Rafael","Ojo de Agua"
"Cibao Nordeste","María Trinidad Sánchez","Cabrera","San Rafael","San Rafael"
"Cibao Nordeste","María Trinidad Sánchez","Cabrera","La Entrada","La Entrada"
"Cibao Nordeste","María Trinidad Sánchez","Cabrera","Caño Azul Colorado","Caño Azul de Colorado"
"Cibao Nordeste","María Trinidad Sánchez","Cabrera","Caño Azul Colorado","El Bajío (Los Puentes)"
"Cibao Nordeste","María Trinidad Sánchez","Cabrera","Caño Azul Colorado","El Brocal"
"Cibao Nordeste","María Trinidad Sánchez","Cabrera","Caño Azul Colorado","La Entrada"
"Cibao Nordeste","María Trinidad Sánchez","Cabrera","Caño Azul Colorado","La Vereda"
"Cibao Nordeste","María Trinidad Sánchez","Cabrera","Caño Azul Colorado","La Virgen de la Piedra"
"Cibao Nordeste","María Trinidad Sánchez","Cabrera","Caño Azul Colorado","Las Abejas"
"Cibao Nordeste","María Trinidad Sánchez","Cabrera","Caño Azul Colorado","Loma del Toro"
"Cibao Nordeste","María Trinidad Sánchez","Cabrera","Caño Azul Colorado","Pozo Amarillo"
"Cibao Nordeste","María Trinidad Sánchez","Cabrera","Caño Azul Colorado","Pozo Arenoso"
"Cibao Nordeste","María Trinidad Sánchez","Cabrera","La Capilla","El Callejón"
"Cibao Nordeste","María Trinidad Sánchez","Cabrera","La Capilla","El Picao de Los Toritos"
"Cibao Nordeste","María Trinidad Sánchez","Cabrera","La Capilla","La Botija"
"Cibao Nordeste","María Trinidad Sánchez","Cabrera","La Capilla","La Capilla"
"Cibao Nordeste","María Trinidad Sánchez","Cabrera","La Capilla","Loma de Los Selectos"
"Cibao Nordeste","María Trinidad Sánchez","Cabrera","La Capilla","Los Cacaos"
"Cibao Nordeste","María Trinidad Sánchez","Cabrera","La Capilla","Los Pinitos"
"Cibao Nordeste","María Trinidad Sánchez","Cabrera","La Capilla","Pozo Hondo"
"Cibao Nordeste","María Trinidad Sánchez","El Factor","El Factor","El Abita"
"Cibao Nordeste","María Trinidad Sánchez","El Factor","El Factor","El Barro"
"Cibao Nordeste","María Trinidad Sánchez","El Factor","El Factor","El Hospital o Las Mercedes"
"Cibao Nordeste","María Trinidad Sánchez","El Factor","El Factor","El Play o San José"
"Cibao Nordeste","María Trinidad Sánchez","El Factor","El Factor","Factor Viejo"
"Cibao Nordeste","María Trinidad Sánchez","El Factor","El Factor","La Iglesia"
"Cibao Nordeste","María Trinidad Sánchez","El Factor","El Factor","Pueblo Nuevo"
"Cibao Nordeste","María Trinidad Sánchez","El Factor","El Papayo","Altos del Rancho"
"Cibao Nordeste","María Trinidad Sánchez","El Factor","El Papayo","Cinta Negra"
"Cibao Nordeste","María Trinidad Sánchez","El Factor","El Papayo","Cuesta Colorada"
"Cibao Nordeste","María Trinidad Sánchez","El Factor","El Papayo","El Higüero"
"Cibao Nordeste","María Trinidad Sánchez","El Factor","El Papayo","El Jobito"
"Cibao Nordeste","María Trinidad Sánchez","El Factor","El Papayo","El Papayo"
"Cibao Nordeste","María Trinidad Sánchez","El Factor","El Papayo","Esquina Caliente"
"Cibao Nordeste","María Trinidad Sánchez","El Factor","El Papayo","La Peonía"
"Cibao Nordeste","María Trinidad Sánchez","El Factor","El Papayo","Los Pomos"
"Cibao Nordeste","María Trinidad Sánchez","El Factor","El Papayo","Vuelta Larga"
"Cibao Nordeste","María Trinidad Sánchez","El Factor","Los Pajones","Caño de la Vaca"
"Cibao Nordeste","María Trinidad Sánchez","El Factor","Los Pajones","Los Pajones"
"Cibao Nordeste","María Trinidad Sánchez","El Factor","Los Pajones","Piedra Blanca"
"Cibao Nordeste","María Trinidad Sánchez","El Factor","Los Pajones","Quebrada Fría"
"Cibao Nordeste","María Trinidad Sánchez","El Factor","Telanza","Blanco"
"Cibao Nordeste","María Trinidad Sánchez","El Factor","Telanza","El Barro"
"Cibao Nordeste","María Trinidad Sánchez","El Factor","Telanza","El Telanza"
"Cibao Nordeste","María Trinidad Sánchez","El Factor","Telanza","Palma Sola"
"Cibao Nordeste","María Trinidad Sánchez","El Factor","Los Indios","Higüerito"
"Cibao Nordeste","María Trinidad Sánchez","El Factor","Los Indios","Higüerito Abajo"
"Cibao Nordeste","María Trinidad Sánchez","El Factor","Los Indios","Higüerito Arriba"
"Cibao Nordeste","María Trinidad Sánchez","El Factor","Los Indios","La Jíbara"
"Cibao Nordeste","María Trinidad Sánchez","El Factor","Los Indios","Los Indios"
"Cibao Nordeste","María Trinidad Sánchez","El Factor","El Pozo","El Chucho o La Trocha"
"Cibao Nordeste","María Trinidad Sánchez","El Factor","El Pozo","El Pozo"
"Cibao Nordeste","María Trinidad Sánchez","El Factor","El Pozo","La Factoria"
"Cibao Nordeste","María Trinidad Sánchez","El Factor","El Pozo","Los Limones"
"Cibao Nordeste","María Trinidad Sánchez","El Factor","Los Limones","Barrio La Yagua de La Trocha"
"Cibao Nordeste","María Trinidad Sánchez","El Factor","Los Limones","El Alto (Villa Flores)"
"Cibao Nordeste","María Trinidad Sánchez","El Factor","Los Limones","El Helechal (El Alto)"
"Cibao Nordeste","María Trinidad Sánchez","El Factor","Los Limones","La Cidra"
"Cibao Nordeste","María Trinidad Sánchez","El Factor","Los Limones","La Cimarra"
"Cibao Nordeste","María Trinidad Sánchez","El Factor","Los Limones","La Grimosa"
"Cibao Nordeste","María Trinidad Sánchez","El Factor","Los Limones","La Pichinga"
"Cibao Nordeste","María Trinidad Sánchez","El Factor","Los Limones","La Trocha"
"Cibao Nordeste","María Trinidad Sánchez","El Factor","Los Limones","Rabo de Chivo"
"Cibao Nordeste","María Trinidad Sánchez","El Factor","Madre Vieja","Alto de Jalisco"
"Cibao Nordeste","María Trinidad Sánchez","El Factor","Madre Vieja","Callejón de los Mota"
"Cibao Nordeste","María Trinidad Sánchez","El Factor","Madre Vieja","El Toro"
"Cibao Nordeste","María Trinidad Sánchez","El Factor","Madre Vieja","La Candela"
"Cibao Nordeste","María Trinidad Sánchez","El Factor","Madre Vieja","La Factoría"
"Cibao Nordeste","María Trinidad Sánchez","El Factor","Madre Vieja","La Guázara"
"Cibao Nordeste","María Trinidad Sánchez","El Factor","Madre Vieja","La Punta"
"Cibao Nordeste","María Trinidad Sánchez","El Factor","Madre Vieja","Madre Vieja"
"Cibao Nordeste","María Trinidad Sánchez","Nagua","Nagua","Bella Vista"
"Cibao Nordeste","María Trinidad Sánchez","Nagua","Nagua","Buenos Aires"
"Cibao Nordeste","María Trinidad Sánchez","Nagua","Nagua","Callejón A"
"Cibao Nordeste","María Trinidad Sánchez","Nagua","Nagua","Cementerio"
"Cibao Nordeste","María Trinidad Sánchez","Nagua","Nagua","Centro del Pueblo"
"Cibao Nordeste","María Trinidad Sánchez","Nagua","Nagua","Cerros de la Bahía"
"Cibao Nordeste","María Trinidad Sánchez","Nagua","Nagua","El Edén"
"Cibao Nordeste","María Trinidad Sánchez","Nagua","Nagua","El Ferrocarril"
"Cibao Nordeste","María Trinidad Sánchez","Nagua","Nagua","El Frenito"
"Cibao Nordeste","María Trinidad Sánchez","Nagua","Nagua","El Tanque"
"Cibao Nordeste","María Trinidad Sánchez","Nagua","Nagua","Ensanche José Ramírez"
"Cibao Nordeste","María Trinidad Sánchez","Nagua","Nagua","Grabriela II"
"Cibao Nordeste","María Trinidad Sánchez","Nagua","Nagua","José Lucas"
"Cibao Nordeste","María Trinidad Sánchez","Nagua","Nagua","Kilómetro 3"
"Cibao Nordeste","María Trinidad Sánchez","Nagua","Nagua","La Capitalista"
"Cibao Nordeste","María Trinidad Sánchez","Nagua","Nagua","La Cruz"
"Cibao Nordeste","María Trinidad Sánchez","Nagua","Nagua","La Laguna o Peña Bello"
"Cibao Nordeste","María Trinidad Sánchez","Nagua","Nagua","La Pocilga (Duraliza Ulloa)"
"Cibao Nordeste","María Trinidad Sánchez","Nagua","Nagua","Las Quinientas"
"Cibao Nordeste","María Trinidad Sánchez","Nagua","Nagua","Libertad (El Guayo)"
"Cibao Nordeste","María Trinidad Sánchez","Nagua","Nagua","Los Cacaítos"
"Cibao Nordeste","María Trinidad Sánchez","Nagua","Nagua","Los Maestros"
"Cibao Nordeste","María Trinidad Sánchez","Nagua","Nagua","Luis Martín Hilario"
"Cibao Nordeste","María Trinidad Sánchez","Nagua","Nagua","P.R.D."
"Cibao Nordeste","María Trinidad Sánchez","Nagua","Nagua","Proyecto José Francisco Peña Gómez"
"Cibao Nordeste","María Trinidad Sánchez","Nagua","Nagua","Proyecto Mingoye"
"Cibao Nordeste","María Trinidad Sánchez","Nagua","Nagua","Proyecto Nueva Nagua"
"Cibao Nordeste","María Trinidad Sánchez","Nagua","Nagua","Pueblo Nuevo"
"Cibao Nordeste","María Trinidad Sánchez","Nagua","Nagua","Quisqueyano"
"Cibao Nordeste","María Trinidad Sánchez","Nagua","Nagua","Residencial Costa Verde"
"Cibao Nordeste","María Trinidad Sánchez","Nagua","Nagua","Residencial Doña Emma Balaguer"
"Cibao Nordeste","María Trinidad Sánchez","Nagua","Nagua","Residencial las Praderas"
"Cibao Nordeste","María Trinidad Sánchez","Nagua","Nagua","Residencial Miguel Abud"
"Cibao Nordeste","María Trinidad Sánchez","Nagua","Nagua","Residencial Peña Bello"
"Cibao Nordeste","María Trinidad Sánchez","Nagua","Nagua","Residencial Vista del Atlántico"
"Cibao Nordeste","María Trinidad Sánchez","Nagua","Nagua","Río Mar"
"Cibao Nordeste","María Trinidad Sánchez","Nagua","Nagua","Roberto Fermín"
"Cibao Nordeste","María Trinidad Sánchez","Nagua","Nagua","San José de Villa (Cumajón)"
"Cibao Nordeste","María Trinidad Sánchez","Nagua","Nagua","San Marcos (Soldado Arriba)"
"Cibao Nordeste","María Trinidad Sánchez","Nagua","Nagua","Santísima Trinidad"
"Cibao Nordeste","María Trinidad Sánchez","Nagua","Nagua","Soldado Abajo"
"Cibao Nordeste","María Trinidad Sánchez","Nagua","Nagua","Toro Cenizo"
"Cibao Nordeste","María Trinidad Sánchez","Nagua","Nagua","Universitario"
"Cibao Nordeste","María Trinidad Sánchez","Nagua","Nagua","Urbanización Lora"
"Cibao Nordeste","María Trinidad Sánchez","Nagua","Nagua","Urbanización Toni Lucas"
"Cibao Nordeste","María Trinidad Sánchez","Nagua","Nagua","Villa Iris"
"Cibao Nordeste","María Trinidad Sánchez","Nagua","Nagua Rural","Caño Blanco"
"Cibao Nordeste","María Trinidad Sánchez","Nagua","Nagua Rural","Cruce del Caño"
"Cibao Nordeste","María Trinidad Sánchez","Nagua","Nagua Rural","El Estero"
"Cibao Nordeste","María Trinidad Sánchez","Nagua","Nagua Rural","El Juncal"
"Cibao Nordeste","María Trinidad Sánchez","Nagua","Nagua Rural","La Loma"
"Cibao Nordeste","María Trinidad Sánchez","Nagua","Nagua Rural","La Represa"
"Cibao Nordeste","María Trinidad Sánchez","Nagua","Nagua Rural","La Senda"
"Cibao Nordeste","María Trinidad Sánchez","Nagua","Nagua Rural","Los Cacaítos"
"Cibao Nordeste","María Trinidad Sánchez","Nagua","Nagua Rural","Sabaneta"
"Cibao Nordeste","María Trinidad Sánchez","Nagua","San José de Matanzas","Centro del Pueblo"
"Cibao Nordeste","María Trinidad Sánchez","Nagua","San José de Matanzas","Fogón Apagado"
"Cibao Nordeste","María Trinidad Sánchez","Nagua","San José de Matanzas","La Playa"
"Cibao Nordeste","María Trinidad Sánchez","Nagua","San José de Matanzas","Los Suburbios"
"Cibao Nordeste","María Trinidad Sánchez","Nagua","San José de Matanzas","Nuevo"
"Cibao Nordeste","María Trinidad Sánchez","Nagua","Ceja del Jobo","Ceja de La Guamita"
"Cibao Nordeste","María Trinidad Sánchez","Nagua","Ceja del Jobo","Ceja de los Castaños"
"Cibao Nordeste","María Trinidad Sánchez","Nagua","Ceja del Jobo","Ceja del Jobo"
"Cibao Nordeste","María Trinidad Sánchez","Nagua","Ceja del Jobo","El Aguacate de Vietnam"
"Cibao Nordeste","María Trinidad Sánchez","Nagua","Ceja del Jobo","El Tablón"
"Cibao Nordeste","María Trinidad Sánchez","Nagua","Ceja del Jobo","La Ceja"
"Cibao Nordeste","María Trinidad Sánchez","Nagua","Ceja del Jobo","La Cejita"
"Cibao Nordeste","María Trinidad Sánchez","Nagua","Ceja del Jobo","Vietnam"
"Cibao Nordeste","María Trinidad Sánchez","Nagua","Cruce de Rincón","Cruce de Pescadero"
"Cibao Nordeste","María Trinidad Sánchez","Nagua","Cruce de Rincón","Cruce de Rincón"
"Cibao Nordeste","María Trinidad Sánchez","Nagua","Cruce de Rincón","El Saldo"
"Cibao Nordeste","María Trinidad Sánchez","Nagua","Cruce de Rincón","La Guama"
"Cibao Nordeste","María Trinidad Sánchez","Nagua","Cruce de Rincón","La Lometa"
"Cibao Nordeste","María Trinidad Sánchez","Nagua","Cruce de Rincón","La Lometica"
"Cibao Nordeste","María Trinidad Sánchez","Nagua","Cruce de Rincón","Las Garzas"
"Cibao Nordeste","María Trinidad Sánchez","Nagua","Cruce de Rincón","Los Berrendos"
"Cibao Nordeste","María Trinidad Sánchez","Nagua","Cruce de Rincón","Los Rieles de Molinillo"
"Cibao Nordeste","María Trinidad Sánchez","Nagua","Cruce de Rincón","Maltomacina"
"Cibao Nordeste","María Trinidad Sánchez","Nagua","Cruce de Rincón","Pescadero"
"Cibao Nordeste","María Trinidad Sánchez","Nagua","Cruce de Rincón","Pontón"
"Cibao Nordeste","María Trinidad Sánchez","Nagua","Cruce de Rincón","San Rafael"
"Cibao Nordeste","María Trinidad Sánchez","Nagua","Los Yayales","Arenoso"
"Cibao Nordeste","María Trinidad Sánchez","Nagua","Los Yayales","Colorado"
"Cibao Nordeste","María Trinidad Sánchez","Nagua","Los Yayales","Cuba Libre"
"Cibao Nordeste","María Trinidad Sánchez","Nagua","Los Yayales","El Anón"
"Cibao Nordeste","María Trinidad Sánchez","Nagua","Los Yayales","El Guayabo"
"Cibao Nordeste","María Trinidad Sánchez","Nagua","Los Yayales","El Naranjo"
"Cibao Nordeste","María Trinidad Sánchez","Nagua","Los Yayales","El Tope"
"Cibao Nordeste","María Trinidad Sánchez","Nagua","Los Yayales","Los Yayales"
"Cibao Nordeste","María Trinidad Sánchez","Nagua","Los Yayales","Matancita"
"Cibao Nordeste","María Trinidad Sánchez","Nagua","Los Yayales","Poza de Bojolo"
"Cibao Nordeste","María Trinidad Sánchez","Nagua","Las Gordas","Canta Rana"
"Cibao Nordeste","María Trinidad Sánchez","Nagua","Las Gordas","Centro del Pueblo o Alto de la Felicidad"
"Cibao Nordeste","María Trinidad Sánchez","Nagua","Las Gordas","El Caserío"
"Cibao Nordeste","María Trinidad Sánchez","Nagua","Las Gordas","La Changüela"
"Cibao Nordeste","María Trinidad Sánchez","Nagua","Las Gordas","Quebrada Amarilla"
"Cibao Nordeste","María Trinidad Sánchez","Nagua","Las Gordas","La Lometa"
"Cibao Nordeste","María Trinidad Sánchez","Nagua","Boba","Bella Vista"
"Cibao Nordeste","María Trinidad Sánchez","Nagua","Boba","La Mata (Boba)"
"Cibao Nordeste","María Trinidad Sánchez","Nagua","Boba","La Senda"
"Cibao Nordeste","María Trinidad Sánchez","Nagua","Boba","Los Rincones de Boba"
"Cibao Nordeste","María Trinidad Sánchez","Nagua","Los Jengibres","Alemania"
"Cibao Nordeste","María Trinidad Sánchez","Nagua","Los Jengibres","Arroyo Sordo"
"Cibao Nordeste","María Trinidad Sánchez","Nagua","Los Jengibres","El Higüero"
"Cibao Nordeste","María Trinidad Sánchez","Nagua","Los Jengibres","Guayabito"
"Cibao Nordeste","María Trinidad Sánchez","Nagua","Los Jengibres","La Catalina"
"Cibao Nordeste","María Trinidad Sánchez","Nagua","Los Jengibres","La Totuma"
"Cibao Nordeste","María Trinidad Sánchez","Nagua","Los Jengibres","Laguna del Caimán"
"Cibao Nordeste","María Trinidad Sánchez","Nagua","Los Jengibres","Las Totumas Abajo"
"Cibao Nordeste","María Trinidad Sánchez","Nagua","Los Jengibres","Los Cuervos"
"Cibao Nordeste","María Trinidad Sánchez","Nagua","Los Jengibres","Los Jengibres"
"Cibao Nordeste","María Trinidad Sánchez","Nagua","Los Jengibres","Los Memizos"
"Cibao Nordeste","María Trinidad Sánchez","Nagua","Mata Bonita","El Tizón"
"Cibao Nordeste","María Trinidad Sánchez","Nagua","Mata Bonita","Guarapo"
"Cibao Nordeste","María Trinidad Sánchez","Nagua","Mata Bonita","Mata Bonita"
"Cibao Nordeste","María Trinidad Sánchez","Nagua","Mata Bonita","Mata del Agua"
"Cibao Nordeste","María Trinidad Sánchez","Nagua","Mata Bonita","Piragua"
"Cibao Nordeste","María Trinidad Sánchez","Nagua","Mata Bonita","Quebrada Amarilla"
"Cibao Nordeste","María Trinidad Sánchez","Nagua","Caño de los Naranjos","Caño de los Naranjos"
"Cibao Nordeste","María Trinidad Sánchez","Nagua","Caño de los Naranjos","La Ciénaga"
"Cibao Nordeste","María Trinidad Sánchez","Nagua","Arroyo al Medio","Cruce de Arroyo al Medio"
"Cibao Nordeste","María Trinidad Sánchez","Nagua","Arroyo al Medio","Samaná o Samaná Tres Cuerdas"
"Cibao Nordeste","María Trinidad Sánchez","Nagua","El Guayabo","Caño Teloso Abajo"
"Cibao Nordeste","María Trinidad Sánchez","Nagua","El Guayabo","Caño Teloso Arriba"
"Cibao Nordeste","María Trinidad Sánchez","Nagua","El Guayabo","El Cruce de Guayabo (El Cruce)"
"Cibao Nordeste","María Trinidad Sánchez","Nagua","El Guayabo","El Guayabo"
"Cibao Nordeste","María Trinidad Sánchez","Nagua","El Guayabo","La Colmenas"
"Cibao Nordeste","María Trinidad Sánchez","Nagua","El Guayabo","La Joya"
"Cibao Nordeste","María Trinidad Sánchez","Nagua","El Guayabo","Los Cachimbos"
"Cibao Nordeste","María Trinidad Sánchez","Nagua","El Guayabo","Los Rincones"
"Cibao Nordeste","María Trinidad Sánchez","Nagua","El Guayabo","Los Saúcos"
"Cibao Nordeste","María Trinidad Sánchez","Nagua","El Guayabo","Monte Llano"
"Cibao Nordeste","María Trinidad Sánchez","Nagua","El Guayabo","Sonador"
"Cibao Nordeste","María Trinidad Sánchez","Nagua","Río Jagua","El Balatá o Los Balataces"
"Cibao Nordeste","María Trinidad Sánchez","Nagua","Río Jagua","El Calabazo"
"Cibao Nordeste","María Trinidad Sánchez","Nagua","Río Jagua","El Coil o Col"
"Cibao Nordeste","María Trinidad Sánchez","Nagua","Río Jagua","El Ramonal"
"Cibao Nordeste","María Trinidad Sánchez","Nagua","Río Jagua","La Guásuma"
"Cibao Nordeste","María Trinidad Sánchez","Nagua","Río Jagua","La Mina"
"Cibao Nordeste","María Trinidad Sánchez","Nagua","Río Jagua","La Placeta"
"Cibao Nordeste","María Trinidad Sánchez","Nagua","Río Jagua","Los Anones"
"Cibao Nordeste","María Trinidad Sánchez","Nagua","Río Jagua","Los Chivos"
"Cibao Nordeste","María Trinidad Sánchez","Nagua","Río Jagua","Los Oréganos"
"Cibao Nordeste","María Trinidad Sánchez","Nagua","Río Jagua","Los Pajones"
"Cibao Nordeste","María Trinidad Sánchez","Nagua","Río Jagua","Peñoso"
"Cibao Nordeste","María Trinidad Sánchez","Nagua","Río Jagua","Río Jagua"
"Cibao Nordeste","María Trinidad Sánchez","Nagua","Río Jagua","Río Jagua Arriba"
"Cibao Nordeste","María Trinidad Sánchez","Nagua","El Yayal","Caño de Los Negros"
"Cibao Nordeste","María Trinidad Sánchez","Nagua","El Yayal","El Drago"
"Cibao Nordeste","María Trinidad Sánchez","Nagua","El Yayal","El Yayal"
"Cibao Nordeste","María Trinidad Sánchez","Nagua","El Yayal","La Palmita Abajo"
"Cibao Nordeste","María Trinidad Sánchez","Nagua","El Yayal","La Palmita Arriba"
"Cibao Nordeste","María Trinidad Sánchez","Nagua","El Yayal","Las Quince Mil"
"Cibao Nordeste","María Trinidad Sánchez","Nagua","El Yayal","Los Cerros"
"Cibao Nordeste","María Trinidad Sánchez","Nagua","El Yayal","Los Pontones"
"Cibao Nordeste","María Trinidad Sánchez","Nagua","El Yayal","Sabana del Mono (La Sabana)"
"Cibao Nordeste","María Trinidad Sánchez","Nagua","El Yayal","Sabana del Yayal (Los Ranchos)"
"Cibao Nordeste","María Trinidad Sánchez","Nagua","El Yayal","Villa Alegre"
"Cibao Nordeste","María Trinidad Sánchez","Nagua","El Yayal","Villa Altagracia (El Hoyito)"
"Cibao Nordeste","María Trinidad Sánchez","Nagua","Las Córcobas","Arroyo al Medio Arriba"
"Cibao Nordeste","María Trinidad Sánchez","Nagua","Las Córcobas","Caya Clara"
"Cibao Nordeste","María Trinidad Sánchez","Nagua","Las Córcobas","El Alto del Cementerio"
"Cibao Nordeste","María Trinidad Sánchez","Nagua","Las Córcobas","El Palmar de los Sánchez"
"Cibao Nordeste","María Trinidad Sánchez","Nagua","Las Córcobas","El Picao de Luis o Picado de Luis"
"Cibao Nordeste","María Trinidad Sánchez","Nagua","Las Córcobas","La Ciruela"
"Cibao Nordeste","María Trinidad Sánchez","Nagua","Las Córcobas","La Curva (El Aguacate)"
"Cibao Nordeste","María Trinidad Sánchez","Nagua","Las Córcobas","La Jagua"
"Cibao Nordeste","María Trinidad Sánchez","Nagua","Las Córcobas","La Pieza"
"Cibao Nordeste","María Trinidad Sánchez","Nagua","Las Córcobas","La Travesía"
"Cibao Nordeste","María Trinidad Sánchez","Nagua","Las Córcobas","Las Córcobas"
"Cibao Nordeste","María Trinidad Sánchez","Nagua","Las Córcobas","Los Fogones"
"Cibao Nordeste","María Trinidad Sánchez","Nagua","Las Córcobas","Los Toros"
"Cibao Nordeste","María Trinidad Sánchez","Nagua","Las Córcobas","Majagual"
"Cibao Nordeste","María Trinidad Sánchez","Nagua","Las Córcobas","Majagual Abajo"
"Cibao Nordeste","María Trinidad Sánchez","Nagua","Las Córcobas","Quebrada Honda"
"Cibao Nordeste","María Trinidad Sánchez","Río San Juan","Río San Juan","Acapulco"
"Cibao Nordeste","María Trinidad Sánchez","Río San Juan","Río San Juan","Buenos Aires"
"Cibao Nordeste","María Trinidad Sánchez","Río San Juan","Río San Juan","Caña Amarga"
"Cibao Nordeste","María Trinidad Sánchez","Río San Juan","Río San Juan","Centro del Pueblo"
"Cibao Nordeste","María Trinidad Sánchez","Río San Juan","Río San Juan","El Edén"
"Cibao Nordeste","María Trinidad Sánchez","Río San Juan","Río San Juan","El Hospital"
"Cibao Nordeste","María Trinidad Sánchez","Río San Juan","Río San Juan","La Coquera"
"Cibao Nordeste","María Trinidad Sánchez","Río San Juan","Río San Juan","La Gallera Vieja"
"Cibao Nordeste","María Trinidad Sánchez","Río San Juan","Río San Juan","Las Flores"
"Cibao Nordeste","María Trinidad Sánchez","Río San Juan","Río San Juan","Nueva York Chiquito"
"Cibao Nordeste","María Trinidad Sánchez","Río San Juan","Río San Juan","Residencial Bella Colina"
"Cibao Nordeste","María Trinidad Sánchez","Río San Juan","Río San Juan","Santa Lucía"
"Cibao Nordeste","María Trinidad Sánchez","Río San Juan","Río San Juan","Urbanización Aurora"
"Cibao Nordeste","María Trinidad Sánchez","Río San Juan","Río San Juan","Urbanización Rosa Delia"
"Cibao Nordeste","María Trinidad Sánchez","Río San Juan","Los Cacaos","Arroyo Sabana"
"Cibao Nordeste","María Trinidad Sánchez","Río San Juan","Los Cacaos","Batey Brugal"
"Cibao Nordeste","María Trinidad Sánchez","Río San Juan","Los Cacaos","Bobita Abajo"
"Cibao Nordeste","María Trinidad Sánchez","Río San Juan","Los Cacaos","Bobita al Centro"
"Cibao Nordeste","María Trinidad Sánchez","Río San Juan","Los Cacaos","Carrasco"
"Cibao Nordeste","María Trinidad Sánchez","Río San Juan","Los Cacaos","El Caracol"
"Cibao Nordeste","María Trinidad Sánchez","Río San Juan","Los Cacaos","El Caraqueño"
"Cibao Nordeste","María Trinidad Sánchez","Río San Juan","Los Cacaos","El Copeyito"
"Cibao Nordeste","María Trinidad Sánchez","Río San Juan","Los Cacaos","El Coquital"
"Cibao Nordeste","María Trinidad Sánchez","Río San Juan","Los Cacaos","El Guano"
"Cibao Nordeste","María Trinidad Sánchez","Río San Juan","Los Cacaos","El Morrito"
"Cibao Nordeste","María Trinidad Sánchez","Río San Juan","Los Cacaos","El Ranchito"
"Cibao Nordeste","María Trinidad Sánchez","Río San Juan","Los Cacaos","Jobo Claro"
"Cibao Nordeste","María Trinidad Sánchez","Río San Juan","Los Cacaos","La Coyera"
"Cibao Nordeste","María Trinidad Sánchez","Río San Juan","Los Cacaos","La Descubierta"
"Cibao Nordeste","María Trinidad Sánchez","Río San Juan","Los Cacaos","La Manigua"
"Cibao Nordeste","María Trinidad Sánchez","Río San Juan","Los Cacaos","La Manteca"
"Cibao Nordeste","María Trinidad Sánchez","Río San Juan","Los Cacaos","La Mozadera o La Hozadera"
"Cibao Nordeste","María Trinidad Sánchez","Río San Juan","Los Cacaos","La Puerta"
"Cibao Nordeste","María Trinidad Sánchez","Río San Juan","Los Cacaos","La Vigía"
"Cibao Nordeste","María Trinidad Sánchez","Río San Juan","Los Cacaos","Las Ceibas"
"Cibao Nordeste","María Trinidad Sánchez","Río San Juan","Los Cacaos","Loma El Café"
"Cibao Nordeste","María Trinidad Sánchez","Río San Juan","Los Cacaos","Los Cajuiles"
"Cibao Nordeste","María Trinidad Sánchez","Río San Juan","Los Cacaos","Los Chirivicos"
"Cibao Nordeste","María Trinidad Sánchez","Río San Juan","Los Cacaos","Los Palmaritos"
"Cibao Nordeste","María Trinidad Sánchez","Río San Juan","Los Cacaos","Los Pomos"
"Cibao Nordeste","María Trinidad Sánchez","Río San Juan","Los Cacaos","Los Remolinos"
"Cibao Nordeste","María Trinidad Sánchez","Río San Juan","Los Cacaos","Manigua Arriba"
"Cibao Nordeste","María Trinidad Sánchez","Río San Juan","Los Cacaos","Puerca Gorda"
"Cibao Nordeste","María Trinidad Sánchez","Río San Juan","Los Cacaos","Puerca Gorda del Firme"
"Cibao Nordeste","María Trinidad Sánchez","Río San Juan","Los Cacaos","Sabana la Puerta"
"Cibao Nordeste","María Trinidad Sánchez","Río San Juan","Mata Puerco","Alto del Macao"
"Cibao Nordeste","María Trinidad Sánchez","Río San Juan","Mata Puerco","Arroyo Grande"
"Cibao Nordeste","María Trinidad Sánchez","Río San Juan","Mata Puerco","Bejuco Alambre"
"Cibao Nordeste","María Trinidad Sánchez","Río San Juan","Mata Puerco","Cuerno de Buey"
"Cibao Nordeste","María Trinidad Sánchez","Río San Juan","Mata Puerco","El Tablón"
"Cibao Nordeste","María Trinidad Sánchez","Río San Juan","Mata Puerco","La Caribe"
"Cibao Nordeste","María Trinidad Sánchez","Río San Juan","Mata Puerco","La Cubana"
"Cibao Nordeste","María Trinidad Sánchez","Río San Juan","Mata Puerco","La Novilla"
"Cibao Nordeste","María Trinidad Sánchez","Río San Juan","Mata Puerco","La Tierra"
"Cibao Nordeste","María Trinidad Sánchez","Río San Juan","Mata Puerco","Laguna de Yerba o Josadera"
"Cibao Nordeste","María Trinidad Sánchez","Río San Juan","Mata Puerco","Mata Puerco Abajo"
"Cibao Nordeste","María Trinidad Sánchez","Río San Juan","Mata Puerco","Mata Puerco Arriba"
"Cibao Nordeste","María Trinidad Sánchez","Río San Juan","Mata Puerco","Pozo Prieto o Pozo Largo"
"Cibao Nordeste","Samaná","Las Terrenas","Las Terrenas","Abra Grande"
"Cibao Nordeste","Samaná","Las Terrenas","Las Terrenas","Cacao"
"Cibao Nordeste","Samaná","Las Terrenas","Las Terrenas","Caño Seco"
"Cibao Nordeste","Samaná","Las Terrenas","Las Terrenas","Centro del Pueblo"
"Cibao Nordeste","Samaná","Las Terrenas","Las Terrenas","Come Pan"
"Cibao Nordeste","Samaná","Las Terrenas","Las Terrenas","El Almendro"
"Cibao Nordeste","Samaná","Las Terrenas","Las Terrenas","El Hospital"
"Cibao Nordeste","Samaná","Las Terrenas","Las Terrenas","La Ceiba"
"Cibao Nordeste","Samaná","Las Terrenas","Las Terrenas","La Playa"
"Cibao Nordeste","Samaná","Las Terrenas","Las Terrenas","Obdulia o El Pueblecito"
"Cibao Nordeste","Samaná","Las Terrenas","El Jamito","El Jamito"
"Cibao Nordeste","Samaná","Las Terrenas","El Jamito","Hoyo del Cacao"
"Cibao Nordeste","Samaná","Las Terrenas","El Jamito","Laguna Grande"
"Cibao Nordeste","Samaná","Las Terrenas","El Jamito","Los Puentes"
"Cibao Nordeste","Samaná","Las Terrenas","El Cosón","El Buen Pan"
"Cibao Nordeste","Samaná","Las Terrenas","El Cosón","El Cosón"
"Cibao Nordeste","Samaná","Las Terrenas","El Cosón","El Muro"
"Cibao Nordeste","Samaná","Las Terrenas","El Cosón","La Bonita"
"Cibao Nordeste","Samaná","Las Terrenas","El Cosón","La Ceiba"
"Cibao Nordeste","Samaná","Las Terrenas","El Cosón","Loma de las Ciguas"
"Cibao Nordeste","Samaná","Las Terrenas","El Cosón","Palmar de los Nidos"
"Cibao Nordeste","Samaná","Las Terrenas","La Barbacoa","Carolina"
"Cibao Nordeste","Samaná","Las Terrenas","La Barbacoa","El Portillo"
"Cibao Nordeste","Samaná","Las Terrenas","La Barbacoa","La Barbacoa"
"Cibao Nordeste","Samaná","Las Terrenas","El Naranjito","Ceiba Bonita"
"Cibao Nordeste","Samaná","Las Terrenas","El Naranjito","El Naranjito"
"Cibao Nordeste","Samaná","Las Terrenas","El Naranjito","La Jagua"
"Cibao Nordeste","Samaná","Las Terrenas","El Naranjito","Las Guázaras"
"Cibao Nordeste","Samaná","Las Terrenas","El Naranjito","Monte Negro"
"Cibao Nordeste","Samaná","Las Terrenas","El Naranjito","San Felipe"
"Cibao Nordeste","Samaná","Samaná","Santa Bárbara de Samaná","Área Verde"
"Cibao Nordeste","Samaná","Samaná","Santa Bárbara de Samaná","Cacaveli I"
"Cibao Nordeste","Samaná","Samaná","Santa Bárbara de Samaná","Cacaveli II"
"Cibao Nordeste","Samaná","Samaná","Santa Bárbara de Samaná","Centro del Pueblo"
"Cibao Nordeste","Samaná","Samaná","Santa Bárbara de Samaná","El Mercado"
"Cibao Nordeste","Samaná","Samaná","Santa Bárbara de Samaná","El Millón"
"Cibao Nordeste","Samaná","Samaná","Santa Bárbara de Samaná","La Aguada"
"Cibao Nordeste","Samaná","Samaná","Santa Bárbara de Samaná","La Bastida"
"Cibao Nordeste","Samaná","Samaná","Santa Bárbara de Samaná","La Fortaleza Vieja"
"Cibao Nordeste","Samaná","Samaná","Santa Bárbara de Samaná","La Mezcla"
"Cibao Nordeste","Samaná","Samaná","Santa Bárbara de Samaná","Loma Colón"
"Cibao Nordeste","Samaná","Samaná","Santa Bárbara de Samaná","María Luisa"
"Cibao Nordeste","Samaná","Samaná","Santa Bárbara de Samaná","Nueva York"
"Cibao Nordeste","Samaná","Samaná","Santa Bárbara de Samaná","Panchita"
"Cibao Nordeste","Samaná","Samaná","Santa Bárbara de Samaná","Telecable"
"Cibao Nordeste","Samaná","Samaná","Santa Bárbara de Samaná","Villa Salma"
"Cibao Nordeste","Samaná","Samaná","Santa Bárbara de Samaná","Willmore"
"Cibao Nordeste","Samaná","Samaná","Acosta","Acosta"
"Cibao Nordeste","Samaná","Samaná","Acosta","Anadel"
"Cibao Nordeste","Samaná","Samaná","Acosta","Arroyo Seco"
"Cibao Nordeste","Samaná","Samaná","Acosta","Cayo Levantado"
"Cibao Nordeste","Samaná","Samaná","Acosta","El Valle"
"Cibao Nordeste","Samaná","Samaná","Acosta","Esperanza"
"Cibao Nordeste","Samaná","Samaná","Acosta","La Cruz"
"Cibao Nordeste","Samaná","Samaná","Acosta","La Guardia"
"Cibao Nordeste","Samaná","Samaná","Acosta","La Laguna"
"Cibao Nordeste","Samaná","Samaná","Acosta","La Palmilla"
"Cibao Nordeste","Samaná","Samaná","Acosta","La Playa del Valle"
"Cibao Nordeste","Samaná","Samaná","Acosta","Los Plátanos"
"Cibao Nordeste","Samaná","Samaná","Acosta","Monte Rojo"
"Cibao Nordeste","Samaná","Samaná","Acosta","Río San Juan"
"Cibao Nordeste","Samaná","Samaná","Acosta","Villa Clara"
"Cibao Nordeste","Samaná","Samaná","Los Cacaos","Arroyo Grande"
"Cibao Nordeste","Samaná","Samaná","Los Cacaos","Barrancolí"
"Cibao Nordeste","Samaná","Samaná","Los Cacaos","Carenero"
"Cibao Nordeste","Samaná","Samaná","Los Cacaos","El Francés"
"Cibao Nordeste","Samaná","Samaná","Los Cacaos","La Flecha"
"Cibao Nordeste","Samaná","Samaná","Los Cacaos","Loma de La Piña"
"Cibao Nordeste","Samaná","Samaná","Los Cacaos","Los Cacaos"
"Cibao Nordeste","Samaná","Samaná","Los Cacaos","Los Gratini"
"Cibao Nordeste","Samaná","Samaná","Los Cacaos","Los Naranjos"
"Cibao Nordeste","Samaná","Samaná","Los Cacaos","Los Yagrumos"
"Cibao Nordeste","Samaná","Samaná","Los Cacaos","Punta Balandra"
"Cibao Nordeste","Samaná","Samaná","Los Cacaos","Sabaneta"
"Cibao Nordeste","Samaná","Samaná","Honduras","Bueyero"
"Cibao Nordeste","Samaná","Samaná","Honduras","Curete"
"Cibao Nordeste","Samaná","Samaná","Honduras","Doncel"
"Cibao Nordeste","Samaná","Samaná","Honduras","Ermitaño"
"Cibao Nordeste","Samaná","Samaná","Honduras","Hato Viejo"
"Cibao Nordeste","Samaná","Samaná","Honduras","Honduras"
"Cibao Nordeste","Samaná","Samaná","Honduras","Las Cayas"
"Cibao Nordeste","Samaná","Samaná","Honduras","Las Veritas"
"Cibao Nordeste","Samaná","Samaná","Honduras","Los Algarrobos"
"Cibao Nordeste","Samaná","Samaná","Honduras","Los Arenosos"
"Cibao Nordeste","Samaná","Samaná","Honduras","Los Green"
"Cibao Nordeste","Samaná","Samaná","Honduras","Los Mangos o Coyote"
"Cibao Nordeste","Samaná","Samaná","Honduras","Majagualito"
"Cibao Nordeste","Samaná","Samaná","Honduras","Noroeste"
"Cibao Nordeste","Samaná","Samaná","Honduras","Santa María"
"Cibao Nordeste","Samaná","Samaná","Juana Vicenta","Arroyo Chico Abajo"
"Cibao Nordeste","Samaná","Samaná","Juana Vicenta","Arroyo Chico Arriba"
"Cibao Nordeste","Samaná","Samaná","Juana Vicenta","Arroyo del Diablo"
"Cibao Nordeste","Samaná","Samaná","Juana Vicenta","Arroyo El Toro"
"Cibao Nordeste","Samaná","Samaná","Juana Vicenta","Bonilla"
"Cibao Nordeste","Samaná","Samaná","Juana Vicenta","Colonia Rancho Español"
"Cibao Nordeste","Samaná","Samaná","Juana Vicenta","El Cuerno"
"Cibao Nordeste","Samaná","Samaná","Juana Vicenta","El Jobito"
"Cibao Nordeste","Samaná","Samaná","Juana Vicenta","Juana Vicenta"
"Cibao Nordeste","Samaná","Samaná","Juana Vicenta","La Guázara"
"Cibao Nordeste","Samaná","Samaná","Juana Vicenta","La Jina"
"Cibao Nordeste","Samaná","Samaná","Juana Vicenta","La Lambedera"
"Cibao Nordeste","Samaná","Samaná","Juana Vicenta","Loma La Cruz"
"Cibao Nordeste","Samaná","Samaná","Juana Vicenta","Los Pirindines"
"Cibao Nordeste","Samaná","Samaná","Juana Vicenta","Mata Puercos"
"Cibao Nordeste","Samaná","Samaná","Juana Vicenta","Pozo Hondo"
"Cibao Nordeste","Samaná","Samaná","Juana Vicenta","Río Limón"
"Cibao Nordeste","Samaná","Samaná","Juana Vicenta","Wady Cruz"
"Cibao Nordeste","Samaná","Samaná","El Limón","Arroyo Sabana"
"Cibao Nordeste","Samaná","Samaná","El Limón","Centro del Pueblo o El Limón"
"Cibao Nordeste","Samaná","Samaná","El Limón","La Otra Banda"
"Cibao Nordeste","Samaná","Samaná","El Limón","Los Acostados"
"Cibao Nordeste","Samaná","Samaná","La Barbacoa","Arroyo de La Sabana"
"Cibao Nordeste","Samaná","Samaná","La Barbacoa","Arroyo Surdio"
"Cibao Nordeste","Samaná","Samaná","La Barbacoa","El Café"
"Cibao Nordeste","Samaná","Samaná","La Barbacoa","La Barbacoa"
"Cibao Nordeste","Samaná","Samaná","La Barbacoa","Otra Banda"
"Cibao Nordeste","Samaná","Samaná","Agua Sabrosa","Agua Sabrosa"
"Cibao Nordeste","Samaná","Samaná","Agua Sabrosa","Calabacito"
"Cibao Nordeste","Samaná","Samaná","Agua Sabrosa","Caña Feles"
"Cibao Nordeste","Samaná","Samaná","Agua Sabrosa","Palmarito"
"Cibao Nordeste","Samaná","Samaná","Morón","Lanza del Norte"
"Cibao Nordeste","Samaná","Samaná","Morón","Las Canas"
"Cibao Nordeste","Samaná","Samaná","Morón","Morón"
"Cibao Nordeste","Samaná","Samaná","Arroyo Barril","Arroyo Barril o Centro del Pueblo"
"Cibao Nordeste","Samaná","Samaná","La Pascuala","El Coco"
"Cibao Nordeste","Samaná","Samaná","La Pascuala","El Dajao"
"Cibao Nordeste","Samaná","Samaná","La Pascuala","El Macao"
"Cibao Nordeste","Samaná","Samaná","La Pascuala","La Pascuala"
"Cibao Nordeste","Samaná","Samaná","La Pascuala","Los Arenosos"
"Cibao Nordeste","Samaná","Samaná","La Pascuala","Los Corozos"
"Cibao Nordeste","Samaná","Samaná","La Pascuala","Los Javieles"
"Cibao Nordeste","Samaná","Samaná","La Pascuala","Los Suárez"
"Cibao Nordeste","Samaná","Samaná","La Pascuala","Rancho Español"
"Cibao Nordeste","Samaná","Samaná","La Pascuala","Río Los Cocos"
"Cibao Nordeste","Samaná","Samaná","El Botao","Arroyo Polo"
"Cibao Nordeste","Samaná","Samaná","El Botao","El Gri Gri"
"Cibao Nordeste","Samaná","Samaná","El Botao","La Chorrera"
"Cibao Nordeste","Samaná","Samaná","El Botao","La Mata Puercos"
"Cibao Nordeste","Samaná","Samaná","El Botao","Las Lambederas"
"Cibao Nordeste","Samaná","Samaná","El Botao","Los Róbalos"
"Cibao Nordeste","Samaná","Samaná","Las Galeras","Las Galeras"
"Cibao Nordeste","Samaná","Samaná","La Guásuma","Arroyo del Cabo"
"Cibao Nordeste","Samaná","Samaná","La Guásuma","Caya Clara"
"Cibao Nordeste","Samaná","Samaná","La Guásuma","Cuatro Ojos"
"Cibao Nordeste","Samaná","Samaná","La Guásuma","Cueva del Agua"
"Cibao Nordeste","Samaná","Samaná","La Guásuma","El Frontón"
"Cibao Nordeste","Samaná","Samaná","La Guásuma","La Guásuma"
"Cibao Nordeste","Samaná","Samaná","La Guásuma","La Playa"
"Cibao Nordeste","Samaná","Samaná","La Guásuma","Laguna Salada"
"Cibao Nordeste","Samaná","Samaná","La Guásuma","Llanada al Medio"
"Cibao Nordeste","Samaná","Samaná","La Guásuma","Los Amaceyes"
"Cibao Nordeste","Samaná","Samaná","La Guásuma","Los Lejos"
"Cibao Nordeste","Samaná","Samaná","La Guásuma","Madama"
"Cibao Nordeste","Samaná","Samaná","La Guásuma","Manuel Quiquito"
"Cibao Nordeste","Samaná","Samaná","La Guásuma","Palmarito"
"Cibao Nordeste","Samaná","Samaná","La Guásuma","Quintana"
"Cibao Nordeste","Samaná","Samaná","Los Tocones","Castellalito"
"Cibao Nordeste","Samaná","Samaná","Los Tocones","Ceiba Tablonua"
"Cibao Nordeste","Samaná","Samaná","Los Tocones","La Colmena"
"Cibao Nordeste","Samaná","Samaná","Los Tocones","La Llanada"
"Cibao Nordeste","Samaná","Samaná","Los Tocones","La Sangría"
"Cibao Nordeste","Samaná","Samaná","Los Tocones","Laguna del Diablo"
"Cibao Nordeste","Samaná","Samaná","Los Tocones","Los Bañaderos"
"Cibao Nordeste","Samaná","Samaná","Los Tocones","Los Tocones"
"Cibao Nordeste","Samaná","Samaná","Los Tocones","Palma Clara"
"Cibao Nordeste","Samaná","Samaná","Los Tocones","Playa Colorada"
"Cibao Nordeste","Samaná","Samaná","Rincón","El Pozo de René"
"Cibao Nordeste","Samaná","Samaná","Rincón","La Herradura"
"Cibao Nordeste","Samaná","Samaná","Rincón","Loma Atravesada"
"Cibao Nordeste","Samaná","Samaná","Rincón","Loma El Guano"
"Cibao Nordeste","Samaná","Samaná","Rincón","Los Guanos o Loma El Guano"
"Cibao Nordeste","Samaná","Samaná","Rincón","Rincón"
"Cibao Nordeste","Samaná","Sánchez","Sánchez","Centro del Pueblo"
"Cibao Nordeste","Samaná","Sánchez","Sánchez","Cruce de las Terrenas"
"Cibao Nordeste","Samaná","Sánchez","Sánchez","El Play"
"Cibao Nordeste","Samaná","Sánchez","Sánchez","La Plazoleta"
"Cibao Nordeste","Samaná","Sánchez","Sánchez","Loma de los Camacho"
"Cibao Nordeste","Samaná","Sánchez","Sánchez","Los Rieles"
"Cibao Nordeste","Samaná","Sánchez","Sánchez","Monte Negro"
"Cibao Nordeste","Samaná","Sánchez","Sánchez","Pueblo Abajo"
"Cibao Nordeste","Samaná","Sánchez","Sánchez","Pueblo Arriba"
"Cibao Nordeste","Samaná","Sánchez","Sánchez","Punto Botado"
"Cibao Nordeste","Samaná","Sánchez","Sánchez","Residencial Cerro Yaljú"
"Cibao Nordeste","Samaná","Sánchez","La Majagua","El Burro"
"Cibao Nordeste","Samaná","Sánchez","La Majagua","Jackson"
"Cibao Nordeste","Samaná","Sánchez","La Majagua","La Canoa"
"Cibao Nordeste","Samaná","Sánchez","La Majagua","La Cañita (El Escarbado)"
"Cibao Nordeste","Samaná","Sánchez","La Majagua","La Majagua (Guachupita)"
"Cibao Nordeste","Samaná","Sánchez","La Majagua","Los Chicharrones"
"Cibao Nordeste","Samaná","Sánchez","La Majagua","Los Mangos"
"Cibao Nordeste","Samaná","Sánchez","La Majagua","Los Naranjos Abajo"
"Cibao Nordeste","Samaná","Sánchez","La Majagua","Los Naranjos Arriba"
"Cibao Nordeste","Samaná","Sánchez","La Majagua","Los Ríos"
"Cibao Nordeste","Samaná","Sánchez","La Majagua","Piedra Quemada"
"Cibao Nordeste","Samaná","Sánchez","La Majagua","Proyecto Los Haitises o Catey Adentro"
"Cibao Nordeste","Samaná","Sánchez","La Majagua","San Felipe"
"Cibao Nordeste","Samaná","Sánchez","Las Garitas","Arroyo Higüero"
"Cibao Nordeste","Samaná","Sánchez","Las Garitas","Cabeza de Toro"
"Cibao Nordeste","Samaná","Sánchez","Las Garitas","Las Garitas"
"Cibao Nordeste","Samaná","Sánchez","Las Garitas","Las Mangas"
"Cibao Nordeste","Samaná","Sánchez","Las Garitas","Punta Gorda"
"Cibao Nordeste","Samaná","Sánchez","Las Garitas","Santa Capuza"
"Cibao Nordeste","Samaná","Sánchez","Agua Santa del Yuna","Agua Santa del Yuna"
"Cibao Nordeste","Samaná","Sánchez","Agua Santa del Yuna","Boca del Caño"
"Cibao Nordeste","Samaná","Sánchez","Agua Santa del Yuna","Caba"
"Cibao Nordeste","Samaná","Sánchez","Agua Santa del Yuna","Caña Brava"
"Cibao Nordeste","Samaná","Sánchez","Agua Santa del Yuna","Cristal"
"Cibao Nordeste","Samaná","Sánchez","Agua Santa del Yuna","El Higuito"
"Cibao Nordeste","Samaná","Sánchez","Agua Santa del Yuna","Jurungo"
"Cibao Nordeste","Samaná","Sánchez","Agua Santa del Yuna","La Balsa"
"Cibao Nordeste","Samaná","Sánchez","Agua Santa del Yuna","La Mata"
"Cibao Nordeste","Samaná","Sánchez","Agua Santa del Yuna","La Yaguaza"
"Cibao Nordeste","Samaná","Sánchez","Agua Santa del Yuna","Los Guayuyos"
"Cibao Nordeste","Samaná","Sánchez","Agua Santa del Yuna","Palmar Nuevo"
"Cibao Nordeste","Samaná","Sánchez","Agua Santa del Yuna","Playa Prieta"
"Cibao Nordeste","Samaná","Sánchez","Agua Santa del Yuna","Puerto Escondido"
"Cibao Nordeste","Samaná","Sánchez","Agua Santa del Yuna","Rincón de la Jagua"
"Cibao Nordeste","Samaná","Sánchez","Agua Santa del Yuna","Río Naranjo Abajo"
"Cibao Nordeste","Samaná","Sánchez","Agua Santa del Yuna","Río Naranjo Arriba"
"Cibao Nordeste","Samaná","Sánchez","Majagual","Arroyo Hondo"
"Cibao Nordeste","Samaná","Sánchez","Majagual","Batey Las Hormigas"
"Cibao Nordeste","Samaná","Sánchez","Majagual","El Aguacate"
"Cibao Nordeste","Samaná","Sánchez","Majagual","El Coco"
"Cibao Nordeste","Samaná","Sánchez","Majagual","El Gran Llano"
"Cibao Nordeste","Samaná","Sánchez","Majagual","La Ceiba"
"Cibao Nordeste","Samaná","Sánchez","Majagual","La Manga Arriba"
"Cibao Nordeste","Samaná","Sánchez","Majagual","La Placeta"
"Cibao Nordeste","Samaná","Sánchez","Majagual","Lodo Blandito"
"Cibao Nordeste","Samaná","Sánchez","Majagual","Los Bejucos"
"Cibao Nordeste","Samaná","Sánchez","Majagual","Los Capos o Majagual Adentro"
"Cibao Nordeste","Samaná","Sánchez","Majagual","Los Corrales"
"Cibao Nordeste","Samaná","Sánchez","Majagual","Los Rincones"
"Cibao Nordeste","Samaná","Sánchez","Majagual","Majagual"
"Cibao Nordeste","Samaná","Sánchez","Majagual","Monte Negro"
"Cibao Nordeste","Samaná","Sánchez","El Catey","Catey Abajo"
"Cibao Nordeste","Samaná","Sánchez","El Catey","Catey Adentro"
"Cibao Nordeste","Samaná","Sánchez","El Catey","Catey Arriba"
"Cibao Nordeste","Samaná","Sánchez","El Catey","La Lometa"
"Cibao Nordeste","Samaná","Sánchez","El Catey","Pedregal"
"Cibao Noroeste","Dajabón","Dajabón","Dajabón","Abanico"
"Cibao Noroeste","Dajabón","Dajabón","Dajabón","Beller"
"Cibao Noroeste","Dajabón","Dajabón","Dajabón","Benito Monción"
"Cibao Noroeste","Dajabón","Dajabón","Dajabón","Centro del Pueblo"
"Cibao Noroeste","Dajabón","Dajabón","Dajabón","La Bomba"
"Cibao Noroeste","Dajabón","Dajabón","Dajabón","La Colonia Libertador"
"Cibao Noroeste","Dajabón","Dajabón","Dajabón","La Curva"
"Cibao Noroeste","Dajabón","Dajabón","Dajabón","La Esperanza"
"Cibao Noroeste","Dajabón","Dajabón","Dajabón","La Fe"
"Cibao Noroeste","Dajabón","Dajabón","Dajabón","La Paz"
"Cibao Noroeste","Dajabón","Dajabón","Dajabón","Las Flores"
"Cibao Noroeste","Dajabón","Dajabón","Dajabón","Mejoramiento Social"
"Cibao Noroeste","Dajabón","Dajabón","Dajabón","Norte"
"Cibao Noroeste","Dajabón","Dajabón","Dajabón","Nuevo México"
"Cibao Noroeste","Dajabón","Dajabón","Cañongo","Colonia 30 de Mayo"
"Cibao Noroeste","Dajabón","Dajabón","Cañongo","Colonia de la Fe"
"Cibao Noroeste","Dajabón","Dajabón","Cañongo","Corral Grande"
"Cibao Noroeste","Dajabón","Dajabón","Cayuco","Cayuco"
"Cibao Noroeste","Dajabón","Dajabón","Cayuco","La Cera"
"Cibao Noroeste","Dajabón","Dajabón","Cayuco","Laja Arriba"
"Cibao Noroeste","Dajabón","Dajabón","Cayuco","Los Arroyos"
"Cibao Noroeste","Dajabón","Dajabón","Cayuco","Palo Blanco"
"Cibao Noroeste","Dajabón","Dajabón","Cayuco","Sabana Santiago"
"Cibao Noroeste","Dajabón","Dajabón","Sabana Larga","El Candelón"
"Cibao Noroeste","Dajabón","Dajabón","Sabana Larga","La Cana"
"Cibao Noroeste","Dajabón","Dajabón","Sabana Larga","Los Cercadillos"
"Cibao Noroeste","Dajabón","Dajabón","Sabana Larga","Los Ciruelos"
"Cibao Noroeste","Dajabón","Dajabón","Sabana Larga","Sabana Larga"
"Cibao Noroeste","Dajabón","Dajabón","Sabana Larga","Talanquera"
"Cibao Noroeste","Dajabón","Dajabón","Clavellina","Agua Santa"
"Cibao Noroeste","Dajabón","Dajabón","Clavellina","Arroyo Prieto"
"Cibao Noroeste","Dajabón","Dajabón","Clavellina","Clavellina"
"Cibao Noroeste","Dajabón","Dajabón","Clavellina","Esperón"
"Cibao Noroeste","Dajabón","Dajabón","Clavellina","La Ciénaga"
"Cibao Noroeste","Dajabón","Dajabón","Clavellina","La Patilla"
"Cibao Noroeste","Dajabón","Dajabón","Clavellina","La Piña"
"Cibao Noroeste","Dajabón","Dajabón","Clavellina","Lajas"
"Cibao Noroeste","Dajabón","Dajabón","Clavellina","Los Jíbaros"
"Cibao Noroeste","Dajabón","Dajabón","Chacuey","Chacuey"
"Cibao Noroeste","Dajabón","Dajabón","Chacuey","El Pabellón"
"Cibao Noroeste","Dajabón","Dajabón","Chacuey","Paso Tapao"
"Cibao Noroeste","Dajabón","Dajabón","Cañongo","Cañongo"
"Cibao Noroeste","Dajabón","Dajabón","La Vigía","Kilómetro 4 (El Kilometro Cuatro)"
"Cibao Noroeste","Dajabón","Dajabón","La Vigía","Kilómetro 5 (El Kilometro Cinco)"
"Cibao Noroeste","Dajabón","Dajabón","La Vigía","La Colonia Japonesa"
"Cibao Noroeste","Dajabón","Dajabón","La Vigía","Las Palomitas"
"Cibao Noroeste","Dajabón","Dajabón","La Vigía","Sánchez"
"Cibao Noroeste","Dajabón","El Pino","El Pino","El Pino"
"Cibao Noroeste","Dajabón","El Pino","El Pino","Las Flores"
"Cibao Noroeste","Dajabón","El Pino","El Pino","Sabana de Gurabo o Carlos Gonzalez Nuñez"
"Cibao Noroeste","Dajabón","El Pino","El Pino","Tropical"
"Cibao Noroeste","Dajabón","El Pino","Plan I","El Canal"
"Cibao Noroeste","Dajabón","El Pino","Plan I","El Capacito"
"Cibao Noroeste","Dajabón","El Pino","Plan I","Inaje"
"Cibao Noroeste","Dajabón","El Pino","Plan I","La Avanzada"
"Cibao Noroeste","Dajabón","El Pino","Plan I","Los Inagitos (Los Inajitos)"
"Cibao Noroeste","Dajabón","El Pino","El Rodeo","El Corozo"
"Cibao Noroeste","Dajabón","El Pino","El Rodeo","El Fango"
"Cibao Noroeste","Dajabón","El Pino","El Rodeo","El Marizán (Marizán)"
"Cibao Noroeste","Dajabón","El Pino","El Rodeo","El Pino"
"Cibao Noroeste","Dajabón","El Pino","El Rodeo","El Rodeo"
"Cibao Noroeste","Dajabón","El Pino","El Rodeo","La Burra"
"Cibao Noroeste","Dajabón","El Pino","El Rodeo","La Ceniza"
"Cibao Noroeste","Dajabón","El Pino","El Rodeo","Las Carreras"
"Cibao Noroeste","Dajabón","El Pino","El Rodeo","Los Compos"
"Cibao Noroeste","Dajabón","El Pino","El Rodeo","Los Pozos"
"Cibao Noroeste","Dajabón","El Pino","El Rodeo","Mata de Limón (La Mata de Limón)"
"Cibao Noroeste","Dajabón","El Pino","El Rodeo","Rodeo Adentro (El Rodeo Adentro)"
"Cibao Noroeste","Dajabón","El Pino","El Rodeo","Sabana Gurabo"
"Cibao Noroeste","Dajabón","El Pino","Manuel Bueno","Manuel Bueno"
"Cibao Noroeste","Dajabón","El Pino","Manuel Bueno","Higo Bonito"
"Cibao Noroeste","Dajabón","El Pino","Manuel Bueno","La Chancleta"
"Cibao Noroeste","Dajabón","El Pino","Manuel Bueno","La Jagua Arriba"
"Cibao Noroeste","Dajabón","El Pino","Manuel Bueno","Los Jengibres"
"Cibao Noroeste","Dajabón","El Pino","Manuel Bueno","Palo Blanco"
"Cibao Noroeste","Dajabón","El Pino","Manuel Bueno","Piedra de Bohío"
"Cibao Noroeste","Dajabón","El Pino","Manuel Bueno","Terraplén"
"Cibao Noroeste","Dajabón","El Pino","La Luisa","El Guayabal"
"Cibao Noroeste","Dajabón","El Pino","La Luisa","El Zumbador"
"Cibao Noroeste","Dajabón","El Pino","La Luisa","La Gina (La Ginita)"
"Cibao Noroeste","Dajabón","El Pino","La Luisa","La Luisa"
"Cibao Noroeste","Dajabón","El Pino","La Luisa","Las Auyamas"
"Cibao Noroeste","Dajabón","El Pino","La Luisa","Los Pozos"
"Cibao Noroeste","Dajabón","El Pino","La Jagua Abajo","Arroyo de la Jagua Arriba"
"Cibao Noroeste","Dajabón","El Pino","La Jagua Abajo","El Manguito"
"Cibao Noroeste","Dajabón","El Pino","La Jagua Abajo","La Jagua"
"Cibao Noroeste","Dajabón","El Pino","La Jagua Abajo","La Jagua Abajo"
"Cibao Noroeste","Dajabón","El Pino","La Jagua Abajo","Loma de los Jobos"
"Cibao Noroeste","Dajabón","El Pino","La Jagua Abajo","Loma de Sabana"
"Cibao Noroeste","Dajabón","El Pino","La Jagua Abajo","Los Cacaos"
"Cibao Noroeste","Dajabón","Loma de Cabrera","Loma de Cabrera","Centro del Pueblo"
"Cibao Noroeste","Dajabón","Loma de Cabrera","Loma de Cabrera","Duarte"
"Cibao Noroeste","Dajabón","Loma de Cabrera","Loma de Cabrera","El Tanque"
"Cibao Noroeste","Dajabón","Loma de Cabrera","Loma de Cabrera","García"
"Cibao Noroeste","Dajabón","Loma de Cabrera","Loma de Cabrera","Gómez"
"Cibao Noroeste","Dajabón","Loma de Cabrera","Loma de Cabrera","Gregorio Luperón o La Gallera"
"Cibao Noroeste","Dajabón","Loma de Cabrera","Loma de Cabrera","Legión"
"Cibao Noroeste","Dajabón","Loma de Cabrera","Loma de Cabrera","Norte o Ensanche Quisqueya"
"Cibao Noroeste","Dajabón","Loma de Cabrera","Loma de Cabrera","Sal si Puedes"
"Cibao Noroeste","Dajabón","Loma de Cabrera","El Aguacate","Arroyo la Puerta"
"Cibao Noroeste","Dajabón","Loma de Cabrera","El Aguacate","Caramana"
"Cibao Noroeste","Dajabón","Loma de Cabrera","El Aguacate","Cerro Monte"
"Cibao Noroeste","Dajabón","Loma de Cabrera","El Aguacate","El Aguacate"
"Cibao Noroeste","Dajabón","Loma de Cabrera","El Aguacate","El Cadillar"
"Cibao Noroeste","Dajabón","Loma de Cabrera","El Aguacate","El Corozo"
"Cibao Noroeste","Dajabón","Loma de Cabrera","El Aguacate","La Marihuana"
"Cibao Noroeste","Dajabón","Loma de Cabrera","El Aguacate","La Peñita"
"Cibao Noroeste","Dajabón","Loma de Cabrera","El Aguacate","Los Candelones"
"Cibao Noroeste","Dajabón","Loma de Cabrera","El Aguacate","Los Maguaquitos"
"Cibao Noroeste","Dajabón","Loma de Cabrera","El Aguacate","Los Palmaritos"
"Cibao Noroeste","Dajabón","Loma de Cabrera","El Aguacate","Los Zumbadores"
"Cibao Noroeste","Dajabón","Loma de Cabrera","El Aguacate","Monte Higo"
"Cibao Noroeste","Dajabón","Loma de Cabrera","El Aguacate","Monte la Jagua"
"Cibao Noroeste","Dajabón","Loma de Cabrera","El Cajuil","Arroyo Azul"
"Cibao Noroeste","Dajabón","Loma de Cabrera","El Cajuil","El Cajuil"
"Cibao Noroeste","Dajabón","Loma de Cabrera","El Cajuil","El Rincón"
"Cibao Noroeste","Dajabón","Loma de Cabrera","El Cajuil","La Reforma"
"Cibao Noroeste","Dajabón","Loma de Cabrera","El Cajuil","Las Lagunas"
"Cibao Noroeste","Dajabón","Loma de Cabrera","El Cajuil","Los Colorados"
"Cibao Noroeste","Dajabón","Loma de Cabrera","El Cajuil","Los Pomos"
"Cibao Noroeste","Dajabón","Loma de Cabrera","El Cajuil","Masaquito (Masaquitos)"
"Cibao Noroeste","Dajabón","Loma de Cabrera","El Cajuil","Sabaneta"
"Cibao Noroeste","Dajabón","Loma de Cabrera","La Ceiba","Carrizal"
"Cibao Noroeste","Dajabón","Loma de Cabrera","La Ceiba","Castellar"
"Cibao Noroeste","Dajabón","Loma de Cabrera","La Ceiba","Cerro de Dajao"
"Cibao Noroeste","Dajabón","Loma de Cabrera","La Ceiba","La Ceiba"
"Cibao Noroeste","Dajabón","Loma de Cabrera","Monte Grande","Corozo Abajo"
"Cibao Noroeste","Dajabón","Loma de Cabrera","Monte Grande","El Corozo"
"Cibao Noroeste","Dajabón","Loma de Cabrera","Monte Grande","La Hoya"
"Cibao Noroeste","Dajabón","Loma de Cabrera","Monte Grande","Mancorna"
"Cibao Noroeste","Dajabón","Loma de Cabrera","Monte Grande","Masacre"
"Cibao Noroeste","Dajabón","Loma de Cabrera","Monte Grande","Monte Grande"
"Cibao Noroeste","Dajabón","Loma de Cabrera","Monte Grande","Palo Colorado"
"Cibao Noroeste","Dajabón","Loma de Cabrera","Monte Grande","Paso de Jacinto"
"Cibao Noroeste","Dajabón","Loma de Cabrera","Monte Grande","Puerto Rico"
"Cibao Noroeste","Dajabón","Loma de Cabrera","Capotillo","Capotillo"
"Cibao Noroeste","Dajabón","Loma de Cabrera","Hipólito Billini","Bonito Valle"
"Cibao Noroeste","Dajabón","Loma de Cabrera","Hipólito Billini","Chorro Bonito"
"Cibao Noroeste","Dajabón","Loma de Cabrera","Hipólito Billini","Fondo Grande"
"Cibao Noroeste","Dajabón","Loma de Cabrera","Hipólito Billini","Hipólito Billini"
"Cibao Noroeste","Dajabón","Loma de Cabrera","Hipólito Billini","Monte Adentro"
"Cibao Noroeste","Dajabón","Loma de Cabrera","Hipólito Billini","Tres Palmas"
"Cibao Noroeste","Dajabón","Loma de Cabrera","Hipólito Billini","Villa Esperanza"
"Cibao Noroeste","Dajabón","Loma de Cabrera","Hipólito Billini","Villa Porvenir"
"Cibao Noroeste","Dajabón","Loma de Cabrera","La Peñita Abajo","Don Miguel"
"Cibao Noroeste","Dajabón","Loma de Cabrera","La Peñita Abajo","El Alto de Paloma"
"Cibao Noroeste","Dajabón","Loma de Cabrera","La Peñita Abajo","El Corozo Abajo"
"Cibao Noroeste","Dajabón","Loma de Cabrera","La Peñita Abajo","El Junco"
"Cibao Noroeste","Dajabón","Loma de Cabrera","La Peñita Abajo","La Peñita Abajo"
"Cibao Noroeste","Dajabón","Loma de Cabrera","La Peñita Abajo","Pueblo Nuevo"
"Cibao Noroeste","Dajabón","Loma de Cabrera","La Peñita Abajo","Tamarindo"
"Cibao Noroeste","Dajabón","Loma de Cabrera","Santiago de La Cruz","Centro del Pueblo"
"Cibao Noroeste","Dajabón","Loma de Cabrera","Pinar Claro","Campeche"
"Cibao Noroeste","Dajabón","Loma de Cabrera","Pinar Claro","El Bambú"
"Cibao Noroeste","Dajabón","Loma de Cabrera","Pinar Claro","El Yarey"
"Cibao Noroeste","Dajabón","Loma de Cabrera","Pinar Claro","Lajas Campeche"
"Cibao Noroeste","Dajabón","Loma de Cabrera","Pinar Claro","Piedra Blanca"
"Cibao Noroeste","Dajabón","Loma de Cabrera","Pinar Claro","Pinar Claro"
"Cibao Noroeste","Dajabón","Loma de Cabrera","Pinar Claro","Yareycito"
"Cibao Noroeste","Dajabón","Loma de Cabrera","El Plan","El Plan"
"Cibao Noroeste","Dajabón","Loma de Cabrera","El Plan","Los Tres Caños"
"Cibao Noroeste","Dajabón","Loma de Cabrera","El Plan","Sector la Iglesia"
"Cibao Noroeste","Dajabón","Loma de Cabrera","La Piña","La Piña"
"Cibao Noroeste","Dajabón","Loma de Cabrera","La Piña","Los Socías"
"Cibao Noroeste","Dajabón","Loma de Cabrera","La Piña","Sandino Díaz"
"Cibao Noroeste","Dajabón","Partido","Partido","Partido o Centro del Pueblo"
"Cibao Noroeste","Dajabón","Partido","Partido Arriba","Hatico Viejo"
"Cibao Noroeste","Dajabón","Partido","Partido Arriba","La Piña"
"Cibao Noroeste","Dajabón","Partido","Partido Arriba","Los Indios"
"Cibao Noroeste","Dajabón","Partido","Partido Arriba","Partido Arriba"
"Cibao Noroeste","Dajabón","Partido","Partido Arriba","Sangre Linda"
"Cibao Noroeste","Dajabón","Partido","Vaca Gorda","Aminilla (Loma La Estancia)"
"Cibao Noroeste","Dajabón","Partido","Vaca Gorda","Buen Gusto"
"Cibao Noroeste","Dajabón","Partido","Vaca Gorda","Higüero"
"Cibao Noroeste","Dajabón","Partido","Vaca Gorda","La Culata"
"Cibao Noroeste","Dajabón","Partido","Vaca Gorda","La Culata Arriba"
"Cibao Noroeste","Dajabón","Partido","Vaca Gorda","La Estancia"
"Cibao Noroeste","Dajabón","Partido","Vaca Gorda","La Guásima"
"Cibao Noroeste","Dajabón","Partido","Vaca Gorda","Vaca Gorda"
"Cibao Noroeste","Dajabón","Partido","La Gorra","Aminilla"
"Cibao Noroeste","Dajabón","Partido","La Gorra","Barrera (La Barrera)"
"Cibao Noroeste","Dajabón","Partido","La Gorra","El Estrecho"
"Cibao Noroeste","Dajabón","Partido","La Gorra","El Llano"
"Cibao Noroeste","Dajabón","Partido","La Gorra","El Rodeo"
"Cibao Noroeste","Dajabón","Partido","La Gorra","La Gallina"
"Cibao Noroeste","Dajabón","Partido","La Gorra","La Gorra"
"Cibao Noroeste","Dajabón","Partido","La Gorra","Los Cerros de Aminilla"
"Cibao Noroeste","Dajabón","Partido","La Gorra","Sabana del Medio"
"Cibao Noroeste","Dajabón","Partido","La Gorra","Tawike (Tagüique)"
"Cibao Noroeste","Dajabón","Restauración","Restauración","Centro del Pueblo"
"Cibao Noroeste","Dajabón","Restauración","Cruz de Cabrera","Cruz de Cabrera Abajo"
"Cibao Noroeste","Dajabón","Restauración","Cruz de Cabrera","Cruz de Cabrera Arriba"
"Cibao Noroeste","Dajabón","Restauración","Cruz de Cabrera","La Siembra"
"Cibao Noroeste","Dajabón","Restauración","Cruz de Cabrera","Palma de Los Santos"
"Cibao Noroeste","Dajabón","Restauración","Cruz de Cabrera","Rancho Pedro"
"Cibao Noroeste","Dajabón","Restauración","Cruz de Cabrera","Villa Anacaona"
"Cibao Noroeste","Dajabón","Restauración","El Carrizal","El Carrizal"
"Cibao Noroeste","Dajabón","Restauración","El Carrizal","Fondo Grande"
"Cibao Noroeste","Dajabón","Restauración","El Carrizal","Jiménez (Jiménez Abajo)"
"Cibao Noroeste","Dajabón","Restauración","El Carrizal","La Garrapata"
"Cibao Noroeste","Dajabón","Restauración","El Carrizal","Los Hoyos de Jiménez"
"Cibao Noroeste","Dajabón","Restauración","El Carrizal","Mariano Cestero"
"Cibao Noroeste","Dajabón","Restauración","El Carrizal","Mochito"
"Cibao Noroeste","Dajabón","Restauración","El Carrizal","Tierra Sucia"
"Cibao Noroeste","Dajabón","Restauración","El Carrizal","Vara de Vaca"
"Cibao Noroeste","Dajabón","Restauración","La Pocilga","Agua Blanca"
"Cibao Noroeste","Dajabón","Restauración","La Pocilga","El Corozo"
"Cibao Noroeste","Dajabón","Restauración","La Pocilga","Kilómetro 1"
"Cibao Noroeste","Dajabón","Restauración","La Pocilga","Kilómetro 4"
"Cibao Noroeste","Dajabón","Restauración","La Pocilga","La Pocilga"
"Cibao Noroeste","Dajabón","Restauración","La Pocilga","Neita Abajo"
"Cibao Noroeste","Dajabón","Restauración","La Pocilga","Valle Nuevo"
"Cibao Noroeste","Dajabón","Restauración","La Pocilga","Valle Simón"
"Cibao Noroeste","Dajabón","Restauración","Los Cerezos","Agua de Juan"
"Cibao Noroeste","Dajabón","Restauración","Los Cerezos","Baúl"
"Cibao Noroeste","Dajabón","Restauración","Los Cerezos","El Hato"
"Cibao Noroeste","Dajabón","Restauración","Los Cerezos","El Maniel"
"Cibao Noroeste","Dajabón","Restauración","Los Cerezos","La Berenjena"
"Cibao Noroeste","Dajabón","Restauración","Los Cerezos","La Jagua Abajo"
"Cibao Noroeste","Dajabón","Restauración","Los Cerezos","La Jagua Arriba"
"Cibao Noroeste","Dajabón","Restauración","Los Cerezos","La Penda"
"Cibao Noroeste","Dajabón","Restauración","Los Cerezos","La Sabana"
"Cibao Noroeste","Dajabón","Restauración","Los Cerezos","Las Rosas"
"Cibao Noroeste","Dajabón","Restauración","Los Cerezos","Loma de Caña"
"Cibao Noroeste","Dajabón","Restauración","Los Cerezos","Loma de Sabana"
"Cibao Noroeste","Dajabón","Restauración","Los Cerezos","Loma del Guano"
"Cibao Noroeste","Dajabón","Restauración","Los Cerezos","Los Cerezos"
"Cibao Noroeste","Dajabón","Restauración","Los Cerezos","Mompoque"
"Cibao Noroeste","Dajabón","Restauración","Los Cerezos","Neita"
"Cibao Noroeste","Dajabón","Restauración","Los Cerezos","Palo Quemado"
"Cibao Noroeste","Dajabón","Restauración","Los Cerezos","Pelagio"
"Cibao Noroeste","Monte Cristi","Castañuelas","Castañuelas","Castañuelas"
"Cibao Noroeste","Monte Cristi","Castañuelas","Loma de Castañuelas","Jobo Corcovado"
"Cibao Noroeste","Monte Cristi","Castañuelas","Loma de Castañuelas","Loma de Castañuelas"
"Cibao Noroeste","Monte Cristi","Castañuelas","Castañuelas (Lozano)","La Capitalita"
"Cibao Noroeste","Monte Cristi","Castañuelas","Castañuelas (Lozano)","Lozano"
"Cibao Noroeste","Monte Cristi","Castañuelas","Castañuelas (Lozano)","Punta de Garza"
"Cibao Noroeste","Monte Cristi","Castañuelas","Palo Verde","Palo Verde"
"Cibao Noroeste","Monte Cristi","Castañuelas","El Vigiador","El Vigiador"
"Cibao Noroeste","Monte Cristi","Castañuelas","El Vigiador","Molino Sucio"
"Cibao Noroeste","Monte Cristi","Castañuelas","Magdalena","El Yaguarizo"
"Cibao Noroeste","Monte Cristi","Castañuelas","Magdalena","La Magdalena"
"Cibao Noroeste","Monte Cristi","Castañuelas","Magdalena","Los Cajuiles"
"Cibao Noroeste","Monte Cristi","Castañuelas","Hato Viejo","Hato Viejo"
"Cibao Noroeste","Monte Cristi","Castañuelas","El Ahogado","El Ahogado"
"Cibao Noroeste","Monte Cristi","Castañuelas","El Ahogado","Finca Maule"
"Cibao Noroeste","Monte Cristi","Castañuelas","El Ahogado","Los Chichiguaos"
"Cibao Noroeste","Monte Cristi","Guayubín","Guayubín","Canela"
"Cibao Noroeste","Monte Cristi","Guayubín","Guayubín","Gazcue"
"Cibao Noroeste","Monte Cristi","Guayubín","Guayubín","Manzana de Oro"
"Cibao Noroeste","Monte Cristi","Guayubín","Guayubín","Monte Carmelo"
"Cibao Noroeste","Monte Cristi","Guayubín","Guayubín","Sal si Puedes"
"Cibao Noroeste","Monte Cristi","Guayubín","Guayubín","Santa Teresita"
"Cibao Noroeste","Monte Cristi","Guayubín","Guayubín","Venecia"
"Cibao Noroeste","Monte Cristi","Guayubín","Juan Gómez","El Campamento"
"Cibao Noroeste","Monte Cristi","Guayubín","Juan Gómez","Juan Gómez"
"Cibao Noroeste","Monte Cristi","Guayubín","Juan Gómez","La Salada"
"Cibao Noroeste","Monte Cristi","Guayubín","Juan Gómez","Sabana"
"Cibao Noroeste","Monte Cristi","Guayubín","Juan Gómez","Villa Sinda"
"Cibao Noroeste","Monte Cristi","Guayubín","Martín García","Bohío Viejo"
"Cibao Noroeste","Monte Cristi","Guayubín","Martín García","Cabeza de Toro"
"Cibao Noroeste","Monte Cristi","Guayubín","Martín García","Cayucal"
"Cibao Noroeste","Monte Cristi","Guayubín","Martín García","Cayucal Abajo"
"Cibao Noroeste","Monte Cristi","Guayubín","Martín García","El Charcón"
"Cibao Noroeste","Monte Cristi","Guayubín","Martín García","El Guanito"
"Cibao Noroeste","Monte Cristi","Guayubín","Martín García","El Mangal"
"Cibao Noroeste","Monte Cristi","Guayubín","Martín García","El Pocito"
"Cibao Noroeste","Monte Cristi","Guayubín","Martín García","Guayubincito"
"Cibao Noroeste","Monte Cristi","Guayubín","Martín García","La Antona"
"Cibao Noroeste","Monte Cristi","Guayubín","Martín García","La Gata"
"Cibao Noroeste","Monte Cristi","Guayubín","Martín García","La Vuelta"
"Cibao Noroeste","Monte Cristi","Guayubín","Martín García","Los Guamachos"
"Cibao Noroeste","Monte Cristi","Guayubín","Martín García","Machete"
"Cibao Noroeste","Monte Cristi","Guayubín","Martín García","Martín García"
"Cibao Noroeste","Monte Cristi","Guayubín","Martín García","Monte Abajo"
"Cibao Noroeste","Monte Cristi","Guayubín","Martín García","Vaca Vieja"
"Cibao Noroeste","Monte Cristi","Guayubín","Martín García","Villa Nueva"
"Cibao Noroeste","Monte Cristi","Guayubín","Sabana Cruz","El Cayal"
"Cibao Noroeste","Monte Cristi","Guayubín","Sabana Cruz","Haití"
"Cibao Noroeste","Monte Cristi","Guayubín","Sabana Cruz","Puerto Rico"
"Cibao Noroeste","Monte Cristi","Guayubín","Sabana Cruz","Sabana Cruz"
"Cibao Noroeste","Monte Cristi","Guayubín","Villa Elisa","Villa Elisa"
"Cibao Noroeste","Monte Cristi","Guayubín","El Copey","El Copey"
"Cibao Noroeste","Monte Cristi","Guayubín","El Copey","El Guayo"
"Cibao Noroeste","Monte Cristi","Guayubín","El Copey","Los Limones"
"Cibao Noroeste","Monte Cristi","Guayubín","La Guajaca","La Breña"
"Cibao Noroeste","Monte Cristi","Guayubín","La Guajaca","La Guajaca"
"Cibao Noroeste","Monte Cristi","Guayubín","La Guajaca","Sabana Bonita"
"Cibao Noroeste","Monte Cristi","Guayubín","Hato del Medio Arriba","Barranca Blanca"
"Cibao Noroeste","Monte Cristi","Guayubín","Hato del Medio Arriba","Hato del Medio Abajo"
"Cibao Noroeste","Monte Cristi","Guayubín","Hato del Medio Arriba","Hato del Medio Adentro"
"Cibao Noroeste","Monte Cristi","Guayubín","Hato del Medio Arriba","Hato del Medio Arriba"
"Cibao Noroeste","Monte Cristi","Guayubín","Hato del Medio Arriba","Rodeo o Rodero"
"Cibao Noroeste","Monte Cristi","Guayubín","Hato del Medio Arriba","Villa Lobos Adentro"
"Cibao Noroeste","Monte Cristi","Guayubín","Hato del Medio Arriba","Villa Lobos Afuera"
"Cibao Noroeste","Monte Cristi","Guayubín","El Papayo","Agua de Las Palmas"
"Cibao Noroeste","Monte Cristi","Guayubín","El Papayo","Cuesta Corvada"
"Cibao Noroeste","Monte Cristi","Guayubín","El Papayo","El Papayo"
"Cibao Noroeste","Monte Cristi","Guayubín","El Papayo","Estero Balsa"
"Cibao Noroeste","Monte Cristi","Guayubín","El Papayo","Puerto Juanita"
"Cibao Noroeste","Monte Cristi","Guayubín","Hatillo Palma","El Cayito"
"Cibao Noroeste","Monte Cristi","Guayubín","Hatillo Palma","Hatillo Palma"
"Cibao Noroeste","Monte Cristi","Guayubín","Hatillo Palma","Los Capellán"
"Cibao Noroeste","Monte Cristi","Guayubín","Hatillo Palma","Arroyo Seco"
"Cibao Noroeste","Monte Cristi","Guayubín","Hatillo Palma","Cruce de Lora"
"Cibao Noroeste","Monte Cristi","Guayubín","Hatillo Palma","El Camino la Jobera"
"Cibao Noroeste","Monte Cristi","Guayubín","Hatillo Palma","El Cayito"
"Cibao Noroeste","Monte Cristi","Guayubín","Hatillo Palma","Hatillo Palma Adentro"
"Cibao Noroeste","Monte Cristi","Guayubín","Hatillo Palma","La Divisoria"
"Cibao Noroeste","Monte Cristi","Guayubín","Hatillo Palma","Los Gorilas"
"Cibao Noroeste","Monte Cristi","Guayubín","Los Derramaderos","Agua de Luis"
"Cibao Noroeste","Monte Cristi","Guayubín","Los Derramaderos","Arroyo Caña"
"Cibao Noroeste","Monte Cristi","Guayubín","Los Derramaderos","Cerro Antón"
"Cibao Noroeste","Monte Cristi","Guayubín","Los Derramaderos","Loma de Solimán"
"Cibao Noroeste","Monte Cristi","Guayubín","Los Derramaderos","Loma La Paloma"
"Cibao Noroeste","Monte Cristi","Guayubín","Los Derramaderos","Los Derramaderos"
"Cibao Noroeste","Monte Cristi","Guayubín","Los Derramaderos","Los Palmaritos"
"Cibao Noroeste","Monte Cristi","Guayubín","Los Derramaderos","Solimán"
"Cibao Noroeste","Monte Cristi","Guayubín","Los Derramaderos","Zepitén"
"Cibao Noroeste","Monte Cristi","Guayubín","Doña Antonia","Doña Antonia"
"Cibao Noroeste","Monte Cristi","Guayubín","Doña Antonia","La Bananera"
"Cibao Noroeste","Monte Cristi","Guayubín","Doña Antonia","Sabana del Rancho"
"Cibao Noroeste","Monte Cristi","Guayubín","Cana Chapetón","Cana Abajo o San Pedro"
"Cibao Noroeste","Monte Cristi","Guayubín","Cana Chapetón","Cana al Medio"
"Cibao Noroeste","Monte Cristi","Guayubín","Cana Chapetón","Cana Arriba"
"Cibao Noroeste","Monte Cristi","Guayubín","Cana Chapetón","Buenos Aires"
"Cibao Noroeste","Monte Cristi","Guayubín","Cana Chapetón","Paso Real"
"Cibao Noroeste","Monte Cristi","Guayubín","Cana Chapetón","Sabanetica"
"Cibao Noroeste","Monte Cristi","Guayubín","Cana Chapetón","Vanessa"
"Cibao Noroeste","Monte Cristi","Guayubín","Cerro Gordo","Cerro Gordo Abajo"
"Cibao Noroeste","Monte Cristi","Guayubín","Cerro Gordo","Cerro Gordo Arriba"
"Cibao Noroeste","Monte Cristi","Guayubín","Cerro Gordo","El Hospital"
"Cibao Noroeste","Monte Cristi","Guayubín","Cerro Gordo","Fundo Viejo"
"Cibao Noroeste","Monte Cristi","Guayubín","Cerro Gordo","La Peña (La Peña Arriba)"
"Cibao Noroeste","Monte Cristi","Guayubín","Cerro Gordo","La Reforma"
"Cibao Noroeste","Monte Cristi","Guayubín","Cerro Gordo","La Yagüita"
"Cibao Noroeste","Monte Cristi","Guayubín","Cerro Gordo","Laguna Colorada"
"Cibao Noroeste","Monte Cristi","Guayubín","Cerro Gordo","Peña de Ranchaderos"
"Cibao Noroeste","Monte Cristi","Guayubín","Cerro Gordo","Ranchaderos"
"Cibao Noroeste","Monte Cristi","Guayubín","Cerro Gordo","Río Viejo"
"Cibao Noroeste","Monte Cristi","Guayubín","Cerro Gordo","Sabana de Yajarima"
"Cibao Noroeste","Monte Cristi","Guayubín","Piloto","Los Cercadillos"
"Cibao Noroeste","Monte Cristi","Guayubín","Piloto","Piloto"
"Cibao Noroeste","Monte Cristi","Guayubín","Piloto","Sabana Larga"
"Cibao Noroeste","Monte Cristi","Guayubín","La Caída","Barrio Nuevo"
"Cibao Noroeste","Monte Cristi","Guayubín","La Caída","Gurabo Adentro"
"Cibao Noroeste","Monte Cristi","Guayubín","La Caída","La Caída"
"Cibao Noroeste","Monte Cristi","Las Matas de Santa Cruz","Las Matas de Santa Cruz","Buen Pastor"
"Cibao Noroeste","Monte Cristi","Las Matas de Santa Cruz","Las Matas de Santa Cruz","El Bolsillo"
"Cibao Noroeste","Monte Cristi","Las Matas de Santa Cruz","Las Matas de Santa Cruz","El Cacique (Yagurizo)"
"Cibao Noroeste","Monte Cristi","Las Matas de Santa Cruz","Las Matas de Santa Cruz","El Campamento"
"Cibao Noroeste","Monte Cristi","Las Matas de Santa Cruz","Las Matas de Santa Cruz","El Cayuco"
"Cibao Noroeste","Monte Cristi","Las Matas de Santa Cruz","Las Matas de Santa Cruz","El Llano"
"Cibao Noroeste","Monte Cristi","Las Matas de Santa Cruz","Las Matas de Santa Cruz","La Cana"
"Cibao Noroeste","Monte Cristi","Las Matas de Santa Cruz","Las Matas de Santa Cruz","La Mina"
"Cibao Noroeste","Monte Cristi","Las Matas de Santa Cruz","Las Matas de Santa Cruz","Las Matas Abajo o Pedro Tomás"
"Cibao Noroeste","Monte Cristi","Las Matas de Santa Cruz","Las Matas de Santa Cruz","Lindo"
"Cibao Noroeste","Monte Cristi","Las Matas de Santa Cruz","Las Matas de Santa Cruz","Los Reyes"
"Cibao Noroeste","Monte Cristi","Las Matas de Santa Cruz","Las Matas de Santa Cruz","Manga Mocha o Yaguarizo"
"Cibao Noroeste","Monte Cristi","Las Matas de Santa Cruz","Las Matas de Santa Cruz","Santa Lucía"
"Cibao Noroeste","Monte Cristi","Las Matas de Santa Cruz","Las Matas de Santa Cruz","Vivienda o Centro del Pueblo"
"Cibao Noroeste","Monte Cristi","Las Matas de Santa Cruz","Los Amaceyes","Los Amaceyes"
"Cibao Noroeste","Monte Cristi","Las Matas de Santa Cruz","La Horca","La Horca"
"Cibao Noroeste","Monte Cristi","Las Matas de Santa Cruz","La Horca","La Mayita"
"Cibao Noroeste","Monte Cristi","Las Matas de Santa Cruz","Santa Cruz","Pueblo Nuevo"
"Cibao Noroeste","Monte Cristi","Las Matas de Santa Cruz","Santa Cruz","Santa Cruz"
"Cibao Noroeste","Monte Cristi","Monte Cristi","San Fernando de Monte Cristi","Bella Vista"
"Cibao Noroeste","Monte Cristi","Monte Cristi","San Fernando de Monte Cristi","Buenos Aires"
"Cibao Noroeste","Monte Cristi","Monte Cristi","San Fernando de Monte Cristi","Centro del Pueblo"
"Cibao Noroeste","Monte Cristi","Monte Cristi","San Fernando de Monte Cristi","Cristo Rey"
"Cibao Noroeste","Monte Cristi","Monte Cristi","San Fernando de Monte Cristi","El Fogonazo"
"Cibao Noroeste","Monte Cristi","Monte Cristi","San Fernando de Monte Cristi","Guatapanal"
"Cibao Noroeste","Monte Cristi","Monte Cristi","San Fernando de Monte Cristi","La Albina"
"Cibao Noroeste","Monte Cristi","Monte Cristi","San Fernando de Monte Cristi","La Antena Militar"
"Cibao Noroeste","Monte Cristi","Monte Cristi","San Fernando de Monte Cristi","Las Flores"
"Cibao Noroeste","Monte Cristi","Monte Cristi","San Fernando de Monte Cristi","Los Maestros"
"Cibao Noroeste","Monte Cristi","Monte Cristi","San Fernando de Monte Cristi","Mejoramiento Social"
"Cibao Noroeste","Monte Cristi","Monte Cristi","San Fernando de Monte Cristi","Proyecto Javier"
"Cibao Noroeste","Monte Cristi","Monte Cristi","San Fernando de Monte Cristi","Salomón Jorge"
"Cibao Noroeste","Monte Cristi","Monte Cristi","San Fernando de Monte Cristi","San Fernando"
"Cibao Noroeste","Monte Cristi","Monte Cristi","San Fernando de Monte Cristi","San Pedro"
"Cibao Noroeste","Monte Cristi","Monte Cristi","El Rincón","Batey Bisonó"
"Cibao Noroeste","Monte Cristi","Monte Cristi","El Rincón","El Gómez"
"Cibao Noroeste","Monte Cristi","Monte Cristi","El Rincón","El Rincón"
"Cibao Noroeste","Monte Cristi","Monte Cristi","El Rincón","Isabel de Torres"
"Cibao Noroeste","Monte Cristi","Monte Cristi","El Rincón","Jaiqui"
"Cibao Noroeste","Monte Cristi","Monte Cristi","El Rincón","Laguna Verde"
"Cibao Noroeste","Monte Cristi","Monte Cristi","El Rincón","Vereda de Sinencio"
"Cibao Noroeste","Monte Cristi","Monte Cristi","Las Aguas","Batey Higüero"
"Cibao Noroeste","Monte Cristi","Monte Cristi","Las Aguas","Batey Isabel"
"Cibao Noroeste","Monte Cristi","Monte Cristi","Las Aguas","Batey Madre"
"Cibao Noroeste","Monte Cristi","Monte Cristi","Las Aguas","Batey Maguaca"
"Cibao Noroeste","Monte Cristi","Monte Cristi","Las Aguas","Batey Walterío"
"Cibao Noroeste","Monte Cristi","Monte Cristi","Las Aguas","El Molino"
"Cibao Noroeste","Monte Cristi","Monte Cristi","Las Aguas","La Cruz de Palo Verde"
"Cibao Noroeste","Monte Cristi","Monte Cristi","Las Aguas","La Judea"
"Cibao Noroeste","Monte Cristi","Monte Cristi","Las Aguas","Las Aguas"
"Cibao Noroeste","Monte Cristi","Monte Cristi","Las Aguas","Mangruno"
"Cibao Noroeste","Monte Cristi","Monte Cristi","Las Peñas","Batey Juliana"
"Cibao Noroeste","Monte Cristi","Monte Cristi","Las Peñas","El Morro"
"Cibao Noroeste","Monte Cristi","Monte Cristi","Las Peñas","Jaramillo"
"Cibao Noroeste","Monte Cristi","Monte Cristi","Las Peñas","La Sequía"
"Cibao Noroeste","Monte Cristi","Monte Cristi","Las Peñas","Las Peñas"
"Cibao Noroeste","Monte Cristi","Monte Cristi","Las Peñas","Los Conucos"
"Cibao Noroeste","Monte Cristi","Monte Cristi","Las Peñas","Nueva Judea"
"Cibao Noroeste","Monte Cristi","Monte Cristi","El Duro","El Duro"
"Cibao Noroeste","Monte Cristi","Monte Cristi","Baitoal","Baitoal"
"Cibao Noroeste","Monte Cristi","Pepillo Salcedo","Pepillo Salcedo o Manzanillo","Pepillo Salcedo"
"Cibao Noroeste","Monte Cristi","Pepillo Salcedo","Carbonera","Carbonera"
"Cibao Noroeste","Monte Cristi","Pepillo Salcedo","Carbonera","Las Fuentes de Guajabo"
"Cibao Noroeste","Monte Cristi","Pepillo Salcedo","Copey","Copey"
"Cibao Noroeste","Monte Cristi","Pepillo Salcedo","Copey","Laguna Saladillo"
"Cibao Noroeste","Monte Cristi","Pepillo Salcedo","Copey","Manzanillo Rural"
"Cibao Noroeste","Monte Cristi","Pepillo Salcedo","Copey","Masacre"
"Cibao Noroeste","Monte Cristi","Pepillo Salcedo","Santa María","Santa María"
"Cibao Noroeste","Monte Cristi","Pepillo Salcedo","Gozuela","Gozuela"
"Cibao Noroeste","Monte Cristi","Pepillo Salcedo","Gozuela","Guanito"
"Cibao Noroeste","Monte Cristi","Pepillo Salcedo","Gozuela","Palmarito"
"Cibao Noroeste","Monte Cristi","Pepillo Salcedo","Carnero","Carnero"
"Cibao Noroeste","Monte Cristi","Pepillo Salcedo","Clavellina","Clavellina"
"Cibao Noroeste","Monte Cristi","Pepillo Salcedo","Clavellina","Higüero"
"Cibao Noroeste","Monte Cristi","Pepillo Salcedo","Clavellina","Las Isletas"
"Cibao Noroeste","Monte Cristi","Pepillo Salcedo","Clavellina","Peladeros"
"Cibao Noroeste","Monte Cristi","Pepillo Salcedo","La Pinta","La Pinta"
"Cibao Noroeste","Monte Cristi","Pepillo Salcedo","La Recta de Sanita","La Recta de Sanita"
"Cibao Noroeste","Monte Cristi","Pepillo Salcedo","Santa María","Baitoa"
"Cibao Noroeste","Monte Cristi","Pepillo Salcedo","Santa María","La Cabuya"
"Cibao Noroeste","Monte Cristi","Pepillo Salcedo","Santa María","Marmolejos"
"Cibao Noroeste","Monte Cristi","Pepillo Salcedo","Santa María","Sanita"
"Cibao Noroeste","Monte Cristi","Villa Vásquez","Villa Vásquez","Centro del Pueblo"
"Cibao Noroeste","Monte Cristi","Villa Vásquez","Villa Vásquez","El Arrozal"
"Cibao Noroeste","Monte Cristi","Villa Vásquez","Villa Vásquez","La Capilla"
"Cibao Noroeste","Monte Cristi","Villa Vásquez","Villa Vásquez","La Colina"
"Cibao Noroeste","Monte Cristi","Villa Vásquez","Villa Vásquez","La Colina Arriba"
"Cibao Noroeste","Monte Cristi","Villa Vásquez","Villa Vásquez","La Gallera"
"Cibao Noroeste","Monte Cristi","Villa Vásquez","Villa Vásquez","Las Flores"
"Cibao Noroeste","Monte Cristi","Villa Vásquez","Villa Vásquez","Los Cambrones o San José"
"Cibao Noroeste","Monte Cristi","Villa Vásquez","Botoncillo","Botoncillo"
"Cibao Noroeste","Monte Cristi","Villa Vásquez","Botoncillo","La Baitoa"
"Cibao Noroeste","Monte Cristi","Villa Vásquez","Botoncillo","La Trinchera"
"Cibao Noroeste","Monte Cristi","Villa Vásquez","Botoncillo","Los Algodones"
"Cibao Noroeste","Monte Cristi","Villa Vásquez","Botoncillo","Los Uveros"
"Cibao Noroeste","Monte Cristi","Villa Vásquez","Los Conucos","Buen Hombre"
"Cibao Noroeste","Monte Cristi","Villa Vásquez","Los Conucos","La Brígida"
"Cibao Noroeste","Monte Cristi","Villa Vásquez","Los Conucos","Las Cañas de Los Uveros"
"Cibao Noroeste","Monte Cristi","Villa Vásquez","Los Conucos","Los Conucos"
"Cibao Noroeste","Monte Cristi","Villa Vásquez","Villa García","El Charcazo"
"Cibao Noroeste","Monte Cristi","Villa Vásquez","Villa García","El Manantial"
"Cibao Noroeste","Monte Cristi","Villa Vásquez","Villa García","La Agüitas"
"Cibao Noroeste","Monte Cristi","Villa Vásquez","Villa García","La Finca"
"Cibao Noroeste","Monte Cristi","Villa Vásquez","Villa García","La Represa"
"Cibao Noroeste","Monte Cristi","Villa Vásquez","Villa García","La Vereda"
"Cibao Noroeste","Monte Cristi","Villa Vásquez","Villa García","Loma Atravesada"
"Cibao Noroeste","Monte Cristi","Villa Vásquez","Villa García","Los Alpargatales"
"Cibao Noroeste","Monte Cristi","Villa Vásquez","Villa García","Sabana Chiquita"
"Cibao Noroeste","Monte Cristi","Villa Vásquez","Villa García","Sinencio"
"Cibao Noroeste","Monte Cristi","Villa Vásquez","Villa García","Villa Copa"
"Cibao Noroeste","Monte Cristi","Villa Vásquez","Villa García","Villa García"
"Cibao Noroeste","Santiago Rodríguez","Monción","Monción","27 Parte Atrás La Noria"
"Cibao Noroeste","Santiago Rodríguez","Monción","Monción","Cañada Grande"
"Cibao Noroeste","Santiago Rodríguez","Monción","Monción","El Centro"
"Cibao Noroeste","Santiago Rodríguez","Monción","Monción","El Cepillo"
"Cibao Noroeste","Santiago Rodríguez","Monción","Monción","El Cerro"
"Cibao Noroeste","Santiago Rodríguez","Monción","Monción","Los Juncos"
"Cibao Noroeste","Santiago Rodríguez","Monción","Monción","Nuevo"
"Cibao Noroeste","Santiago Rodríguez","Monción","Monción","Plan Sierra"
"Cibao Noroeste","Santiago Rodríguez","Monción","Monción","Urbanización Peralta"
"Cibao Noroeste","Santiago Rodríguez","Monción","El Mamoncito","Arroyo Bulla"
"Cibao Noroeste","Santiago Rodríguez","Monción","El Mamoncito","Arroyo Seco"
"Cibao Noroeste","Santiago Rodríguez","Monción","El Mamoncito","Bulla"
"Cibao Noroeste","Santiago Rodríguez","Monción","El Mamoncito","El Mamoncito"
"Cibao Noroeste","Santiago Rodríguez","Monción","El Mamoncito","Hato Viejo"
"Cibao Noroeste","Santiago Rodríguez","Monción","El Mamoncito","La Pastilla"
"Cibao Noroeste","Santiago Rodríguez","Monción","El Mamoncito","Las Chorreras"
"Cibao Noroeste","Santiago Rodríguez","Monción","El Mamoncito","Loma al Medio"
"Cibao Noroeste","Santiago Rodríguez","Monción","El Mamoncito","Los Báez"
"Cibao Noroeste","Santiago Rodríguez","Monción","El Mamoncito","Los Juncos"
"Cibao Noroeste","Santiago Rodríguez","Monción","El Mamoncito","Veladero"
"Cibao Noroeste","Santiago Rodríguez","Monción","Gurabo","Alto de Gurabo"
"Cibao Noroeste","Santiago Rodríguez","Monción","Gurabo","Arroyo Los Dajaos"
"Cibao Noroeste","Santiago Rodríguez","Monción","Gurabo","Botoncillo"
"Cibao Noroeste","Santiago Rodríguez","Monción","Gurabo","Cañada Grande"
"Cibao Noroeste","Santiago Rodríguez","Monción","Gurabo","Cruce de Durán"
"Cibao Noroeste","Santiago Rodríguez","Monción","Gurabo","El Guayabal"
"Cibao Noroeste","Santiago Rodríguez","Monción","Gurabo","El Hoyo de los Toros"
"Cibao Noroeste","Santiago Rodríguez","Monción","Gurabo","El Ranchito"
"Cibao Noroeste","Santiago Rodríguez","Monción","Gurabo","Guamacha"
"Cibao Noroeste","Santiago Rodríguez","Monción","Gurabo","Gurabito"
"Cibao Noroeste","Santiago Rodríguez","Monción","Gurabo","Gurabo"
"Cibao Noroeste","Santiago Rodríguez","Monción","Gurabo","La Estancia"
"Cibao Noroeste","Santiago Rodríguez","Monción","Gurabo","Las Rejoyas"
"Cibao Noroeste","Santiago Rodríguez","Monción","Gurabo","Llano de La Meseta (La Meseta Arriba)"
"Cibao Noroeste","Santiago Rodríguez","Monción","Gurabo","Loma del Dajao"
"Cibao Noroeste","Santiago Rodríguez","Monción","Gurabo","Los Bañaderos"
"Cibao Noroeste","Santiago Rodríguez","Monción","Gurabo","Los Barrancones"
"Cibao Noroeste","Santiago Rodríguez","Monción","Gurabo","Maguanita"
"Cibao Noroeste","Santiago Rodríguez","Monción","Gurabo","Monte Higüero"
"Cibao Noroeste","Santiago Rodríguez","Monción","La Cacique","Arroyo de Agua"
"Cibao Noroeste","Santiago Rodríguez","Monción","La Cacique","La Cacique"
"Cibao Noroeste","Santiago Rodríguez","Monción","La Cacique","Los Calabozos"
"Cibao Noroeste","Santiago Rodríguez","Monción","La Cacique","Los Pinos"
"Cibao Noroeste","Santiago Rodríguez","Monción","La Cacique","Mata Grande"
"Cibao Noroeste","Santiago Rodríguez","Monción","Rodeo","Arroyo El Dajao"
"Cibao Noroeste","Santiago Rodríguez","Monción","Rodeo","Durán"
"Cibao Noroeste","Santiago Rodríguez","Monción","Rodeo","El Cacao"
"Cibao Noroeste","Santiago Rodríguez","Monción","Rodeo","El Hoyazo"
"Cibao Noroeste","Santiago Rodríguez","Monción","Rodeo","El Rodeo"
"Cibao Noroeste","Santiago Rodríguez","Monción","Rodeo","Loma de Tanque (Botoncillo)"
"Cibao Noroeste","Santiago Rodríguez","Monción","Rodeo","Los Cercadillos"
"Cibao Noroeste","Santiago Rodríguez","Monción","Rodeo","Los Ranchos"
"Cibao Noroeste","Santiago Rodríguez","Monción","Rodeo","Sabaneta"
"Cibao Noroeste","Santiago Rodríguez","San Ignacio de Sabaneta","San Ignacio de Sabaneta","Alejandro Bueno"
"Cibao Noroeste","Santiago Rodríguez","San Ignacio de Sabaneta","San Ignacio de Sabaneta","Bolsillo"
"Cibao Noroeste","Santiago Rodríguez","San Ignacio de Sabaneta","San Ignacio de Sabaneta","Cambelén"
"Cibao Noroeste","Santiago Rodríguez","San Ignacio de Sabaneta","San Ignacio de Sabaneta","Centro"
"Cibao Noroeste","Santiago Rodríguez","San Ignacio de Sabaneta","San Ignacio de Sabaneta","Cerro Dulce"
"Cibao Noroeste","Santiago Rodríguez","San Ignacio de Sabaneta","San Ignacio de Sabaneta","E. León Jimenes"
"Cibao Noroeste","Santiago Rodríguez","San Ignacio de Sabaneta","San Ignacio de Sabaneta","El Cementerio"
"Cibao Noroeste","Santiago Rodríguez","San Ignacio de Sabaneta","San Ignacio de Sabaneta","El Hospital"
"Cibao Noroeste","Santiago Rodríguez","San Ignacio de Sabaneta","San Ignacio de Sabaneta","Felito Bueno"
"Cibao Noroeste","Santiago Rodríguez","San Ignacio de Sabaneta","San Ignacio de Sabaneta","Francisco Bueno Zapata"
"Cibao Noroeste","Santiago Rodríguez","San Ignacio de Sabaneta","San Ignacio de Sabaneta","General José Cabrera"
"Cibao Noroeste","Santiago Rodríguez","San Ignacio de Sabaneta","San Ignacio de Sabaneta","General Santiago Rodriguez (Las Espinas)"
"Cibao Noroeste","Santiago Rodríguez","San Ignacio de Sabaneta","San Ignacio de Sabaneta","La Joya"
"Cibao Noroeste","Santiago Rodríguez","San Ignacio de Sabaneta","San Ignacio de Sabaneta","La Sabana"
"Cibao Noroeste","Santiago Rodríguez","San Ignacio de Sabaneta","San Ignacio de Sabaneta","Los Maestros"
"Cibao Noroeste","Santiago Rodríguez","San Ignacio de Sabaneta","San Ignacio de Sabaneta","Mejoramiento Social (Bameso)"
"Cibao Noroeste","Santiago Rodríguez","San Ignacio de Sabaneta","San Ignacio de Sabaneta","Mirador del Sur"
"Cibao Noroeste","Santiago Rodríguez","San Ignacio de Sabaneta","San Ignacio de Sabaneta","Naranjo Chino"
"Cibao Noroeste","Santiago Rodríguez","San Ignacio de Sabaneta","San Ignacio de Sabaneta","Norte"
"Cibao Noroeste","Santiago Rodríguez","San Ignacio de Sabaneta","San Ignacio de Sabaneta","Rodolfo Scheaffler"
"Cibao Noroeste","Santiago Rodríguez","San Ignacio de Sabaneta","San Ignacio de Sabaneta","Tamarindo"
"Cibao Noroeste","Santiago Rodríguez","San Ignacio de Sabaneta","San Ignacio de Sabaneta","Tomines Arriba"
"Cibao Noroeste","Santiago Rodríguez","San Ignacio de Sabaneta","San Ignacio de Sabaneta","Urbanización INVI"
"Cibao Noroeste","Santiago Rodríguez","San Ignacio de Sabaneta","San Ignacio de Sabaneta","Urbanización Marién"
"Cibao Noroeste","Santiago Rodríguez","San Ignacio de Sabaneta","San Ignacio de Sabaneta","Villa Polín"
"Cibao Noroeste","Santiago Rodríguez","San Ignacio de Sabaneta","Arroyo Blanco","Agua Clara"
"Cibao Noroeste","Santiago Rodríguez","San Ignacio de Sabaneta","Arroyo Blanco","Alto de Amacey"
"Cibao Noroeste","Santiago Rodríguez","San Ignacio de Sabaneta","Arroyo Blanco","Arroyo al Medio"
"Cibao Noroeste","Santiago Rodríguez","San Ignacio de Sabaneta","Arroyo Blanco","Arroyo Blanco"
"Cibao Noroeste","Santiago Rodríguez","San Ignacio de Sabaneta","Arroyo Blanco","Arroyo Blanco Abajo"
"Cibao Noroeste","Santiago Rodríguez","San Ignacio de Sabaneta","Arroyo Blanco","Arroyo Blanco Arriba"
"Cibao Noroeste","Santiago Rodríguez","San Ignacio de Sabaneta","Arroyo Blanco","Atrás de Los Cerros"
"Cibao Noroeste","Santiago Rodríguez","San Ignacio de Sabaneta","Arroyo Blanco","Boca de Los Ríos"
"Cibao Noroeste","Santiago Rodríguez","San Ignacio de Sabaneta","Arroyo Blanco","El Anicetal"
"Cibao Noroeste","Santiago Rodríguez","San Ignacio de Sabaneta","Arroyo Blanco","El Cantón"
"Cibao Noroeste","Santiago Rodríguez","San Ignacio de Sabaneta","Arroyo Blanco","El Cerrazo"
"Cibao Noroeste","Santiago Rodríguez","San Ignacio de Sabaneta","Arroyo Blanco","El Corral"
"Cibao Noroeste","Santiago Rodríguez","San Ignacio de Sabaneta","Arroyo Blanco","El Manglar"
"Cibao Noroeste","Santiago Rodríguez","San Ignacio de Sabaneta","Arroyo Blanco","El Maniel"
"Cibao Noroeste","Santiago Rodríguez","San Ignacio de Sabaneta","Arroyo Blanco","El Rodeo"
"Cibao Noroeste","Santiago Rodríguez","San Ignacio de Sabaneta","Arroyo Blanco","La Babosa"
"Cibao Noroeste","Santiago Rodríguez","San Ignacio de Sabaneta","Arroyo Blanco","La Estaca"
"Cibao Noroeste","Santiago Rodríguez","San Ignacio de Sabaneta","Arroyo Blanco","La Lana"
"Cibao Noroeste","Santiago Rodríguez","San Ignacio de Sabaneta","Arroyo Blanco","La Lechuza"
"Cibao Noroeste","Santiago Rodríguez","San Ignacio de Sabaneta","Arroyo Blanco","Loma del Hicacal"
"Cibao Noroeste","Santiago Rodríguez","San Ignacio de Sabaneta","Arroyo Blanco","Los Brazos"
"Cibao Noroeste","Santiago Rodríguez","San Ignacio de Sabaneta","Arroyo Blanco","Los Corozos"
"Cibao Noroeste","Santiago Rodríguez","San Ignacio de Sabaneta","Arroyo Blanco","Los Cuaos"
"Cibao Noroeste","Santiago Rodríguez","San Ignacio de Sabaneta","Arroyo Blanco","Los Higüeros"
"Cibao Noroeste","Santiago Rodríguez","San Ignacio de Sabaneta","Arroyo Blanco","Los Magueyes"
"Cibao Noroeste","Santiago Rodríguez","San Ignacio de Sabaneta","Arroyo Blanco","Monte Llano"
"Cibao Noroeste","Santiago Rodríguez","San Ignacio de Sabaneta","Las Caobas","Arroyo Palero"
"Cibao Noroeste","Santiago Rodríguez","San Ignacio de Sabaneta","Las Caobas","Arroyo Seco"
"Cibao Noroeste","Santiago Rodríguez","San Ignacio de Sabaneta","Las Caobas","Cañada Verde"
"Cibao Noroeste","Santiago Rodríguez","San Ignacio de Sabaneta","Las Caobas","Caobanitas"
"Cibao Noroeste","Santiago Rodríguez","San Ignacio de Sabaneta","Las Caobas","Cerro Caimoníes"
"Cibao Noroeste","Santiago Rodríguez","San Ignacio de Sabaneta","Las Caobas","El Estrecho"
"Cibao Noroeste","Santiago Rodríguez","San Ignacio de Sabaneta","Las Caobas","El Mamón"
"Cibao Noroeste","Santiago Rodríguez","San Ignacio de Sabaneta","Las Caobas","El Orégano"
"Cibao Noroeste","Santiago Rodríguez","San Ignacio de Sabaneta","Las Caobas","Guamanal o Guamachal"
"Cibao Noroeste","Santiago Rodríguez","San Ignacio de Sabaneta","Las Caobas","Gurabo Adentro"
"Cibao Noroeste","Santiago Rodríguez","San Ignacio de Sabaneta","Las Caobas","Gurabo Dulce"
"Cibao Noroeste","Santiago Rodríguez","San Ignacio de Sabaneta","Las Caobas","La Estancia"
"Cibao Noroeste","Santiago Rodríguez","San Ignacio de Sabaneta","Las Caobas","La Loma de Las Caobas"
"Cibao Noroeste","Santiago Rodríguez","San Ignacio de Sabaneta","Las Caobas","Las Caobas"
"Cibao Noroeste","Santiago Rodríguez","San Ignacio de Sabaneta","Las Caobas","Las Caobas Adentro"
"Cibao Noroeste","Santiago Rodríguez","San Ignacio de Sabaneta","Las Caobas","Loma de Las Caobas"
"Cibao Noroeste","Santiago Rodríguez","San Ignacio de Sabaneta","Las Caobas","Los Caimoníes"
"Cibao Noroeste","Santiago Rodríguez","San Ignacio de Sabaneta","Las Caobas","Los Ingenitos"
"Cibao Noroeste","Santiago Rodríguez","San Ignacio de Sabaneta","Las Caobas","Sánchez"
"Cibao Noroeste","Santiago Rodríguez","San Ignacio de Sabaneta","Los Cercadillos","El Corozo Abajo"
"Cibao Noroeste","Santiago Rodríguez","San Ignacio de Sabaneta","Los Cercadillos","El Corozo Arriba"
"Cibao Noroeste","Santiago Rodríguez","San Ignacio de Sabaneta","Los Cercadillos","El Guanal"
"Cibao Noroeste","Santiago Rodríguez","San Ignacio de Sabaneta","Los Cercadillos","El Pomo"
"Cibao Noroeste","Santiago Rodríguez","San Ignacio de Sabaneta","Los Cercadillos","El Pozo"
"Cibao Noroeste","Santiago Rodríguez","San Ignacio de Sabaneta","Los Cercadillos","El Romerillo"
"Cibao Noroeste","Santiago Rodríguez","San Ignacio de Sabaneta","Los Cercadillos","Higüerito"
"Cibao Noroeste","Santiago Rodríguez","San Ignacio de Sabaneta","Los Cercadillos","Higüerito Arriba"
"Cibao Noroeste","Santiago Rodríguez","San Ignacio de Sabaneta","Los Cercadillos","La Laguneta"
"Cibao Noroeste","Santiago Rodríguez","San Ignacio de Sabaneta","Los Cercadillos","La Tarana"
"Cibao Noroeste","Santiago Rodríguez","San Ignacio de Sabaneta","Los Cercadillos","Lázaro"
"Cibao Noroeste","Santiago Rodríguez","San Ignacio de Sabaneta","Los Cercadillos","Los Cercadillos Abajo"
"Cibao Noroeste","Santiago Rodríguez","San Ignacio de Sabaneta","Los Cercadillos","Los Cercadillos al Medio"
"Cibao Noroeste","Santiago Rodríguez","San Ignacio de Sabaneta","Los Cercadillos","Los Cercadillos Arriba"
"Cibao Noroeste","Santiago Rodríguez","San Ignacio de Sabaneta","Los Cercadillos","Los Planes Abajo"
"Cibao Noroeste","Santiago Rodríguez","San Ignacio de Sabaneta","Los Cercadillos","Los Planes Arriba"
"Cibao Noroeste","Santiago Rodríguez","San Ignacio de Sabaneta","Los Cercadillos","Mata Bonita"
"Cibao Noroeste","Santiago Rodríguez","San Ignacio de Sabaneta","Los Cercadillos","Mata Clara"
"Cibao Noroeste","Santiago Rodríguez","San Ignacio de Sabaneta","Los Cercadillos","Mata de Limón"
"Cibao Noroeste","Santiago Rodríguez","San Ignacio de Sabaneta","Los Cercadillos","Minaya"
"Cibao Noroeste","Santiago Rodríguez","San Ignacio de Sabaneta","Los Cercadillos","Palmarejo"
"Cibao Noroeste","Santiago Rodríguez","San Ignacio de Sabaneta","Los Cercadillos","Pata de Vaca"
"Cibao Noroeste","Santiago Rodríguez","San Ignacio de Sabaneta","Los Cercadillos","Pinar Claro"
"Cibao Noroeste","Santiago Rodríguez","San Ignacio de Sabaneta","Los Cercadillos","Quebrada Honda"
"Cibao Noroeste","Santiago Rodríguez","San Ignacio de Sabaneta","Los Cercadillos","Rancho de las Mujeres"
"Cibao Noroeste","Santiago Rodríguez","San Ignacio de Sabaneta","Clavijo","Arroyo del Cuano"
"Cibao Noroeste","Santiago Rodríguez","San Ignacio de Sabaneta","Clavijo","Cañada de Palma"
"Cibao Noroeste","Santiago Rodríguez","San Ignacio de Sabaneta","Clavijo","Cerro de la Estancia"
"Cibao Noroeste","Santiago Rodríguez","San Ignacio de Sabaneta","Clavijo","Clavijo"
"Cibao Noroeste","Santiago Rodríguez","San Ignacio de Sabaneta","Clavijo","Clavijo Abajo"
"Cibao Noroeste","Santiago Rodríguez","San Ignacio de Sabaneta","Clavijo","Conuco Lejos"
"Cibao Noroeste","Santiago Rodríguez","San Ignacio de Sabaneta","Clavijo","Copeyal"
"Cibao Noroeste","Santiago Rodríguez","San Ignacio de Sabaneta","Clavijo","Cruce de Maguana"
"Cibao Noroeste","Santiago Rodríguez","San Ignacio de Sabaneta","Clavijo","El Guanábano"
"Cibao Noroeste","Santiago Rodríguez","San Ignacio de Sabaneta","Clavijo","Hundideros"
"Cibao Noroeste","Santiago Rodríguez","San Ignacio de Sabaneta","Clavijo","La Maguana"
"Cibao Noroeste","Santiago Rodríguez","San Ignacio de Sabaneta","Clavijo","La Peñita"
"Cibao Noroeste","Santiago Rodríguez","San Ignacio de Sabaneta","Clavijo","La Piña"
"Cibao Noroeste","Santiago Rodríguez","San Ignacio de Sabaneta","Clavijo","Los Carderejos"
"Cibao Noroeste","Santiago Rodríguez","San Ignacio de Sabaneta","Clavijo","Los García"
"Cibao Noroeste","Santiago Rodríguez","San Ignacio de Sabaneta","Clavijo","Luis Gómez"
"Cibao Noroeste","Santiago Rodríguez","San Ignacio de Sabaneta","Clavijo","Mesa"
"Cibao Noroeste","Santiago Rodríguez","San Ignacio de Sabaneta","Clavijo","Sabana de Maguana"
"Cibao Noroeste","Santiago Rodríguez","San Ignacio de Sabaneta","Coqui","Coqui"
"Cibao Noroeste","Santiago Rodríguez","San Ignacio de Sabaneta","Coqui","La Ceiba"
"Cibao Noroeste","Santiago Rodríguez","San Ignacio de Sabaneta","Coqui","Los Guayubines"
"Cibao Noroeste","Santiago Rodríguez","San Ignacio de Sabaneta","Coqui","Palo Amarillo"
"Cibao Noroeste","Santiago Rodríguez","San Ignacio de Sabaneta","Estancia Vieja","Barrigón"
"Cibao Noroeste","Santiago Rodríguez","San Ignacio de Sabaneta","Estancia Vieja","Cerro Chino"
"Cibao Noroeste","Santiago Rodríguez","San Ignacio de Sabaneta","Estancia Vieja","Cordero"
"Cibao Noroeste","Santiago Rodríguez","San Ignacio de Sabaneta","Estancia Vieja","El Capacito"
"Cibao Noroeste","Santiago Rodríguez","San Ignacio de Sabaneta","Estancia Vieja","Estancia Vieja"
"Cibao Noroeste","Santiago Rodríguez","San Ignacio de Sabaneta","Estancia Vieja","Estancita"
"Cibao Noroeste","Santiago Rodríguez","San Ignacio de Sabaneta","Estancia Vieja","La Reforma"
"Cibao Noroeste","Santiago Rodríguez","San Ignacio de Sabaneta","Estancia Vieja","Pastor"
"Cibao Noroeste","Santiago Rodríguez","San Ignacio de Sabaneta","Estancia Vieja","Sebastián"
"Cibao Noroeste","Santiago Rodríguez","San Ignacio de Sabaneta","Mata de Jobo","Alto de Cana"
"Cibao Noroeste","Santiago Rodríguez","San Ignacio de Sabaneta","Mata de Jobo","Cabezada del Caimito"
"Cibao Noroeste","Santiago Rodríguez","San Ignacio de Sabaneta","Mata de Jobo","Cañada de Palma"
"Cibao Noroeste","Santiago Rodríguez","San Ignacio de Sabaneta","Mata de Jobo","El Candelón"
"Cibao Noroeste","Santiago Rodríguez","San Ignacio de Sabaneta","Mata de Jobo","El Guano"
"Cibao Noroeste","Santiago Rodríguez","San Ignacio de Sabaneta","Mata de Jobo","El Limón"
"Cibao Noroeste","Santiago Rodríguez","San Ignacio de Sabaneta","Mata de Jobo","El Rodeo o Mata de Tuna"
"Cibao Noroeste","Santiago Rodríguez","San Ignacio de Sabaneta","Mata de Jobo","Hato Viejo"
"Cibao Noroeste","Santiago Rodríguez","San Ignacio de Sabaneta","Mata de Jobo","Juan Becerro"
"Cibao Noroeste","Santiago Rodríguez","San Ignacio de Sabaneta","Mata de Jobo","La Castilla"
"Cibao Noroeste","Santiago Rodríguez","San Ignacio de Sabaneta","Mata de Jobo","La Puerta del Mulo"
"Cibao Noroeste","Santiago Rodríguez","San Ignacio de Sabaneta","Mata de Jobo","Los Bambúes"
"Cibao Noroeste","Santiago Rodríguez","San Ignacio de Sabaneta","Mata de Jobo","Los Candelones"
"Cibao Noroeste","Santiago Rodríguez","San Ignacio de Sabaneta","Mata de Jobo","María García"
"Cibao Noroeste","Santiago Rodríguez","San Ignacio de Sabaneta","Mata de Jobo","Mata de Jobo"
"Cibao Noroeste","Santiago Rodríguez","San Ignacio de Sabaneta","Mata de Jobo","Mata Macey"
"Cibao Noroeste","Santiago Rodríguez","San Ignacio de Sabaneta","Mata de Jobo","Naranjo de China"
"Cibao Noroeste","Santiago Rodríguez","San Ignacio de Sabaneta","Mata de Jobo","Palo Blanco"
"Cibao Noroeste","Santiago Rodríguez","San Ignacio de Sabaneta","Palmarejo","Amacey Picado"
"Cibao Noroeste","Santiago Rodríguez","San Ignacio de Sabaneta","Palmarejo","Brazo Chiquito"
"Cibao Noroeste","Santiago Rodríguez","San Ignacio de Sabaneta","Palmarejo","El Bebedero"
"Cibao Noroeste","Santiago Rodríguez","San Ignacio de Sabaneta","Palmarejo","El Guayabo"
"Cibao Noroeste","Santiago Rodríguez","San Ignacio de Sabaneta","Palmarejo","El Jobo"
"Cibao Noroeste","Santiago Rodríguez","San Ignacio de Sabaneta","Palmarejo","El Llano"
"Cibao Noroeste","Santiago Rodríguez","San Ignacio de Sabaneta","Palmarejo","El Naranjito"
"Cibao Noroeste","Santiago Rodríguez","San Ignacio de Sabaneta","Palmarejo","La Cabirmita"
"Cibao Noroeste","Santiago Rodríguez","San Ignacio de Sabaneta","Palmarejo","La Guama"
"Cibao Noroeste","Santiago Rodríguez","San Ignacio de Sabaneta","Palmarejo","La Jagua"
"Cibao Noroeste","Santiago Rodríguez","San Ignacio de Sabaneta","Palmarejo","La Lima"
"Cibao Noroeste","Santiago Rodríguez","San Ignacio de Sabaneta","Palmarejo","La Maguanita"
"Cibao Noroeste","Santiago Rodríguez","San Ignacio de Sabaneta","Palmarejo","La Osúa"
"Cibao Noroeste","Santiago Rodríguez","San Ignacio de Sabaneta","Palmarejo","La Patilla"
"Cibao Noroeste","Santiago Rodríguez","San Ignacio de Sabaneta","Palmarejo","Los Castilo (Los Castillo)"
"Cibao Noroeste","Santiago Rodríguez","San Ignacio de Sabaneta","Palmarejo","Los Jobos"
"Cibao Noroeste","Santiago Rodríguez","San Ignacio de Sabaneta","Palmarejo","Los Palmaritos"
"Cibao Noroeste","Santiago Rodríguez","San Ignacio de Sabaneta","Palmarejo","Los Ramones"
"Cibao Noroeste","Santiago Rodríguez","San Ignacio de Sabaneta","Palmarejo","Nizay"
"Cibao Noroeste","Santiago Rodríguez","San Ignacio de Sabaneta","Palmarejo","Palmarejo"
"Cibao Noroeste","Santiago Rodríguez","San Ignacio de Sabaneta","Palmarejo","Piedra Blanca"
"Cibao Noroeste","Santiago Rodríguez","San Ignacio de Sabaneta","Palmarejo","Revolcaderos"
"Cibao Noroeste","Santiago Rodríguez","San Ignacio de Sabaneta","Palmarejo","Rincón Alto"
"Cibao Noroeste","Santiago Rodríguez","San Ignacio de Sabaneta","Palmarejo","Rincón Llano"
"Cibao Noroeste","Santiago Rodríguez","San Ignacio de Sabaneta","San José","Baboso"
"Cibao Noroeste","Santiago Rodríguez","San Ignacio de Sabaneta","San José","El Café"
"Cibao Noroeste","Santiago Rodríguez","San Ignacio de Sabaneta","San José","El Caimito"
"Cibao Noroeste","Santiago Rodríguez","San Ignacio de Sabaneta","San José","El Candejón"
"Cibao Noroeste","Santiago Rodríguez","San Ignacio de Sabaneta","San José","El Guayabito"
"Cibao Noroeste","Santiago Rodríguez","San Ignacio de Sabaneta","San José","El Orégano"
"Cibao Noroeste","Santiago Rodríguez","San Ignacio de Sabaneta","San José","El Rincón"
"Cibao Noroeste","Santiago Rodríguez","San Ignacio de Sabaneta","San José","La Baitoa"
"Cibao Noroeste","Santiago Rodríguez","San Ignacio de Sabaneta","San José","La Breña Abajo"
"Cibao Noroeste","Santiago Rodríguez","San Ignacio de Sabaneta","San José","La Enramada"
"Cibao Noroeste","Santiago Rodríguez","San Ignacio de Sabaneta","San José","La Tuatúa"
"Cibao Noroeste","Santiago Rodríguez","San Ignacio de Sabaneta","San José","Las Ánimas"
"Cibao Noroeste","Santiago Rodríguez","San Ignacio de Sabaneta","San José","Los Bombones"
"Cibao Noroeste","Santiago Rodríguez","San Ignacio de Sabaneta","San José","Los Cajuiles"
"Cibao Noroeste","Santiago Rodríguez","San Ignacio de Sabaneta","San José","Los Cerros"
"Cibao Noroeste","Santiago Rodríguez","San Ignacio de Sabaneta","San José","Los Indios"
"Cibao Noroeste","Santiago Rodríguez","San Ignacio de Sabaneta","San José","Los Pravieles"
"Cibao Noroeste","Santiago Rodríguez","San Ignacio de Sabaneta","San José","Los Puentes de Tomines"
"Cibao Noroeste","Santiago Rodríguez","San Ignacio de Sabaneta","San José","Los Tocones"
"Cibao Noroeste","Santiago Rodríguez","San Ignacio de Sabaneta","San José","Los Tomines"
"Cibao Noroeste","Santiago Rodríguez","San Ignacio de Sabaneta","San José","Los Tomines Abajo"
"Cibao Noroeste","Santiago Rodríguez","San Ignacio de Sabaneta","San José","Pastor"
"Cibao Noroeste","Santiago Rodríguez","San Ignacio de Sabaneta","San José","Sabana Abajo"
"Cibao Noroeste","Santiago Rodríguez","San Ignacio de Sabaneta","San José","Sabana Arriba"
"Cibao Noroeste","Santiago Rodríguez","San Ignacio de Sabaneta","San José","Sabaneta Redonda"
"Cibao Noroeste","Santiago Rodríguez","San Ignacio de Sabaneta","San José","San José"
"Cibao Noroeste","Santiago Rodríguez","San Ignacio de Sabaneta","San José","Zamba"
"Cibao Noroeste","Santiago Rodríguez","San Ignacio de Sabaneta","San José","Zamba Arriba"
"Cibao Noroeste","Santiago Rodríguez","San Ignacio de Sabaneta","Toma","Arroyo Montazo"
"Cibao Noroeste","Santiago Rodríguez","San Ignacio de Sabaneta","Toma","Cenoví"
"Cibao Noroeste","Santiago Rodríguez","San Ignacio de Sabaneta","Toma","El Aguacate"
"Cibao Noroeste","Santiago Rodríguez","San Ignacio de Sabaneta","Toma","El Cerrazo"
"Cibao Noroeste","Santiago Rodríguez","San Ignacio de Sabaneta","Toma","El Montazo"
"Cibao Noroeste","Santiago Rodríguez","San Ignacio de Sabaneta","Toma","El Poblado"
"Cibao Noroeste","Santiago Rodríguez","San Ignacio de Sabaneta","Toma","El Vallecito"
"Cibao Noroeste","Santiago Rodríguez","San Ignacio de Sabaneta","Toma","Fuquete"
"Cibao Noroeste","Santiago Rodríguez","San Ignacio de Sabaneta","Toma","Hoya Grande"
"Cibao Noroeste","Santiago Rodríguez","San Ignacio de Sabaneta","Toma","La Bija"
"Cibao Noroeste","Santiago Rodríguez","San Ignacio de Sabaneta","Toma","La Cabirma"
"Cibao Noroeste","Santiago Rodríguez","San Ignacio de Sabaneta","Toma","La Cidra"
"Cibao Noroeste","Santiago Rodríguez","San Ignacio de Sabaneta","Toma","La Cidrita"
"Cibao Noroeste","Santiago Rodríguez","San Ignacio de Sabaneta","Toma","La Leonor"
"Cibao Noroeste","Santiago Rodríguez","San Ignacio de Sabaneta","Toma","La Peonía"
"Cibao Noroeste","Santiago Rodríguez","San Ignacio de Sabaneta","Toma","Loma Cenoví"
"Cibao Noroeste","Santiago Rodríguez","San Ignacio de Sabaneta","Toma","Loma de Cana"
"Cibao Noroeste","Santiago Rodríguez","San Ignacio de Sabaneta","Toma","Loma de Copey"
"Cibao Noroeste","Santiago Rodríguez","San Ignacio de Sabaneta","Toma","Loma Escondida"
"Cibao Noroeste","Santiago Rodríguez","San Ignacio de Sabaneta","Toma","Loma los Palos de Escoba"
"Cibao Noroeste","Santiago Rodríguez","San Ignacio de Sabaneta","Toma","Loma Vieja"
"Cibao Noroeste","Santiago Rodríguez","San Ignacio de Sabaneta","Toma","Los Alzafraz"
"Cibao Noroeste","Santiago Rodríguez","San Ignacio de Sabaneta","Toma","Los Amaceyes (Cadillo)"
"Cibao Noroeste","Santiago Rodríguez","San Ignacio de Sabaneta","Toma","Los Anquelles"
"Cibao Noroeste","Santiago Rodríguez","San Ignacio de Sabaneta","Toma","Los Higos"
"Cibao Noroeste","Santiago Rodríguez","San Ignacio de Sabaneta","Toma","Los Hundideros"
"Cibao Noroeste","Santiago Rodríguez","San Ignacio de Sabaneta","Toma","Palo de Burro"
"Cibao Noroeste","Santiago Rodríguez","San Ignacio de Sabaneta","Toma","Parque Nacional"
"Cibao Noroeste","Santiago Rodríguez","San Ignacio de Sabaneta","Toma","Toma - Pinar Sucio"
"Cibao Noroeste","Santiago Rodríguez","Villa Los Almácigos","Villa Los Almácigos","Baldemiro Carreras"
"Cibao Noroeste","Santiago Rodríguez","Villa Los Almácigos","Villa Los Almácigos","El Fundo"
"Cibao Noroeste","Santiago Rodríguez","Villa Los Almácigos","Villa Los Almácigos","Enriquillo o La Gallera"
"Cibao Noroeste","Santiago Rodríguez","Villa Los Almácigos","Villa Los Almácigos","La Ceiba"
"Cibao Noroeste","Santiago Rodríguez","Villa Los Almácigos","Villa Los Almácigos","San Isidro"
"Cibao Noroeste","Santiago Rodríguez","Villa Los Almácigos","Ceiba de Bonet","El Jengibre"
"Cibao Noroeste","Santiago Rodríguez","Villa Los Almácigos","Ceiba de Bonet","La Ceiba de Bonet"
"Cibao Noroeste","Santiago Rodríguez","Villa Los Almácigos","Ceiba de Bonet","La Luisa"
"Cibao Noroeste","Santiago Rodríguez","Villa Los Almácigos","Ceiba de Bonet","Los Naranjos"
"Cibao Noroeste","Santiago Rodríguez","Villa Los Almácigos","Ceiba de Bonet","Musú"
"Cibao Noroeste","Santiago Rodríguez","Villa Los Almácigos","Ceiba de Bonet","Yaya Picada"
"Cibao Noroeste","Santiago Rodríguez","Villa Los Almácigos","El Dajao","Cerro El Dajao"
"Cibao Noroeste","Santiago Rodríguez","Villa Los Almácigos","El Dajao","El Cabirmal"
"Cibao Noroeste","Santiago Rodríguez","Villa Los Almácigos","El Dajao","El Dajao"
"Cibao Noroeste","Santiago Rodríguez","Villa Los Almácigos","El Dajao","Julupe"
"Cibao Noroeste","Santiago Rodríguez","Villa Los Almácigos","El Dajao","Las Berbenas"
"Cibao Noroeste","Santiago Rodríguez","Villa Los Almácigos","El Dajao","Loma de Palo Bonito"
"Cibao Noroeste","Santiago Rodríguez","Villa Los Almácigos","El Dajao","Loma de Tomás"
"Cibao Noroeste","Santiago Rodríguez","Villa Los Almácigos","El Dajao","Loma del Perico"
"Cibao Noroeste","Santiago Rodríguez","Villa Los Almácigos","El Dajao","Loma Llana"
"Cibao Noroeste","Santiago Rodríguez","Villa Los Almácigos","El Dajao","Los Aguacates"
"Cibao Noroeste","Santiago Rodríguez","Villa Los Almácigos","El Dajao","Los Carmoníes"
"Cibao Noroeste","Santiago Rodríguez","Villa Los Almácigos","El Dajao","Los Dajaitos"
"Cibao Noroeste","Santiago Rodríguez","Villa Los Almácigos","El Dajao","Los Jaiquices"
"Cibao Noroeste","Santiago Rodríguez","Villa Los Almácigos","El Dajao","Los Palmaritos"
"Cibao Noroeste","Santiago Rodríguez","Villa Los Almácigos","El Dajao","Palo Bonito"
"Cibao Noroeste","Santiago Rodríguez","Villa Los Almácigos","El Fundo","El Algarrobo"
"Cibao Noroeste","Santiago Rodríguez","Villa Los Almácigos","El Fundo","El Caimital Arriba"
"Cibao Noroeste","Santiago Rodríguez","Villa Los Almácigos","El Fundo","El Fundo"
"Cibao Noroeste","Santiago Rodríguez","Villa Los Almácigos","El Fundo","El Resbaloso"
"Cibao Noroeste","Santiago Rodríguez","Villa Los Almácigos","El Fundo","La Guásima"
"Cibao Noroeste","Santiago Rodríguez","Villa Los Almácigos","El Fundo","La Soya (Soyo)"
"Cibao Noroeste","Santiago Rodríguez","Villa Los Almácigos","El Fundo","Los Hoyos"
"Cibao Noroeste","Santiago Rodríguez","Villa Los Almácigos","El Fundo","Monier"
"Cibao Noroeste","Santiago Rodríguez","Villa Los Almácigos","La Ginita","Arroyito Malo"
"Cibao Noroeste","Santiago Rodríguez","Villa Los Almácigos","La Ginita","Boca de Vereda"
"Cibao Noroeste","Santiago Rodríguez","Villa Los Almácigos","La Ginita","Burende"
"Cibao Noroeste","Santiago Rodríguez","Villa Los Almácigos","La Ginita","Cerca de La Piña"
"Cibao Noroeste","Santiago Rodríguez","Villa Los Almácigos","La Ginita","Colonia El Naranjito"
"Cibao Noroeste","Santiago Rodríguez","Villa Los Almácigos","La Ginita","Colonia Los Limones"
"Cibao Noroeste","Santiago Rodríguez","Villa Los Almácigos","La Ginita","El Limón"
"Cibao Noroeste","Santiago Rodríguez","Villa Los Almácigos","La Ginita","El Valle"
"Cibao Noroeste","Santiago Rodríguez","Villa Los Almácigos","La Ginita","La Canastica o Canastilla"
"Cibao Noroeste","Santiago Rodríguez","Villa Los Almácigos","La Ginita","La Ceiba Abajo"
"Cibao Noroeste","Santiago Rodríguez","Villa Los Almácigos","La Ginita","La Ceiba Arriba"
"Cibao Noroeste","Santiago Rodríguez","Villa Los Almácigos","La Ginita","La Cidra"
"Cibao Noroeste","Santiago Rodríguez","Villa Los Almácigos","La Ginita","La Ginita"
"Cibao Noroeste","Santiago Rodríguez","Villa Los Almácigos","La Ginita","La Piña"
"Cibao Noroeste","Santiago Rodríguez","Villa Los Almácigos","La Ginita","La Pionía"
"Cibao Noroeste","Santiago Rodríguez","Villa Los Almácigos","La Ginita","Llano de La Pionía"
"Cibao Noroeste","Santiago Rodríguez","Villa Los Almácigos","La Ginita","Los Cinco (5) Puercos"
"Cibao Noroeste","Santiago Rodríguez","Villa Los Almácigos","La Ginita","Los Rodríguez"
"Cibao Noroeste","Santiago Rodríguez","Villa Los Almácigos","La Ginita","Palma Larga"
"Cibao Noroeste","Santiago Rodríguez","Villa Los Almácigos","La Ginita","Palo Alto"
"Cibao Noroeste","Santiago Rodríguez","Villa Los Almácigos","Inaje","Bohío Viejo"
"Cibao Noroeste","Santiago Rodríguez","Villa Los Almácigos","Inaje","Caimital Abajo"
"Cibao Noroeste","Santiago Rodríguez","Villa Los Almácigos","Inaje","Higüero"
"Cibao Noroeste","Santiago Rodríguez","Villa Los Almácigos","Inaje","Inaje"
"Cibao Noroeste","Santiago Rodríguez","Villa Los Almácigos","Inaje","Los Arroyitos"
"Cibao Noroeste","Santiago Rodríguez","Villa Los Almácigos","Inaje","Los Cacaos"
"Cibao Noroeste","Santiago Rodríguez","Villa Los Almácigos","Inaje","Los Candelones"
"Cibao Noroeste","Santiago Rodríguez","Villa Los Almácigos","Inaje","Los Inajitos o Los Najitos"
"Cibao Noroeste","Santiago Rodríguez","Villa Los Almácigos","Inaje","Los Naranjos"
"Cibao Noroeste","Santiago Rodríguez","Villa Los Almácigos","Inaje","Sabana de Inaje"
"Cibao Noroeste","Santiago Rodríguez","Villa Los Almácigos","La Lana","Ceja Larga"
"Cibao Noroeste","Santiago Rodríguez","Villa Los Almácigos","La Lana","Cruce de la Lana"
"Cibao Noroeste","Santiago Rodríguez","Villa Los Almácigos","La Lana","La Lana o La Calle de la Bebida"
"Cibao Noroeste","Santiago Rodríguez","Villa Los Almácigos","La Lana","La Madrecita"
"Cibao Noroeste","Santiago Rodríguez","Villa Los Almácigos","La Lana","Rancho Viejo"
"Cibao Noroeste","Valverde","Esperanza","Esperanza","1 de Mayo (Los Girasoles)"
"Cibao Noroeste","Valverde","Esperanza","Esperanza","Bello Atardecer"
"Cibao Noroeste","Valverde","Esperanza","Esperanza","Buena Vista o El Bolsillo"
"Cibao Noroeste","Valverde","Esperanza","Esperanza","Buenos Aires"
"Cibao Noroeste","Valverde","Esperanza","Esperanza","Centro de la Ciudad"
"Cibao Noroeste","Valverde","Esperanza","Esperanza","Cristóbal Colón"
"Cibao Noroeste","Valverde","Esperanza","Esperanza","Duarte"
"Cibao Noroeste","Valverde","Esperanza","Esperanza","El Paraíso"
"Cibao Noroeste","Valverde","Esperanza","Esperanza","El Progreso (El Edén)"
"Cibao Noroeste","Valverde","Esperanza","Esperanza","Enriquillo"
"Cibao Noroeste","Valverde","Esperanza","Esperanza","Gregorio Luperón"
"Cibao Noroeste","Valverde","Esperanza","Esperanza","José Francisco Peña Gómez"
"Cibao Noroeste","Valverde","Esperanza","Esperanza","La Altagracia"
"Cibao Noroeste","Valverde","Esperanza","Esperanza","La Fe"
"Cibao Noroeste","Valverde","Esperanza","Esperanza","La Logia"
"Cibao Noroeste","Valverde","Esperanza","Esperanza","Los Cayucos I"
"Cibao Noroeste","Valverde","Esperanza","Esperanza","Los Cayucos II"
"Cibao Noroeste","Valverde","Esperanza","Esperanza","Los Girasoles"
"Cibao Noroeste","Valverde","Esperanza","Esperanza","Los Palitos o María Auxiliadora"
"Cibao Noroeste","Valverde","Esperanza","Esperanza","María Auxiliadora I"
"Cibao Noroeste","Valverde","Esperanza","Esperanza","María Auxiliadora II (Los Palitos)"
"Cibao Noroeste","Valverde","Esperanza","Esperanza","Norte o Rincón"
"Cibao Noroeste","Valverde","Esperanza","Esperanza","Nuevo"
"Cibao Noroeste","Valverde","Esperanza","Esperanza","Quisqueya"
"Cibao Noroeste","Valverde","Esperanza","Esperanza","Salomé Ureña"
"Cibao Noroeste","Valverde","Esperanza","Esperanza","Sur"
"Cibao Noroeste","Valverde","Esperanza","Esperanza","Tito Cabrera"
"Cibao Noroeste","Valverde","Esperanza","Esperanza","Villa Nueva"
"Cibao Noroeste","Valverde","Esperanza","Esperanza","Vista Hermosa"
"Cibao Noroeste","Valverde","Esperanza","Peñuela","Cacheo"
"Cibao Noroeste","Valverde","Esperanza","Peñuela","Cañeo"
"Cibao Noroeste","Valverde","Esperanza","Peñuela","Cruce de Esperanza"
"Cibao Noroeste","Valverde","Esperanza","Peñuela","Guachupita - Los Callejones"
"Cibao Noroeste","Valverde","Esperanza","Peñuela","Kilómetro 7"
"Cibao Noroeste","Valverde","Esperanza","Peñuela","Los Callejones de Peñuela"
"Cibao Noroeste","Valverde","Esperanza","Peñuela","Peñuela Abajo"
"Cibao Noroeste","Valverde","Esperanza","Peñuela","Peñuela Adentro"
"Cibao Noroeste","Valverde","Esperanza","Peñuela","Peñuela Afuera"
"Cibao Noroeste","Valverde","Esperanza","Pontón (Villa Henequén)","Barrero"
"Cibao Noroeste","Valverde","Esperanza","Pontón (Villa Henequén)","Bejucal"
"Cibao Noroeste","Valverde","Esperanza","Pontón (Villa Henequén)","Cruce de Barrero"
"Cibao Noroeste","Valverde","Esperanza","Pontón (Villa Henequén)","Cruce Jicomé"
"Cibao Noroeste","Valverde","Esperanza","Pontón (Villa Henequén)","Villa Henequén (Pontón)"
"Cibao Noroeste","Valverde","Esperanza","Maizal","Maizal"
"Cibao Noroeste","Valverde","Esperanza","Damajagua","Batey Libertad"
"Cibao Noroeste","Valverde","Esperanza","Damajagua","Damajagua"
"Cibao Noroeste","Valverde","Esperanza","Damajagua","El Mango"
"Cibao Noroeste","Valverde","Esperanza","Damajagua","El Palo"
"Cibao Noroeste","Valverde","Esperanza","Damajagua","Ojos de Agua"
"Cibao Noroeste","Valverde","Esperanza","Damajagua","Saltadero"
"Cibao Noroeste","Valverde","Esperanza","Línea A","Buen Hombre"
"Cibao Noroeste","Valverde","Esperanza","Línea A","Domingo Cabrera (Antiguo Vietnam)"
"Cibao Noroeste","Valverde","Esperanza","Línea A","Línea A"
"Cibao Noroeste","Valverde","Esperanza","Loma de Maimón","El Alto"
"Cibao Noroeste","Valverde","Esperanza","Loma de Maimón","La Cumbre"
"Cibao Noroeste","Valverde","Esperanza","Loma de Maimón","Loma de Maimón o Pozo del Maíz"
"Cibao Noroeste","Valverde","Esperanza","Loma de Maimón","Loma La Majagua"
"Cibao Noroeste","Valverde","Esperanza","Loma de Maimón","Los Aguacaticos"
"Cibao Noroeste","Valverde","Esperanza","Loma de Maimón","Los Arroyos"
"Cibao Noroeste","Valverde","Esperanza","Loma de Maimón","Los Ozorio (Osorio)"
"Cibao Noroeste","Valverde","Esperanza","Loma de Palma Picada","El 31"
"Cibao Noroeste","Valverde","Esperanza","Loma de Palma Picada","El Llano"
"Cibao Noroeste","Valverde","Esperanza","Loma de Palma Picada","El Rayo"
"Cibao Noroeste","Valverde","Esperanza","Loma de Palma Picada","La Llanada"
"Cibao Noroeste","Valverde","Esperanza","Loma de Palma Picada","La Lomita"
"Cibao Noroeste","Valverde","Esperanza","Loma de Palma Picada","Loma de Damajagua"
"Cibao Noroeste","Valverde","Esperanza","Loma de Palma Picada","Loma de Palma Picada"
"Cibao Noroeste","Valverde","Esperanza","Loma de Palma Picada","Palma Picada"
"Cibao Noroeste","Valverde","Esperanza","Maimón","Bejucal"
"Cibao Noroeste","Valverde","Esperanza","Maimón","La Cañita"
"Cibao Noroeste","Valverde","Esperanza","Maimón","Loma del Aguacate"
"Cibao Noroeste","Valverde","Esperanza","Maimón","Los Guamachos"
"Cibao Noroeste","Valverde","Esperanza","Maimón","Maimón"
"Cibao Noroeste","Valverde","Esperanza","Jicomé","Jicomé"
"Cibao Noroeste","Valverde","Esperanza","Kilómetro 7","Cruce de Esperanza"
"Cibao Noroeste","Valverde","Esperanza","Kilómetro 7","Cruce de Jicomé-Kilómetro 7"
"Cibao Noroeste","Valverde","Esperanza","Kilómetro 7","Kilómetro 10"
"Cibao Noroeste","Valverde","Esperanza","Jicomé","Bañadero Prieto"
"Cibao Noroeste","Valverde","Esperanza","Jicomé","El Jarqui"
"Cibao Noroeste","Valverde","Esperanza","Jicomé","El Pozo"
"Cibao Noroeste","Valverde","Esperanza","Jicomé","Jicomé Abajo"
"Cibao Noroeste","Valverde","Esperanza","Jicomé","Jicomé Arriba (Rural)"
"Cibao Noroeste","Valverde","Esperanza","Jicomé","La Guázara"
"Cibao Noroeste","Valverde","Esperanza","Jicomé","Los Ortegas"
"Cibao Noroeste","Valverde","Esperanza","Boca de Mao","Boca de Mao"
"Cibao Noroeste","Valverde","Esperanza","Boca de Mao","Batey 3"
"Cibao Noroeste","Valverde","Esperanza","Boca de Mao","Boca de Mao"
"Cibao Noroeste","Valverde","Esperanza","Boca de Mao","El Puente de Laguna Salada"
"Cibao Noroeste","Valverde","Esperanza","Boca de Mao","La Huazumita (Guazumita)"
"Cibao Noroeste","Valverde","Esperanza","Paradero","Paradero"
"Cibao Noroeste","Valverde","Esperanza","La Cayota","La Cayota"
"Cibao Noroeste","Valverde","Esperanza","Loma de Aguacate","El Aguacate Abajo"
"Cibao Noroeste","Valverde","Esperanza","Loma de Aguacate","El Barrero"
"Cibao Noroeste","Valverde","Esperanza","Loma de Aguacate","El Chepe"
"Cibao Noroeste","Valverde","Esperanza","Loma de Aguacate","La Cana"
"Cibao Noroeste","Valverde","Esperanza","Loma de Aguacate","Loma de Aguacate"
"Cibao Noroeste","Valverde","Esperanza","Loma de Aguacate","Los Cocos"
"Cibao Noroeste","Valverde","Esperanza","La Cabirma","Arroyo Seco"
"Cibao Noroeste","Valverde","Esperanza","La Cabirma","Derrumbadero"
"Cibao Noroeste","Valverde","Esperanza","La Cabirma","El Corte"
"Cibao Noroeste","Valverde","Esperanza","La Cabirma","El Murazo"
"Cibao Noroeste","Valverde","Esperanza","La Cabirma","La Campana"
"Cibao Noroeste","Valverde","Esperanza","La Cabirma","La Lomota"
"Cibao Noroeste","Valverde","Esperanza","La Cabirma","Las Cabirmas"
"Cibao Noroeste","Valverde","Esperanza","La Cabirma","Loma de Jicomé"
"Cibao Noroeste","Valverde","Esperanza","La Cabirma","Los Higos o La Yagüita"
"Cibao Noroeste","Valverde","Laguna Salada","Laguna Salada","Camilo Rodríguez"
"Cibao Noroeste","Valverde","Laguna Salada","Laguna Salada","El Yaque"
"Cibao Noroeste","Valverde","Laguna Salada","Laguna Salada","Enemencio Díaz"
"Cibao Noroeste","Valverde","Laguna Salada","Laguna Salada","La Curva"
"Cibao Noroeste","Valverde","Laguna Salada","Laguna Salada","La Duarte"
"Cibao Noroeste","Valverde","Laguna Salada","Laguna Salada","Las Flores"
"Cibao Noroeste","Valverde","Laguna Salada","Laguna Salada","Lindo"
"Cibao Noroeste","Valverde","Laguna Salada","Laguna Salada","Los Altos de Buenos Aires"
"Cibao Noroeste","Valverde","Laguna Salada","Laguna Salada","Los Crespo"
"Cibao Noroeste","Valverde","Laguna Salada","Laguna Salada","Los Fermín"
"Cibao Noroeste","Valverde","Laguna Salada","Laguna Salada","Los Tejada"
"Cibao Noroeste","Valverde","Laguna Salada","Laguna Salada","Pueblo Nuevo"
"Cibao Noroeste","Valverde","Laguna Salada","Laguna Salada","Puerto Rico"
"Cibao Noroeste","Valverde","Laguna Salada","Laguna Salada","Residencial Tríniti"
"Cibao Noroeste","Valverde","Laguna Salada","Laguna Salada","San Antonio"
"Cibao Noroeste","Valverde","Laguna Salada","Laguna Salada","Sito Toro"
"Cibao Noroeste","Valverde","Laguna Salada","Ranchete","Barrera o La Divisora"
"Cibao Noroeste","Valverde","Laguna Salada","Ranchete","Cabirma"
"Cibao Noroeste","Valverde","Laguna Salada","Ranchete","El Carril Abajo"
"Cibao Noroeste","Valverde","Laguna Salada","Ranchete","El Carril Arriba"
"Cibao Noroeste","Valverde","Laguna Salada","Ranchete","El Firme"
"Cibao Noroeste","Valverde","Laguna Salada","Ranchete","El Naranjo"
"Cibao Noroeste","Valverde","Laguna Salada","Ranchete","Los Mangos"
"Cibao Noroeste","Valverde","Laguna Salada","Ranchete","Paso Largo"
"Cibao Noroeste","Valverde","Laguna Salada","Ranchete","Ranchete"
"Cibao Noroeste","Valverde","Laguna Salada","Jaibón","Jaibón"
"Cibao Noroeste","Valverde","Laguna Salada","Entrada de Pozo Prieto","Arroyo Seco"
"Cibao Noroeste","Valverde","Laguna Salada","Entrada de Pozo Prieto","El Cerro"
"Cibao Noroeste","Valverde","Laguna Salada","Entrada de Pozo Prieto","Entrada de Pozo Prieto"
"Cibao Noroeste","Valverde","Laguna Salada","Entrada de Pozo Prieto","Jaibón"
"Cibao Noroeste","Valverde","Laguna Salada","San Roque","La Sabana"
"Cibao Noroeste","Valverde","Laguna Salada","San Roque","San Roque"
"Cibao Noroeste","Valverde","Laguna Salada","La Caya","La Caya"
"Cibao Noroeste","Valverde","Laguna Salada","Pozo Prieto","Loma de Pozo Prieto"
"Cibao Noroeste","Valverde","Laguna Salada","Pozo Prieto","Los Manantiales"
"Cibao Noroeste","Valverde","Laguna Salada","Pozo Prieto","Pozo Prieto"
"Cibao Noroeste","Valverde","Laguna Salada","Palo Amarillo","La Caya"
"Cibao Noroeste","Valverde","Laguna Salada","Palo Amarillo","Loma de La Caya"
"Cibao Noroeste","Valverde","Laguna Salada","Palo Amarillo","Los Grayumbos"
"Cibao Noroeste","Valverde","Laguna Salada","Palo Amarillo","Los Toros"
"Cibao Noroeste","Valverde","Laguna Salada","Palo Amarillo","Palo Amarillo"
"Cibao Noroeste","Valverde","Laguna Salada","Cruce de Guayacanes","Cruce de Guayacanes"
"Cibao Noroeste","Valverde","Laguna Salada","Ojo de Agua","Las Cañitas"
"Cibao Noroeste","Valverde","Laguna Salada","Ojo de Agua","Los Guamachos"
"Cibao Noroeste","Valverde","Laguna Salada","Ojo de Agua","Ojo de Agua"
"Cibao Noroeste","Valverde","Laguna Salada","Loma de Guayacanes","El Chorro"
"Cibao Noroeste","Valverde","Laguna Salada","Loma de Guayacanes","El Molino"
"Cibao Noroeste","Valverde","Laguna Salada","Loma de Guayacanes","Loma de Guayacanes"
"Cibao Noroeste","Valverde","Laguna Salada","Loma de Guayacanes","Los Pinos"
"Cibao Noroeste","Valverde","Laguna Salada","Guayacanes Adentro","El Barrio o Los Parceleros"
"Cibao Noroeste","Valverde","Laguna Salada","Guayacanes Adentro","Guayacanes Adentro"
"Cibao Noroeste","Valverde","Laguna Salada","Guayacanes Adentro","La Barranquita"
"Cibao Noroeste","Valverde","Laguna Salada","Guayacanes Adentro","Puente San Rafael"
"Cibao Noroeste","Valverde","Mao","Mao","Aserradero"
"Cibao Noroeste","Valverde","Mao","Mao","Buenos Aires"
"Cibao Noroeste","Valverde","Mao","Mao","Centro del Pueblo"
"Cibao Noroeste","Valverde","Mao","Mao","Cerro Marino"
"Cibao Noroeste","Valverde","Mao","Mao","Cruce de Copellito"
"Cibao Noroeste","Valverde","Mao","Mao","De Pericle"
"Cibao Noroeste","Valverde","Mao","Mao","Desiderio Arias"
"Cibao Noroeste","Valverde","Mao","Mao","Don Bosco"
"Cibao Noroeste","Valverde","Mao","Mao","El Rincón"
"Cibao Noroeste","Valverde","Mao","Mao","El Samán"
"Cibao Noroeste","Valverde","Mao","Mao","Enriquillo"
"Cibao Noroeste","Valverde","Mao","Mao","Hatico"
"Cibao Noroeste","Valverde","Mao","Mao","La Compuerta"
"Cibao Noroeste","Valverde","Mao","Mao","La Guardia o Carlos Daniel"
"Cibao Noroeste","Valverde","Mao","Mao","Las Cuarenta (Las 40)"
"Cibao Noroeste","Valverde","Mao","Mao","Las Flores"
"Cibao Noroeste","Valverde","Mao","Mao","Las Trescientas (Las 300)"
"Cibao Noroeste","Valverde","Mao","Mao","Los Acostados"
"Cibao Noroeste","Valverde","Mao","Mao","Los Bonilla"
"Cibao Noroeste","Valverde","Mao","Mao","Los Cajuiles"
"Cibao Noroeste","Valverde","Mao","Mao","Los Cayucos"
"Cibao Noroeste","Valverde","Mao","Mao","Los Médicos"
"Cibao Noroeste","Valverde","Mao","Mao","Los Oficiales"
"Cibao Noroeste","Valverde","Mao","Mao","Los Restauradores"
"Cibao Noroeste","Valverde","Mao","Mao","María Auxiliadora"
"Cibao Noroeste","Valverde","Mao","Mao","Militar"
"Cibao Noroeste","Valverde","Mao","Mao","Moto Cross"
"Cibao Noroeste","Valverde","Mao","Mao","Pueblo de Dios"
"Cibao Noroeste","Valverde","Mao","Mao","Residencial Carol Gissel"
"Cibao Noroeste","Valverde","Mao","Mao","San Antón"
"Cibao Noroeste","Valverde","Mao","Mao","Sibila"
"Cibao Noroeste","Valverde","Mao","Mao","Tierra Seca"
"Cibao Noroeste","Valverde","Mao","Mao","Urbanización Bello Atardecer"
"Cibao Noroeste","Valverde","Mao","Mao","Urbanización Layden"
"Cibao Noroeste","Valverde","Mao","Mao","Urbanización Los Corobat"
"Cibao Noroeste","Valverde","Mao","Mao","Urbanización Sin Nombre"
"Cibao Noroeste","Valverde","Mao","Mao","Urbanización Villa Carolina"
"Cibao Noroeste","Valverde","Mao","Mao","Villa Diego"
"Cibao Noroeste","Valverde","Mao","Mao","Villa Olímpica"
"Cibao Noroeste","Valverde","Mao","Los Quemados","Arroyo de Agua"
"Cibao Noroeste","Valverde","Mao","Los Quemados","Damajagua"
"Cibao Noroeste","Valverde","Mao","Los Quemados","El Cercado"
"Cibao Noroeste","Valverde","Mao","Los Quemados","Gurabo Adentro"
"Cibao Noroeste","Valverde","Mao","Los Quemados","Laguna de La Ceiba"
"Cibao Noroeste","Valverde","Mao","Los Quemados","Los Quemados"
"Cibao Noroeste","Valverde","Mao","Los Quemados","Mao Adentro"
"Cibao Noroeste","Valverde","Mao","Los Quemados","Palo Amarillo"
"Cibao Noroeste","Valverde","Mao","Los Quemados","Yerba de Guinea"
"Cibao Noroeste","Valverde","Mao","Ámina","Ámina"
"Cibao Noroeste","Valverde","Mao","Ámina","Batey Ámina"
"Cibao Noroeste","Valverde","Mao","Ámina","Batey Laguneta"
"Cibao Noroeste","Valverde","Mao","Ámina","Hato Nuevo"
"Cibao Noroeste","Valverde","Mao","Ámina","La Becerrera"
"Cibao Noroeste","Valverde","Mao","Ámina","Laguneta"
"Cibao Noroeste","Valverde","Mao","Ámina","Los Chichiguaos"
"Cibao Noroeste","Valverde","Mao","Ámina","Tierra Fría Afuera"
"Cibao Noroeste","Valverde","Mao","Entrada de Mao","Entrada de Mao"
"Cibao Noroeste","Valverde","Mao","Entrada de Mao","Jiménez"
"Cibao Noroeste","Valverde","Mao","Entrada de Mao","Los Helechos"
"Cibao Noroeste","Valverde","Mao","Entrada de Mao","Martínez"
"Cibao Noroeste","Valverde","Mao","Entrada de Mao","Sabana Grande"
"Cibao Noroeste","Valverde","Mao","Entrada de Mao","Tartabón"
"Cibao Noroeste","Valverde","Mao","Entrada de Mao","Tartabón Adentro"
"Cibao Noroeste","Valverde","Mao","Jaibón o Pueblo Nuevo","Pueblo Nuevo"
"Cibao Noroeste","Valverde","Mao","Gurabo Afuera","Gurabo Adentro"
"Cibao Noroeste","Valverde","Mao","Gurabo Afuera","Gurabo Afuera"
"Cibao Noroeste","Valverde","Mao","Gurabo Afuera","La Caída"
"Cibao Noroeste","Valverde","Mao","Gurabo Afuera","Las Raíces"
"Cibao Noroeste","Valverde","Mao","Gurabo Afuera","Piedra Blanca"
"Cibao Noroeste","Valverde","Mao","Prestiles","La Yagua (La Jagua)"
"Cibao Noroeste","Valverde","Mao","Prestiles","Prestiles"
"Cibao Noroeste","Valverde","Mao","Pueblo Nuevo","Cartujo"
"Cibao Noroeste","Valverde","Mao","Pueblo Nuevo","Cayito"
"Cibao Noroeste","Valverde","Mao","Pueblo Nuevo","Pueblo Nuevo"
"Cibao Noroeste","Valverde","Mao","Guatapanal","Guatapanal"
"Cibao Noroeste","Valverde","Mao","Boruco","Baguazuma"
"Cibao Noroeste","Valverde","Mao","Boruco","Boruco"
"Cibao Noroeste","Valverde","Mao","Boruco","La Caña"
"Cibao Noroeste","Valverde","Mao","Boruco","La Sabana"
"Cibao Noroeste","Valverde","Mao","Jinamagao","El Remate"
"Cibao Noroeste","Valverde","Mao","Jinamagao","Jinamagao Abajo"
"Cibao Noroeste","Valverde","Mao","Jinamagao","Jinamagao Arriba"
"Cibao Noroeste","Valverde","Mao","Jinamagao","Tierra Fría"
"Cibao Noroeste","Valverde","Mao","Potrero","Guanajuma"
"Cibao Noroeste","Valverde","Mao","Potrero","Guanal"
"Cibao Noroeste","Valverde","Mao","Potrero","Guazábara"
"Cibao Noroeste","Valverde","Mao","Potrero","Higüerito-Peñuela"
"Cibao Noroeste","Valverde","Mao","Potrero","Hundidera"
"Cibao Noroeste","Valverde","Mao","Potrero","Jaiqui Picao"
"Cibao Noroeste","Valverde","Mao","Potrero","La Caoba"
"Cibao Noroeste","Valverde","Mao","Potrero","La Sabana"
"Cibao Noroeste","Valverde","Mao","Potrero","Potrero"
"Cibao Noroeste","Valverde","Mao","Potrero","Tabacal"
"Cibao Norte","Espaillat","Cayetano Germosén","Cayetano Germosén o Guanábano","Bolo o Urbanización Sánchez"
"Cibao Norte","Espaillat","Cayetano Germosén","Cayetano Germosén o Guanábano","Centro del Pueblo"
"Cibao Norte","Espaillat","Cayetano Germosén","Cayetano Germosén o Guanábano","Guanábano"
"Cibao Norte","Espaillat","Cayetano Germosén","Cayetano Germosén o Guanábano","Hato Viejo"
"Cibao Norte","Espaillat","Cayetano Germosén","Cayetano Germosén o Guanábano","Los Rojas"
"Cibao Norte","Espaillat","Cayetano Germosén","Cayetano Germosén o Guanábano","Urbanización Alba"
"Cibao Norte","Espaillat","Cayetano Germosén","La Guama (De Guanábano)","Calle del Río"
"Cibao Norte","Espaillat","Cayetano Germosén","La Guama (De Guanábano)","El Carril"
"Cibao Norte","Espaillat","Cayetano Germosén","La Guama (De Guanábano)","La Guama (De Guanábano)"
"Cibao Norte","Espaillat","Cayetano Germosén","La Guama (De Guanábano)","La Vereda"
"Cibao Norte","Espaillat","Cayetano Germosén","La Guama (De Guanábano)","Los Rincones"
"Cibao Norte","Espaillat","Cayetano Germosén","La Guama (De Guanábano)","Los Rojas"
"Cibao Norte","Espaillat","Cayetano Germosén","La Guama (De Guanábano)","Nibaje"
"Cibao Norte","Espaillat","Cayetano Germosén","Hato Viejo","Hato Viejo (Azucey)"
"Cibao Norte","Espaillat","Cayetano Germosén","Hato Viejo","La Penda"
"Cibao Norte","Espaillat","Cayetano Germosén","Hato Viejo","Los Barrancones"
"Cibao Norte","Espaillat","Cayetano Germosén","Hato Viejo","Los Hicacos"
"Cibao Norte","Espaillat","Cayetano Germosén","Hato Viejo","Los Jazmines"
"Cibao Norte","Espaillat","Cayetano Germosén","Hato Viejo","Sabana de los Alba"
"Cibao Norte","Espaillat","Cayetano Germosén","Hato Viejo","Vuelta Larga"
"Cibao Norte","Espaillat","Gaspar Hernández","Gaspar Hernández","Altos de Gaspar Hernández"
"Cibao Norte","Espaillat","Gaspar Hernández","Gaspar Hernández","Campo Verde"
"Cibao Norte","Espaillat","Gaspar Hernández","Gaspar Hernández","Candoy"
"Cibao Norte","Espaillat","Gaspar Hernández","Gaspar Hernández","Centro del Pueblo"
"Cibao Norte","Espaillat","Gaspar Hernández","Gaspar Hernández","El Correo"
"Cibao Norte","Espaillat","Gaspar Hernández","Gaspar Hernández","El Semillero"
"Cibao Norte","Espaillat","Gaspar Hernández","Gaspar Hernández","La Hoya"
"Cibao Norte","Espaillat","Gaspar Hernández","Gaspar Hernández","Loma de Yerba"
"Cibao Norte","Espaillat","Gaspar Hernández","Gaspar Hernández","Los Franceses"
"Cibao Norte","Espaillat","Gaspar Hernández","Bejuco Blanco","Bejuco Blanco"
"Cibao Norte","Espaillat","Gaspar Hernández","Bejuco Blanco","Boca de Henequén"
"Cibao Norte","Espaillat","Gaspar Hernández","Bejuco Blanco","Boca de Joba"
"Cibao Norte","Espaillat","Gaspar Hernández","Bejuco Blanco","Calle Ancha"
"Cibao Norte","Espaillat","Gaspar Hernández","Bejuco Blanco","El Catey"
"Cibao Norte","Espaillat","Gaspar Hernández","Bejuco Blanco","Hoya Grande"
"Cibao Norte","Espaillat","Gaspar Hernández","Bejuco Blanco","La Batata"
"Cibao Norte","Espaillat","Gaspar Hernández","Bejuco Blanco","La Cabuya"
"Cibao Norte","Espaillat","Gaspar Hernández","Bejuco Blanco","La Cigua"
"Cibao Norte","Espaillat","Gaspar Hernández","Bejuco Blanco","La Ermita"
"Cibao Norte","Espaillat","Gaspar Hernández","Bejuco Blanco","Las Auyamas"
"Cibao Norte","Espaillat","Gaspar Hernández","Bejuco Blanco","Las Caobas"
"Cibao Norte","Espaillat","Gaspar Hernández","Bejuco Blanco","Loma al Medio"
"Cibao Norte","Espaillat","Gaspar Hernández","Bejuco Blanco","Los Algarrobos"
"Cibao Norte","Espaillat","Gaspar Hernández","Bejuco Blanco","Mata de Guanábano"
"Cibao Norte","Espaillat","Gaspar Hernández","Bejuco Blanco","Naranjo Dulce Arriba"
"Cibao Norte","Espaillat","Gaspar Hernández","Bejuco Blanco","Palo Colorado"
"Cibao Norte","Espaillat","Gaspar Hernández","Bejuco Blanco","Punta Gorda"
"Cibao Norte","Espaillat","Gaspar Hernández","Bejuco Blanco","Río Piedra"
"Cibao Norte","Espaillat","Gaspar Hernández","El Jobo","Angostura"
"Cibao Norte","Espaillat","Gaspar Hernández","El Jobo","Arenoso"
"Cibao Norte","Espaillat","Gaspar Hernández","El Jobo","El Anón Abajo"
"Cibao Norte","Espaillat","Gaspar Hernández","El Jobo","El Caimán"
"Cibao Norte","Espaillat","Gaspar Hernández","El Jobo","El Jobo"
"Cibao Norte","Espaillat","Gaspar Hernández","El Jobo","La Jagüita"
"Cibao Norte","Espaillat","Gaspar Hernández","El Jobo","Loma de Yerba"
"Cibao Norte","Espaillat","Gaspar Hernández","El Jobo","Los Palmaritos"
"Cibao Norte","Espaillat","Gaspar Hernández","Ojo de Agua","Arroyo Grande"
"Cibao Norte","Espaillat","Gaspar Hernández","Ojo de Agua","Arroyo Seco"
"Cibao Norte","Espaillat","Gaspar Hernández","Ojo de Agua","Boca de Partido"
"Cibao Norte","Espaillat","Gaspar Hernández","Ojo de Agua","El Manguito"
"Cibao Norte","Espaillat","Gaspar Hernández","Ojo de Agua","El Peñón"
"Cibao Norte","Espaillat","Gaspar Hernández","Ojo de Agua","Hoyo Hondo"
"Cibao Norte","Espaillat","Gaspar Hernández","Ojo de Agua","La Gina"
"Cibao Norte","Espaillat","Gaspar Hernández","Ojo de Agua","Mata Puerco"
"Cibao Norte","Espaillat","Gaspar Hernández","Ojo de Agua","Ojo de Agua"
"Cibao Norte","Espaillat","Gaspar Hernández","Ojo de Agua","Paso de la Palma"
"Cibao Norte","Espaillat","Gaspar Hernández","Joba Arriba","Emilio García"
"Cibao Norte","Espaillat","Gaspar Hernández","Joba Arriba","Espíritu Santo"
"Cibao Norte","Espaillat","Gaspar Hernández","Joba Arriba","Joba Arriba"
"Cibao Norte","Espaillat","Gaspar Hernández","Joba Arriba","La Piragua"
"Cibao Norte","Espaillat","Gaspar Hernández","Joba Arriba","María Auxiliadora"
"Cibao Norte","Espaillat","Gaspar Hernández","El Higüero","Arroyo Blanco"
"Cibao Norte","Espaillat","Gaspar Hernández","El Higüero","El Barrito"
"Cibao Norte","Espaillat","Gaspar Hernández","El Higüero","El Guaranal"
"Cibao Norte","Espaillat","Gaspar Hernández","El Higüero","El Higüero"
"Cibao Norte","Espaillat","Gaspar Hernández","El Higüero","Gajo Malo"
"Cibao Norte","Espaillat","Gaspar Hernández","El Higüero","Higüero Abajo"
"Cibao Norte","Espaillat","Gaspar Hernández","El Higüero","La Sabana"
"Cibao Norte","Espaillat","Gaspar Hernández","El Higüero","Legía"
"Cibao Norte","Espaillat","Gaspar Hernández","El Higüero","Los Limones"
"Cibao Norte","Espaillat","Gaspar Hernández","Jagua Clara","Boca de Meneguén"
"Cibao Norte","Espaillat","Gaspar Hernández","Jagua Clara","El Majagual"
"Cibao Norte","Espaillat","Gaspar Hernández","Jagua Clara","El Paradero"
"Cibao Norte","Espaillat","Gaspar Hernández","Jagua Clara","El Sisal"
"Cibao Norte","Espaillat","Gaspar Hernández","Jagua Clara","Gina Clara (Jagua Clara)"
"Cibao Norte","Espaillat","Gaspar Hernández","Jagua Clara","La Cueva"
"Cibao Norte","Espaillat","Gaspar Hernández","Jagua Clara","La Culata"
"Cibao Norte","Espaillat","Gaspar Hernández","Jagua Clara","La Sabaneta"
"Cibao Norte","Espaillat","Gaspar Hernández","Jagua Clara","La Vereda"
"Cibao Norte","Espaillat","Gaspar Hernández","Jagua Clara","Los Ramones"
"Cibao Norte","Espaillat","Gaspar Hernández","La Piragua","Caliente"
"Cibao Norte","Espaillat","Gaspar Hernández","La Piragua","El Anón Arriba"
"Cibao Norte","Espaillat","Gaspar Hernández","La Piragua","El Guaranal o Alto de La Piragua"
"Cibao Norte","Espaillat","Gaspar Hernández","La Piragua","La Ceiba"
"Cibao Norte","Espaillat","Gaspar Hernández","La Piragua","La Filipina"
"Cibao Norte","Espaillat","Gaspar Hernández","La Piragua","La Lomota"
"Cibao Norte","Espaillat","Gaspar Hernández","La Piragua","La Piragua"
"Cibao Norte","Espaillat","Gaspar Hernández","La Piragua","La Piragua al Medio"
"Cibao Norte","Espaillat","Gaspar Hernández","La Piragua","Los Alcarrizos (Sabaneta)"
"Cibao Norte","Espaillat","Gaspar Hernández","La Piragua","Los Hoyos"
"Cibao Norte","Espaillat","Gaspar Hernández","La Piragua","Quezada"
"Cibao Norte","Espaillat","Gaspar Hernández","Veragua","Veragua"
"Cibao Norte","Espaillat","Gaspar Hernández","Veragua","Villa Progreso"
"Cibao Norte","Espaillat","Gaspar Hernández","Batey Ginebra","Batey Ginebra"
"Cibao Norte","Espaillat","Gaspar Hernández","Batey Ginebra","Calolín"
"Cibao Norte","Espaillat","Gaspar Hernández","Batey Ginebra","Las Marías"
"Cibao Norte","Espaillat","Gaspar Hernández","Rincón de Veragua","Boca de Yásica"
"Cibao Norte","Espaillat","Gaspar Hernández","Rincón de Veragua","La Cuchara"
"Cibao Norte","Espaillat","Gaspar Hernández","Rincón de Veragua","La Lometa"
"Cibao Norte","Espaillat","Gaspar Hernández","Rincón de Veragua","La Piña"
"Cibao Norte","Espaillat","Gaspar Hernández","Rincón de Veragua","Rincón de Veragua o Rincón"
"Cibao Norte","Espaillat","Gaspar Hernández","Rincón de Veragua","Veragua Arriba"
"Cibao Norte","Espaillat","Gaspar Hernández","Caño Dulce","Alto Grande"
"Cibao Norte","Espaillat","Gaspar Hernández","Caño Dulce","Caño Dulce"
"Cibao Norte","Espaillat","Gaspar Hernández","Caño Dulce","Cruz de Gen"
"Cibao Norte","Espaillat","Gaspar Hernández","Caño Dulce","Cruz de Gen (Saltadero)"
"Cibao Norte","Espaillat","Gaspar Hernández","Caño Dulce","La Canas"
"Cibao Norte","Espaillat","Gaspar Hernández","Caño Dulce","La Hebra"
"Cibao Norte","Espaillat","Gaspar Hernández","Caño Dulce","Los Guaos"
"Cibao Norte","Espaillat","Gaspar Hernández","Villa Magante","La Yagua"
"Cibao Norte","Espaillat","Gaspar Hernández","Villa Magante","Los Amapolos"
"Cibao Norte","Espaillat","Gaspar Hernández","Vereda al Medio","Arroyo Prieto"
"Cibao Norte","Espaillat","Gaspar Hernández","Vereda al Medio","El Mango"
"Cibao Norte","Espaillat","Gaspar Hernández","Vereda al Medio","El Oro"
"Cibao Norte","Espaillat","Gaspar Hernández","Vereda al Medio","La Ciénaga"
"Cibao Norte","Espaillat","Gaspar Hernández","Vereda al Medio","La Hicotea"
"Cibao Norte","Espaillat","Gaspar Hernández","Vereda al Medio","Los Firmes o Loma los Titises"
"Cibao Norte","Espaillat","Gaspar Hernández","Vereda al Medio","Vereda al Medio"
"Cibao Norte","Espaillat","Gaspar Hernández","La Cantera","El Limón"
"Cibao Norte","Espaillat","Gaspar Hernández","La Cantera","El Tablón"
"Cibao Norte","Espaillat","Gaspar Hernández","La Cantera","La Cantera"
"Cibao Norte","Espaillat","Gaspar Hernández","La Cantera","Los Puyones"
"Cibao Norte","Espaillat","Gaspar Hernández","Las Tres Ceibas","Churumbunes"
"Cibao Norte","Espaillat","Gaspar Hernández","Las Tres Ceibas","El Bachateo"
"Cibao Norte","Espaillat","Gaspar Hernández","Las Tres Ceibas","El Gajo"
"Cibao Norte","Espaillat","Gaspar Hernández","Las Tres Ceibas","La Sufridera"
"Cibao Norte","Espaillat","Gaspar Hernández","Las Tres Ceibas","Las Tres Ceibas"
"Cibao Norte","Espaillat","Gaspar Hernández","Las Tres Ceibas","Los Pinos"
"Cibao Norte","Espaillat","Gaspar Hernández","Magante","Gancho al Medio"
"Cibao Norte","Espaillat","Gaspar Hernández","Magante","Magante"
"Cibao Norte","Espaillat","Gaspar Hernández","Magante","Palmarito"
"Cibao Norte","Espaillat","Gaspar Hernández","Magante","Tierra Blanca"
"Cibao Norte","Espaillat","Jamao Al Norte","Jamao Al Norte","Arroyo del Agua"
"Cibao Norte","Espaillat","Jamao Al Norte","Jamao Al Norte","Boca de Jamao"
"Cibao Norte","Espaillat","Jamao Al Norte","Jamao Al Norte","Centro del Pueblo"
"Cibao Norte","Espaillat","Jamao Al Norte","Jamao Al Norte","La Laguna"
"Cibao Norte","Espaillat","Jamao Al Norte","Jamao Al Norte","Rincón Caliente"
"Cibao Norte","Espaillat","Jamao Al Norte","Jamao al Sur","Arroyo del Gato"
"Cibao Norte","Espaillat","Jamao Al Norte","Jamao al Sur","El Ramonal"
"Cibao Norte","Espaillat","Jamao Al Norte","Jamao al Sur","La Jagua"
"Cibao Norte","Espaillat","Jamao Al Norte","Jamao al Sur","La Piedra"
"Cibao Norte","Espaillat","Jamao Al Norte","Jamao al Sur","Las Espinas"
"Cibao Norte","Espaillat","Jamao Al Norte","Jamao al Sur","Los Moluses o Los Meluses"
"Cibao Norte","Espaillat","Jamao Al Norte","Jamao al Sur","Marinero"
"Cibao Norte","Espaillat","Jamao Al Norte","Los Brazos","La Mina"
"Cibao Norte","Espaillat","Jamao Al Norte","Los Brazos","Los Brazos"
"Cibao Norte","Espaillat","Jamao Al Norte","Los Brazos","Los Peña"
"Cibao Norte","Espaillat","Jamao Al Norte","La Filipina","El Pajón"
"Cibao Norte","Espaillat","Jamao Al Norte","La Filipina","Hojas Anchas"
"Cibao Norte","Espaillat","Jamao Al Norte","La Filipina","La Filipina"
"Cibao Norte","Espaillat","Jamao Al Norte","La Filipina","Las Manaclas"
"Cibao Norte","Espaillat","Jamao Al Norte","La Filipina","Los Manantiales"
"Cibao Norte","Espaillat","Jamao Al Norte","La Filipina","Los Peñones"
"Cibao Norte","Espaillat","Jamao Al Norte","Las Caobas","Arroyo del Agua"
"Cibao Norte","Espaillat","Jamao Al Norte","Las Caobas","Arroyo Frío"
"Cibao Norte","Espaillat","Jamao Al Norte","Las Caobas","Arroyo Llano"
"Cibao Norte","Espaillat","Jamao Al Norte","Las Caobas","Caimoní"
"Cibao Norte","Espaillat","Jamao Al Norte","Las Caobas","La Cana"
"Cibao Norte","Espaillat","Jamao Al Norte","Las Caobas","La Canela"
"Cibao Norte","Espaillat","Jamao Al Norte","Las Caobas","La Vereda"
"Cibao Norte","Espaillat","Jamao Al Norte","Las Caobas","Las Caobas"
"Cibao Norte","Espaillat","Jamao Al Norte","Las Caobas","Los Charamicos"
"Cibao Norte","Espaillat","Jamao Al Norte","Las Caobas","Los Saladillos"
"Cibao Norte","Espaillat","Jamao Al Norte","Las Caobas","Los Zancones"
"Cibao Norte","Espaillat","Jamao Al Norte","Las Caobas","Palo Blanco"
"Cibao Norte","Espaillat","Jamao Al Norte","Las Caobas","Palo Roto"
"Cibao Norte","Espaillat","Jamao Al Norte","Las Caobas","Río Arriba"
"Cibao Norte","Espaillat","Jamao Al Norte","Las Caobas","Villa Iván Guzmán (El Saladillo)"
"Cibao Norte","Espaillat","Moca","Moca","Altos de Chavón"
"Cibao Norte","Espaillat","Moca","Moca","Batuto"
"Cibao Norte","Espaillat","Moca","Moca","Cementerio Municipal de Moca"
"Cibao Norte","Espaillat","Moca","Moca","Centro de La Ciudad"
"Cibao Norte","Espaillat","Moca","Moca","De Foro"
"Cibao Norte","Espaillat","Moca","Moca","Don Bosco"
"Cibao Norte","Espaillat","Moca","Moca","El Bolsillo"
"Cibao Norte","Espaillat","Moca","Moca","El Caimito"
"Cibao Norte","Espaillat","Moca","Moca","El Cementerio"
"Cibao Norte","Espaillat","Moca","Moca","El Corozo"
"Cibao Norte","Espaillat","Moca","Moca","El Muerto Borracho Cervantes"
"Cibao Norte","Espaillat","Moca","Moca","Eurípides"
"Cibao Norte","Espaillat","Moca","Moca","Guachupita"
"Cibao Norte","Espaillat","Moca","Moca","Guaucí"
"Cibao Norte","Espaillat","Moca","Moca","Guaucí Abajo"
"Cibao Norte","Espaillat","Moca","Moca","José Horacio Rodríguez"
"Cibao Norte","Espaillat","Moca","Moca","Juan de Dios"
"Cibao Norte","Espaillat","Moca","Moca","Juan Lopito"
"Cibao Norte","Espaillat","Moca","Moca","La Estación"
"Cibao Norte","Espaillat","Moca","Moca","La Joyita"
"Cibao Norte","Espaillat","Moca","Moca","La Milagrosa"
"Cibao Norte","Espaillat","Moca","Moca","La Piscina"
"Cibao Norte","Espaillat","Moca","Moca","Las Flores"
"Cibao Norte","Espaillat","Moca","Moca","Los Cáceres"
"Cibao Norte","Espaillat","Moca","Moca","Los Cocos"
"Cibao Norte","Espaillat","Moca","Moca","Los López"
"Cibao Norte","Espaillat","Moca","Moca","Los Loros"
"Cibao Norte","Espaillat","Moca","Moca","Los Maestros"
"Cibao Norte","Espaillat","Moca","Moca","Los Panchos"
"Cibao Norte","Espaillat","Moca","Moca","Los Profesionales"
"Cibao Norte","Espaillat","Moca","Moca","Los Torres"
"Cibao Norte","Espaillat","Moca","Moca","Mairosa"
"Cibao Norte","Espaillat","Moca","Moca","Manuel Rodríguez"
"Cibao Norte","Espaillat","Moca","Moca","Mejoramiento Social"
"Cibao Norte","Espaillat","Moca","Moca","Miguel A. Michel"
"Cibao Norte","Espaillat","Moca","Moca","Militar"
"Cibao Norte","Espaillat","Moca","Moca","Milito"
"Cibao Norte","Espaillat","Moca","Moca","Nueva Suiza"
"Cibao Norte","Espaillat","Moca","Moca","Nuevo Puerto Rico"
"Cibao Norte","Espaillat","Moca","Moca","Pueblo Arriba"
"Cibao Norte","Espaillat","Moca","Moca","Puerto Rico Viejo"
"Cibao Norte","Espaillat","Moca","Moca","Quija Quieta"
"Cibao Norte","Espaillat","Moca","Moca","Residencial Alexandra"
"Cibao Norte","Espaillat","Moca","Moca","Residencial Calaf I"
"Cibao Norte","Espaillat","Moca","Moca","Residencial Los Octavio"
"Cibao Norte","Espaillat","Moca","Moca","Residencial Moca (Maco Toribio o Maco Tibio)"
"Cibao Norte","Espaillat","Moca","Moca","Residencial Montreal"
"Cibao Norte","Espaillat","Moca","Moca","Residencial Moronta"
"Cibao Norte","Espaillat","Moca","Moca","Roque Dabas"
"Cibao Norte","Espaillat","Moca","Moca","Sal si Puedes"
"Cibao Norte","Espaillat","Moca","Moca","San José"
"Cibao Norte","Espaillat","Moca","Moca","Urbanización del Este"
"Cibao Norte","Espaillat","Moca","Moca","Urbanización Estela"
"Cibao Norte","Espaillat","Moca","Moca","Urbanización Yenny María I"
"Cibao Norte","Espaillat","Moca","Moca","Urbanización Yenny María II"
"Cibao Norte","Espaillat","Moca","Moca","Villa Caimito"
"Cibao Norte","Espaillat","Moca","Moca","Villa Carolina I"
"Cibao Norte","Espaillat","Moca","Moca","Villa Carolina II"
"Cibao Norte","Espaillat","Moca","Moca","Villa Carolina III"
"Cibao Norte","Espaillat","Moca","Moca","Villa Carolina IV"
"Cibao Norte","Espaillat","Moca","Moca","Villa Delia"
"Cibao Norte","Espaillat","Moca","Moca","Villa Elsa"
"Cibao Norte","Espaillat","Moca","Moca","Villa Estancia Nueva"
"Cibao Norte","Espaillat","Moca","Moca","Villa Olga"
"Cibao Norte","Espaillat","Moca","Zafarraya","Cacique Soledad"
"Cibao Norte","Espaillat","Moca","Zafarraya","Caimito"
"Cibao Norte","Espaillat","Moca","Zafarraya","El Picacho"
"Cibao Norte","Espaillat","Moca","Zafarraya","La Chancleta"
"Cibao Norte","Espaillat","Moca","Zafarraya","La Rosa de Moca"
"Cibao Norte","Espaillat","Moca","Zafarraya","La Soledad"
"Cibao Norte","Espaillat","Moca","Zafarraya","Los Cercados"
"Cibao Norte","Espaillat","Moca","Zafarraya","Zafarraya"
"Cibao Norte","Espaillat","Moca","El Algarrobo","El Algarrobo"
"Cibao Norte","Espaillat","Moca","El Algarrobo","La Penda"
"Cibao Norte","Espaillat","Moca","El Algarrobo","Los Cadillos"
"Cibao Norte","Espaillat","Moca","El Algarrobo","Quebrada de la Jagua o de la Yagua"
"Cibao Norte","Espaillat","Moca","El Algarrobo","Santa Eduvigis"
"Cibao Norte","Espaillat","Moca","Llenas","El Corozo"
"Cibao Norte","Espaillat","Moca","Llenas","Isleta"
"Cibao Norte","Espaillat","Moca","Llenas","Llenas-Hinchas"
"Cibao Norte","Espaillat","Moca","Llenas","Los Hilario"
"Cibao Norte","Espaillat","Moca","Paso de Moca","Barrancón"
"Cibao Norte","Espaillat","Moca","Paso de Moca","Estancia Nueva Abajo"
"Cibao Norte","Espaillat","Moca","Paso de Moca","La Ermita"
"Cibao Norte","Espaillat","Moca","Paso de Moca","Paso de Moca"
"Cibao Norte","Espaillat","Moca","Paso de Moca","San Francisco Arriba"
"Cibao Norte","Espaillat","Moca","San Luis","La Piragua"
"Cibao Norte","Espaillat","Moca","San Luis","Los Jengibres"
"Cibao Norte","Espaillat","Moca","San Luis","Los Jengibres Abajo"
"Cibao Norte","Espaillat","Moca","San Luis","Quebrada Honda"
"Cibao Norte","Espaillat","Moca","San Luis","San Luis"
"Cibao Norte","Espaillat","Moca","Santa Rosa","La Furnia (Rincón de los Jiménez)"
"Cibao Norte","Espaillat","Moca","Santa Rosa","La Playita"
"Cibao Norte","Espaillat","Moca","Santa Rosa","Los Bretones"
"Cibao Norte","Espaillat","Moca","Santa Rosa","Rincón de los Jiménez"
"Cibao Norte","Espaillat","Moca","Santa Rosa","Santa Rosa"
"Cibao Norte","Espaillat","Moca","José Contreras","Centro del Pueblo"
"Cibao Norte","Espaillat","Moca","Camarones","Camarones Abajo"
"Cibao Norte","Espaillat","Moca","Camarones","Camarones Arriba"
"Cibao Norte","Espaillat","Moca","Camarones","La Encantada I"
"Cibao Norte","Espaillat","Moca","Camarones","La Encantada II"
"Cibao Norte","Espaillat","Moca","Camarones","Los Guayuyos"
"Cibao Norte","Espaillat","Moca","Camarones","Los Laureles"
"Cibao Norte","Espaillat","Moca","Palma Herrada","El Limón"
"Cibao Norte","Espaillat","Moca","Palma Herrada","La Jagüita"
"Cibao Norte","Espaillat","Moca","Palma Herrada","Las Golondrinas"
"Cibao Norte","Espaillat","Moca","Palma Herrada","Los Bueyes"
"Cibao Norte","Espaillat","Moca","Palma Herrada","Palma Herrada"
"Cibao Norte","Espaillat","Moca","Palma Herrada","Partido"
"Cibao Norte","Espaillat","Moca","Rancho de los Plátanos","Arroyo Bellaco"
"Cibao Norte","Espaillat","Moca","Rancho de los Plátanos","Arroyo Blanco"
"Cibao Norte","Espaillat","Moca","Rancho de los Plátanos","Arroyo Blanco de Los Rincones"
"Cibao Norte","Espaillat","Moca","Rancho de los Plátanos","Arroyo Dichoso"
"Cibao Norte","Espaillat","Moca","Rancho de los Plátanos","Cola de Pato"
"Cibao Norte","Espaillat","Moca","Rancho de los Plátanos","Corte Nuevo"
"Cibao Norte","Espaillat","Moca","Rancho de los Plátanos","La Higuereta"
"Cibao Norte","Espaillat","Moca","Rancho de los Plátanos","La Yautía Abajo"
"Cibao Norte","Espaillat","Moca","Rancho de los Plátanos","La Yautía Arriba"
"Cibao Norte","Espaillat","Moca","Rancho de los Plátanos","Los Cacaos"
"Cibao Norte","Espaillat","Moca","Rancho de los Plátanos","Los Calderos"
"Cibao Norte","Espaillat","Moca","Rancho de los Plátanos","Los Rincones"
"Cibao Norte","Espaillat","Moca","Rancho de los Plátanos","Los Tratraces"
"Cibao Norte","Espaillat","Moca","Rancho de los Plátanos","Rancho de Los Plátanos"
"Cibao Norte","Espaillat","Moca","Juan López","Centro del Pueblo o El Mamey"
"Cibao Norte","Espaillat","Moca","Juan López Abajo","Guaucí Arriba"
"Cibao Norte","Espaillat","Moca","Juan López Abajo","Juan López Abajo"
"Cibao Norte","Espaillat","Moca","Juan López Abajo","Los González"
"Cibao Norte","Espaillat","Moca","Juan López Abajo","Los Turcos"
"Cibao Norte","Espaillat","Moca","Los Robles","Los Julines"
"Cibao Norte","Espaillat","Moca","Los Robles","Los Pérez"
"Cibao Norte","Espaillat","Moca","Los Robles","Los Robles"
"Cibao Norte","Espaillat","Moca","Los Robles","Los Tejada"
"Cibao Norte","Espaillat","Moca","Juan López Arriba","Juan López Arriba"
"Cibao Norte","Espaillat","Moca","Juan López Arriba","La Sidra"
"Cibao Norte","Espaillat","Moca","Juan López Arriba","Los Camacho"
"Cibao Norte","Espaillat","Moca","Juan López Arriba","Los Cañafístol"
"Cibao Norte","Espaillat","Moca","Juan López Arriba","San Caralampio"
"Cibao Norte","Espaillat","Moca","El Salitre","El Salitre"
"Cibao Norte","Espaillat","Moca","El Salitre","La Barca"
"Cibao Norte","Espaillat","Moca","El Salitre","Los Naranjos"
"Cibao Norte","Espaillat","Moca","El Salitre","Pozo de la Palma"
"Cibao Norte","Espaillat","Moca","Las Lagunas","Doroto o La Playa"
"Cibao Norte","Espaillat","Moca","Las Lagunas","Las Lagunas"
"Cibao Norte","Espaillat","Moca","Las Lagunas","Los Ureña"
"Cibao Norte","Espaillat","Moca","Las Lagunas Abajo","El Cañafístol"
"Cibao Norte","Espaillat","Moca","Las Lagunas Abajo","Jababa al Medio"
"Cibao Norte","Espaillat","Moca","Las Lagunas Abajo","La Cañada o La Lomita"
"Cibao Norte","Espaillat","Moca","Las Lagunas Abajo","La Penda"
"Cibao Norte","Espaillat","Moca","Las Lagunas Abajo","Las Cruces"
"Cibao Norte","Espaillat","Moca","Las Lagunas Abajo","Las Lagunas Abajo"
"Cibao Norte","Espaillat","Moca","Las Lagunas Abajo","Las Lagunas Arriba"
"Cibao Norte","Espaillat","Moca","El Aguacate Arriba","Aguacate Arriba"
"Cibao Norte","Espaillat","Moca","El Aguacate Arriba","Altos de Serafina"
"Cibao Norte","Espaillat","Moca","El Aguacate Arriba","Cacique Arriba"
"Cibao Norte","Espaillat","Moca","El Aguacate Arriba","Canta Rana"
"Cibao Norte","Espaillat","Moca","El Aguacate Arriba","Catarey"
"Cibao Norte","Espaillat","Moca","El Aguacate Arriba","El Aguacate Abajo"
"Cibao Norte","Espaillat","Moca","El Aguacate Arriba","Jababa Arriba"
"Cibao Norte","Espaillat","Moca","El Aguacate Arriba","Los Polanco"
"Cibao Norte","Espaillat","Moca","Boca Férrea Abajo","Boca Férrea Abajo (Aguacate)"
"Cibao Norte","Espaillat","Moca","Boca Férrea Abajo","Boca Férrea Arriba (Algarrobo)"
"Cibao Norte","Espaillat","Moca","Boca Férrea Abajo","El Rancho los Pomos o Rancho"
"Cibao Norte","Espaillat","Moca","Canca la Reyna","Canca la Reyna"
"Cibao Norte","Espaillat","Moca","Canca la Reyna","Los Guzmán"
"Cibao Norte","Espaillat","Moca","Canca la Reyna","Los Rojas"
"Cibao Norte","Espaillat","Moca","Canca Reparación","Canca Reparación u Onésimo Polanco"
"Cibao Norte","Espaillat","Moca","Canca Reparación","La Chicharra"
"Cibao Norte","Espaillat","Moca","Canca Reparación","Los Medina"
"Cibao Norte","Espaillat","Moca","Canca Reparación","Los Méndez"
"Cibao Norte","Espaillat","Moca","San Francisco Abajo","El Perú"
"Cibao Norte","Espaillat","Moca","San Francisco Abajo","Los Santos"
"Cibao Norte","Espaillat","Moca","San Francisco Abajo","San Francisco Abajo"
"Cibao Norte","Espaillat","Moca","San Francisco Abajo","Villa Dura"
"Cibao Norte","Espaillat","Moca","San José (Antiguo Licey al Medio)","El Puente"
"Cibao Norte","Espaillat","Moca","San José (Antiguo Licey al Medio)","Los Paulino"
"Cibao Norte","Espaillat","Moca","El Higüerito","Calle 8"
"Cibao Norte","Espaillat","Moca","El Higüerito","Camboya"
"Cibao Norte","Espaillat","Moca","El Higüerito","El Higüerito"
"Cibao Norte","Espaillat","Moca","El Higüerito","El Higüerito Arriba"
"Cibao Norte","Espaillat","Moca","El Higüerito","El Zoológico"
"Cibao Norte","Espaillat","Moca","El Higüerito","La Sabana"
"Cibao Norte","Espaillat","Moca","Las Guázumas","Las Guázumas"
"Cibao Norte","Espaillat","Moca","Las Guázumas","Managua Abajo"
"Cibao Norte","Espaillat","Moca","Las Guázumas","Tierra Dura"
"Cibao Norte","Espaillat","Moca","Reparadero","Los Beatos"
"Cibao Norte","Espaillat","Moca","Reparadero","Reparadero"
"Cibao Norte","Espaillat","Moca","Reparadero","Reparadero Arriba"
"Cibao Norte","Espaillat","Moca","Bonagua Arriba","Bonagua"
"Cibao Norte","Espaillat","Moca","Bonagua Arriba","Bonagua Arriba"
"Cibao Norte","Espaillat","Moca","Bonagua Arriba","Las Palmitas"
"Cibao Norte","Espaillat","Moca","Bonagua Arriba","Los Quezada"
"Cibao Norte","Espaillat","Moca","Monte de la Jagua","Juan Reyes"
"Cibao Norte","Espaillat","Moca","Monte de la Jagua","Los Maringüises"
"Cibao Norte","Espaillat","Moca","Monte de la Jagua","Monte de la Jagua"
"Cibao Norte","Espaillat","Moca","Monte de la Jagua","Monte de la Jagua Arriba"
"Cibao Norte","Espaillat","Moca","El Pico","Borojol"
"Cibao Norte","Espaillat","Moca","El Pico","El Pico"
"Cibao Norte","Espaillat","Moca","El Pico","Los Bretones"
"Cibao Norte","Espaillat","Moca","El Pico","Mata Larga"
"Cibao Norte","Espaillat","Moca","Los Vargas","La Colina"
"Cibao Norte","Espaillat","Moca","Los Vargas","Los Durán"
"Cibao Norte","Espaillat","Moca","Los Vargas","Los Méndez"
"Cibao Norte","Espaillat","Moca","Los Vargas","Los Tavárez"
"Cibao Norte","Espaillat","Moca","Los Vargas","Los Vargas"
"Cibao Norte","Espaillat","Moca","Sarambamba","Los Pérez"
"Cibao Norte","Espaillat","Moca","Sarambamba","Los Pichardo"
"Cibao Norte","Espaillat","Moca","Sarambamba","Monte de la Jagua Abajo"
"Cibao Norte","Espaillat","Moca","Sarambamba","Sarambamba"
"Cibao Norte","Espaillat","Moca","La Ortega","La Ortega Abajo"
"Cibao Norte","Espaillat","Moca","La Gran Canaria","El Azucey"
"Cibao Norte","Espaillat","Moca","La Gran Canaria","La Rivera del Este"
"Cibao Norte","Espaillat","Moca","La Gran Canaria","Ortega Afuera"
"Cibao Norte","Espaillat","Moca","Santa Cruz de Tenerife","La Rivera del Norte"
"Cibao Norte","Espaillat","Moca","Santa Cruz de Tenerife","La Rivera del Oeste"
"Cibao Norte","Espaillat","Moca","Santa Cruz de Tenerife","Los Grullón"
"Cibao Norte","Espaillat","Moca","Santa Cruz de Tenerife","Los Guzmán"
"Cibao Norte","Espaillat","San Víctor","San Víctor","Centro del Pueblo"
"Cibao Norte","Espaillat","San Víctor","San Víctor","Lambada"
"Cibao Norte","Espaillat","San Víctor","San Víctor","San Antonio"
"Cibao Norte","Espaillat","San Víctor","San Víctor","San Víctor"
"Cibao Norte","Espaillat","San Víctor","San Víctor","San Víctor Abajo"
"Cibao Norte","Espaillat","San Víctor","El Caimito","El Caimito"
"Cibao Norte","Espaillat","San Víctor","El Caimito","El Catey"
"Cibao Norte","Espaillat","San Víctor","El Caimito","El Sitio"
"Cibao Norte","Espaillat","San Víctor","El Caimito","La Cumbre (La Cumbre 2)"
"Cibao Norte","Espaillat","San Víctor","El Caimito","La Puente"
"Cibao Norte","Espaillat","San Víctor","El Caimito","Loma Picada"
"Cibao Norte","Espaillat","San Víctor","El Caimito","Los 21 (Los Veintiuno)"
"Cibao Norte","Espaillat","San Víctor","Alto de Los Pozos (Villa Cafetalera)","Alto los Posos"
"Cibao Norte","Espaillat","San Víctor","Alto de Los Pozos (Villa Cafetalera)","El Copey"
"Cibao Norte","Espaillat","San Víctor","Alto de Los Pozos (Villa Cafetalera)","La Cabirma"
"Cibao Norte","Espaillat","San Víctor","Puesto Grande","El Limón"
"Cibao Norte","Espaillat","San Víctor","Puesto Grande","La Joya"
"Cibao Norte","Espaillat","San Víctor","Puesto Grande","La Vijía"
"Cibao Norte","Espaillat","San Víctor","Puesto Grande","Moquita"
"Cibao Norte","Espaillat","San Víctor","Puesto Grande","Puesto Grande"
"Cibao Norte","Espaillat","San Víctor","Los Amaceyes Arriba","Caquita"
"Cibao Norte","Espaillat","San Víctor","Los Amaceyes Arriba","Colorado"
"Cibao Norte","Espaillat","San Víctor","Los Amaceyes Arriba","Guayabillo"
"Cibao Norte","Espaillat","San Víctor","Los Amaceyes Arriba","La Cangrejera"
"Cibao Norte","Espaillat","San Víctor","Los Amaceyes Arriba","La Lomota"
"Cibao Norte","Espaillat","San Víctor","Los Amaceyes Arriba","Los Amaceyes Arriba"
"Cibao Norte","Espaillat","San Víctor","La Ceiba de Madera","La Ceiba de Madera"
"Cibao Norte","Espaillat","San Víctor","La Ceiba de Madera","La Lomita"
"Cibao Norte","Espaillat","San Víctor","La Ceiba de Madera","Las Flores"
"Cibao Norte","Espaillat","San Víctor","La Ceiba de Madera","Madera"
"Cibao Norte","Espaillat","San Víctor","Cuero Duro","Cuero Duro"
"Cibao Norte","Espaillat","San Víctor","Cuero Duro","El Rincón"
"Cibao Norte","Espaillat","San Víctor","Cuero Duro","Las Amapolas"
"Cibao Norte","Espaillat","San Víctor","Cuero Duro","Los Rosario"
"Cibao Norte","Espaillat","San Víctor","San Víctor Arriba","San Víctor Arriba"
"Cibao Norte","Puerto Plata","Altamira","Altamira","Centro del Pueblo"
"Cibao Norte","Puerto Plata","Altamira","Altamira","El Jamo"
"Cibao Norte","Puerto Plata","Altamira","Altamira","El Play"
"Cibao Norte","Puerto Plata","Altamira","Altamira","La Piedra"
"Cibao Norte","Puerto Plata","Altamira","Altamira","Los Arroyos"
"Cibao Norte","Puerto Plata","Altamira","El Mamey","El Copey"
"Cibao Norte","Puerto Plata","Altamira","El Mamey","El Mamey"
"Cibao Norte","Puerto Plata","Altamira","El Mamey","La Catalina"
"Cibao Norte","Puerto Plata","Altamira","El Mamey","La Cumbre"
"Cibao Norte","Puerto Plata","Altamira","El Mamey","Rancho Nuevo"
"Cibao Norte","Puerto Plata","Altamira","Escalera","Alto de los Limones"
"Cibao Norte","Puerto Plata","Altamira","Escalera","Cabeza de Río Grande"
"Cibao Norte","Puerto Plata","Altamira","Escalera","Cementerio"
"Cibao Norte","Puerto Plata","Altamira","Escalera","Cruz de Manaclas"
"Cibao Norte","Puerto Plata","Altamira","Escalera","El Corozo"
"Cibao Norte","Puerto Plata","Altamira","Escalera","El Macao"
"Cibao Norte","Puerto Plata","Altamira","Escalera","El Salto"
"Cibao Norte","Puerto Plata","Altamira","Escalera","Escalera Abajo"
"Cibao Norte","Puerto Plata","Altamira","Escalera","Escalera Arriba"
"Cibao Norte","Puerto Plata","Altamira","Escalera","Gajo de la Cruz"
"Cibao Norte","Puerto Plata","Altamira","Escalera","Huevito"
"Cibao Norte","Puerto Plata","Altamira","Escalera","La Cruz de Escalera Abajo"
"Cibao Norte","Puerto Plata","Altamira","Escalera","La Manacla"
"Cibao Norte","Puerto Plata","Altamira","Escalera","Palma de los Hierros"
"Cibao Norte","Puerto Plata","Altamira","Escalera","Palo Blanco"
"Cibao Norte","Puerto Plata","Altamira","Higüero","Arroyo Blanco"
"Cibao Norte","Puerto Plata","Altamira","Higüero","Guaranal"
"Cibao Norte","Puerto Plata","Altamira","Higüero","Higüero"
"Cibao Norte","Puerto Plata","Altamira","Higüero","La China"
"Cibao Norte","Puerto Plata","Altamira","Higüero","Los Cacaos"
"Cibao Norte","Puerto Plata","Altamira","Higüero","Quita Sueño"
"Cibao Norte","Puerto Plata","Altamira","Los Llanos","El Guayabo"
"Cibao Norte","Puerto Plata","Altamira","Los Llanos","La Jagua"
"Cibao Norte","Puerto Plata","Altamira","Los Llanos","La Lomota"
"Cibao Norte","Puerto Plata","Altamira","Los Llanos","La Piedra"
"Cibao Norte","Puerto Plata","Altamira","Los Llanos","La Sierra"
"Cibao Norte","Puerto Plata","Altamira","Los Llanos","Los Claveles"
"Cibao Norte","Puerto Plata","Altamira","Los Llanos","Los Llanos"
"Cibao Norte","Puerto Plata","Altamira","Los Llanos","Palma Picada"
"Cibao Norte","Puerto Plata","Altamira","Palmar Grande","Agua Larga"
"Cibao Norte","Puerto Plata","Altamira","Palmar Grande","Bellaco"
"Cibao Norte","Puerto Plata","Altamira","Palmar Grande","Boca de Río Grande"
"Cibao Norte","Puerto Plata","Altamira","Palmar Grande","Hervidor"
"Cibao Norte","Puerto Plata","Altamira","Palmar Grande","La Atravesada"
"Cibao Norte","Puerto Plata","Altamira","Palmar Grande","La Llanada"
"Cibao Norte","Puerto Plata","Altamira","Palmar Grande","Las Aromas"
"Cibao Norte","Puerto Plata","Altamira","Palmar Grande","Las Manaclas"
"Cibao Norte","Puerto Plata","Altamira","Palmar Grande","Los Bonilla"
"Cibao Norte","Puerto Plata","Altamira","Palmar Grande","Los Colinfre"
"Cibao Norte","Puerto Plata","Altamira","Palmar Grande","Los Manantiales"
"Cibao Norte","Puerto Plata","Altamira","Palmar Grande","Los Mieses"
"Cibao Norte","Puerto Plata","Altamira","Palmar Grande","Los Uveros"
"Cibao Norte","Puerto Plata","Altamira","Palmar Grande","Palmar Grande"
"Cibao Norte","Puerto Plata","Altamira","Palmar Grande","Pozo Prieto"
"Cibao Norte","Puerto Plata","Altamira","Quebrada Honda","Cuesta del Mate"
"Cibao Norte","Puerto Plata","Altamira","Quebrada Honda","La Damajagua"
"Cibao Norte","Puerto Plata","Altamira","Quebrada Honda","Lajas"
"Cibao Norte","Puerto Plata","Altamira","Quebrada Honda","Las Lajas Abajo"
"Cibao Norte","Puerto Plata","Altamira","Quebrada Honda","Las Lajas Arriba"
"Cibao Norte","Puerto Plata","Altamira","Quebrada Honda","Los Arroyos"
"Cibao Norte","Puerto Plata","Altamira","Quebrada Honda","Los Fefinos"
"Cibao Norte","Puerto Plata","Altamira","Quebrada Honda","Los Rincones"
"Cibao Norte","Puerto Plata","Altamira","Quebrada Honda","Quebrada Honda"
"Cibao Norte","Puerto Plata","Altamira","Quebrada Honda","Rincón de La Loma"
"Cibao Norte","Puerto Plata","Altamira","Quebrada Honda","Rincón del Llano"
"Cibao Norte","Puerto Plata","Altamira","Río Grande","El Ciruelo"
"Cibao Norte","Puerto Plata","Altamira","Río Grande","La Solapa"
"Cibao Norte","Puerto Plata","Altamira","Río Grande","Río Grande"
"Cibao Norte","Puerto Plata","Altamira","Río Grande Abajo","El Bambú"
"Cibao Norte","Puerto Plata","Altamira","Río Grande Abajo","El Cumbí"
"Cibao Norte","Puerto Plata","Altamira","Río Grande Abajo","El Fundo"
"Cibao Norte","Puerto Plata","Altamira","Río Grande Abajo","La Atravesada"
"Cibao Norte","Puerto Plata","Altamira","Río Grande Abajo","Los Altos"
"Cibao Norte","Puerto Plata","Altamira","Río Grande Abajo","Pueblo Chico"
"Cibao Norte","Puerto Plata","Altamira","Río Grande Abajo","Río Grande Abajo"
"Cibao Norte","Puerto Plata","Altamira","Río Grande Al Medio","Domingo Miguel"
"Cibao Norte","Puerto Plata","Altamira","Río Grande Al Medio","La Sabana"
"Cibao Norte","Puerto Plata","Altamira","Río Grande Al Medio","Las Lomas Abreu"
"Cibao Norte","Puerto Plata","Altamira","Río Grande Al Medio","Los Picos Abajo"
"Cibao Norte","Puerto Plata","Altamira","Río Grande Arriba","La Guinea"
"Cibao Norte","Puerto Plata","Altamira","Río Grande Arriba","Las Aguas"
"Cibao Norte","Puerto Plata","Altamira","Río Grande Arriba","Los Chijos"
"Cibao Norte","Puerto Plata","Altamira","Río Grande Arriba","Los Mangos"
"Cibao Norte","Puerto Plata","Altamira","Río Grande Arriba","Los Naranjos"
"Cibao Norte","Puerto Plata","Altamira","Río Grande Arriba","Los Picos Arriba"
"Cibao Norte","Puerto Plata","Altamira","Río Grande Arriba","Rancho Viejo"
"Cibao Norte","Puerto Plata","Altamira","Río Grande Arriba","Río Grande Arriba"
"Cibao Norte","Puerto Plata","Altamira","Rancho Arriba","Alto de Bohío"
"Cibao Norte","Puerto Plata","Altamira","Rancho Arriba","Alto de la Jagua"
"Cibao Norte","Puerto Plata","Altamira","Rancho Arriba","Arroyo El Clavo"
"Cibao Norte","Puerto Plata","Altamira","Rancho Arriba","El Almacén"
"Cibao Norte","Puerto Plata","Altamira","Rancho Arriba","El Guayabo"
"Cibao Norte","Puerto Plata","Altamira","Rancho Arriba","El Río Abajo"
"Cibao Norte","Puerto Plata","Altamira","Rancho Arriba","Guazaral"
"Cibao Norte","Puerto Plata","Altamira","Rancho Arriba","La Sabaneta"
"Cibao Norte","Puerto Plata","Altamira","Rancho Arriba","La Vereda"
"Cibao Norte","Puerto Plata","Altamira","Rancho Arriba","Los Lirios"
"Cibao Norte","Puerto Plata","Altamira","Rancho Arriba","Los Pomos"
"Cibao Norte","Puerto Plata","Altamira","Rancho Arriba","Palmarito"
"Cibao Norte","Puerto Plata","Altamira","Rancho Arriba","Pies Jagua"
"Cibao Norte","Puerto Plata","Altamira","Rancho Arriba","Quinigua"
"Cibao Norte","Puerto Plata","Altamira","Pescado Bobo Arriba","Bajaboniquito o Bajabonoquito"
"Cibao Norte","Puerto Plata","Altamira","Pescado Bobo Arriba","Boca de Río Blanco"
"Cibao Norte","Puerto Plata","Altamira","Pescado Bobo Arriba","El Cruce"
"Cibao Norte","Puerto Plata","Altamira","Pescado Bobo Arriba","El Manguito"
"Cibao Norte","Puerto Plata","Altamira","Pescado Bobo Arriba","El Río Arriba"
"Cibao Norte","Puerto Plata","Altamira","Pescado Bobo Arriba","La Descubierta"
"Cibao Norte","Puerto Plata","Altamira","Pescado Bobo Arriba","La Espensa"
"Cibao Norte","Puerto Plata","Altamira","Pescado Bobo Arriba","La Gotera"
"Cibao Norte","Puerto Plata","Altamira","Pescado Bobo Arriba","La Jagua"
"Cibao Norte","Puerto Plata","Altamira","Pescado Bobo Arriba","Las Lagunitas"
"Cibao Norte","Puerto Plata","Altamira","Pescado Bobo Arriba","Las Paredes"
"Cibao Norte","Puerto Plata","Altamira","Pescado Bobo Arriba","Los Caraballo"
"Cibao Norte","Puerto Plata","Altamira","Pescado Bobo Arriba","Los Millones"
"Cibao Norte","Puerto Plata","Altamira","Pescado Bobo Arriba","Pescado Bobo Abajo"
"Cibao Norte","Puerto Plata","Altamira","Pescado Bobo Arriba","Pescado Bobo Arriba"
"Cibao Norte","Puerto Plata","Guananico","Guananico","El Laurel"
"Cibao Norte","Puerto Plata","Guananico","Guananico","La Altagracia"
"Cibao Norte","Puerto Plata","Guananico","Guananico","Nuevo"
"Cibao Norte","Puerto Plata","Guananico","Guananico","Rincón Caliente"
"Cibao Norte","Puerto Plata","Guananico","Fundación","Cerro Gordo"
"Cibao Norte","Puerto Plata","Guananico","Fundación","Fundación"
"Cibao Norte","Puerto Plata","Guananico","Fundación","Gajo Alto"
"Cibao Norte","Puerto Plata","Guananico","Fundación","La Cuchareta"
"Cibao Norte","Puerto Plata","Guananico","Fundación","Palma de los Hierros"
"Cibao Norte","Puerto Plata","Guananico","Fundación","Paso de los Burros"
"Cibao Norte","Puerto Plata","Guananico","Fundación","Paso Seco (Arroyo Seco)"
"Cibao Norte","Puerto Plata","Guananico","La Altagracia","Agua Larga"
"Cibao Norte","Puerto Plata","Guananico","La Altagracia","Arroyo Viejito"
"Cibao Norte","Puerto Plata","Guananico","La Altagracia","La Mariposa"
"Cibao Norte","Puerto Plata","Guananico","La Altagracia","La Piragua"
"Cibao Norte","Puerto Plata","Guananico","La Altagracia","Los Minaya"
"Cibao Norte","Puerto Plata","Guananico","La Altagracia","Monte Gordo"
"Cibao Norte","Puerto Plata","Guananico","La Altagracia","Rincón Caliente Abajo"
"Cibao Norte","Puerto Plata","Guananico","La Altagracia","Sabana de Los Muertos"
"Cibao Norte","Puerto Plata","Guananico","La Cabirma","El Talado"
"Cibao Norte","Puerto Plata","Guananico","La Cabirma","La Cabirma"
"Cibao Norte","Puerto Plata","Guananico","La Cabirma","Los Hoyos"
"Cibao Norte","Puerto Plata","Guananico","Hoya Grande","Hoya Grande"
"Cibao Norte","Puerto Plata","Guananico","Hoya Grande","La Damajagua"
"Cibao Norte","Puerto Plata","Guananico","Hoya Grande","Las Hoyas"
"Cibao Norte","Puerto Plata","Guananico","Hoya Grande","Rincón Caliente Arriba"
"Cibao Norte","Puerto Plata","Guananico","Hoya Grande","Vista Alegre"
"Cibao Norte","Puerto Plata","Guananico","Paradero","La Campana"
"Cibao Norte","Puerto Plata","Guananico","Paradero","Loma de Agripino"
"Cibao Norte","Puerto Plata","Guananico","Paradero","Loma de Guananico"
"Cibao Norte","Puerto Plata","Guananico","Paradero","Paradero"
"Cibao Norte","Puerto Plata","Guananico","Paradero","Paso de la Jagua"
"Cibao Norte","Puerto Plata","Guananico","Rancho Viejo","Gurabo"
"Cibao Norte","Puerto Plata","Guananico","Rancho Viejo","La Jicotea"
"Cibao Norte","Puerto Plata","Guananico","Rancho Viejo","Palo Amarillo"
"Cibao Norte","Puerto Plata","Guananico","Rancho Viejo","Palo de Guerra"
"Cibao Norte","Puerto Plata","Guananico","Rancho Viejo","Rancho Viejo"
"Cibao Norte","Puerto Plata","Imbert","Imbert","Centro del Pueblo"
"Cibao Norte","Puerto Plata","Imbert","Imbert","Club"
"Cibao Norte","Puerto Plata","Imbert","Imbert","Juana Saltitopa"
"Cibao Norte","Puerto Plata","Imbert","Imbert","Pangola"
"Cibao Norte","Puerto Plata","Imbert","Imbert","Proyecto"
"Cibao Norte","Puerto Plata","Imbert","Imbert","Salcedo"
"Cibao Norte","Puerto Plata","Imbert","Cabia","Cabia"
"Cibao Norte","Puerto Plata","Imbert","Cabia","Guanábanos"
"Cibao Norte","Puerto Plata","Imbert","Cabia","La Cabirma"
"Cibao Norte","Puerto Plata","Imbert","Cabia","Las Piraguas Abajo"
"Cibao Norte","Puerto Plata","Imbert","Cabia","Las Piraguas al Medio"
"Cibao Norte","Puerto Plata","Imbert","Cabia","Las Piraguas Arriba"
"Cibao Norte","Puerto Plata","Imbert","Cabia","Los Cayucos"
"Cibao Norte","Puerto Plata","Imbert","Cabia","Los Llabones"
"Cibao Norte","Puerto Plata","Imbert","Cabia","Pozo Prieto"
"Cibao Norte","Puerto Plata","Imbert","Caonao","Caonao"
"Cibao Norte","Puerto Plata","Imbert","Caonao","El Alto"
"Cibao Norte","Puerto Plata","Imbert","Caonao","El Cuadro"
"Cibao Norte","Puerto Plata","Imbert","Caonao","Higüero"
"Cibao Norte","Puerto Plata","Imbert","Caonao","La Frontera"
"Cibao Norte","Puerto Plata","Imbert","Caonao","La Joya"
"Cibao Norte","Puerto Plata","Imbert","Caonao","Los Palmaritos"
"Cibao Norte","Puerto Plata","Imbert","Caonao","Ranchito de los Peralta"
"Cibao Norte","Puerto Plata","Imbert","Las Canas","Boca de Cabia"
"Cibao Norte","Puerto Plata","Imbert","Las Canas","Boca de Caonao"
"Cibao Norte","Puerto Plata","Imbert","Las Canas","El Café"
"Cibao Norte","Puerto Plata","Imbert","Las Canas","La Angostura"
"Cibao Norte","Puerto Plata","Imbert","Las Canas","La Escalereta"
"Cibao Norte","Puerto Plata","Imbert","Las Canas","La Jíbara"
"Cibao Norte","Puerto Plata","Imbert","Las Canas","Las Canas"
"Cibao Norte","Puerto Plata","Imbert","Pérez","Bajabonico Arriba"
"Cibao Norte","Puerto Plata","Imbert","Pérez","Barrabás"
"Cibao Norte","Puerto Plata","Imbert","Pérez","Barrero"
"Cibao Norte","Puerto Plata","Imbert","Pérez","Boca de Obispo"
"Cibao Norte","Puerto Plata","Imbert","Pérez","El Hoyo de Pérez"
"Cibao Norte","Puerto Plata","Imbert","Pérez","El Hoyo o Loma Blanca"
"Cibao Norte","Puerto Plata","Imbert","Pérez","El Puerto"
"Cibao Norte","Puerto Plata","Imbert","Pérez","El Rincón"
"Cibao Norte","Puerto Plata","Imbert","Pérez","Hojas Anchas"
"Cibao Norte","Puerto Plata","Imbert","Pérez","Ingenio Amistad"
"Cibao Norte","Puerto Plata","Imbert","Pérez","La Agüita"
"Cibao Norte","Puerto Plata","Imbert","Pérez","Los Llanos de Pérez"
"Cibao Norte","Puerto Plata","Imbert","Pérez","Los Trejos"
"Cibao Norte","Puerto Plata","Imbert","Pérez","Naranjo Chino"
"Cibao Norte","Puerto Plata","Imbert","Saballo","Arroyo Seco"
"Cibao Norte","Puerto Plata","Imbert","Saballo","La Colorada"
"Cibao Norte","Puerto Plata","Imbert","Saballo","La Grúa"
"Cibao Norte","Puerto Plata","Imbert","Saballo","La Potranca"
"Cibao Norte","Puerto Plata","Imbert","Saballo","Morillo"
"Cibao Norte","Puerto Plata","Imbert","Saballo","Saballo"
"Cibao Norte","Puerto Plata","Imbert","Saballo","Vuelta Larga"
"Cibao Norte","Puerto Plata","Los Hidalgos","Los Hidalgos","Altos de Los Acosta"
"Cibao Norte","Puerto Plata","Los Hidalgos","Los Hidalgos","El Mamey"
"Cibao Norte","Puerto Plata","Los Hidalgos","Los Hidalgos","Pueblo Nuevo"
"Cibao Norte","Puerto Plata","Los Hidalgos","El Mamey","El Pinto"
"Cibao Norte","Puerto Plata","Los Hidalgos","El Mamey","El Rejón"
"Cibao Norte","Puerto Plata","Los Hidalgos","El Mamey","La Ceiba"
"Cibao Norte","Puerto Plata","Los Hidalgos","El Mamey","Las Maritas"
"Cibao Norte","Puerto Plata","Los Hidalgos","El Mamey","Loma de Piedra"
"Cibao Norte","Puerto Plata","Los Hidalgos","El Mamey","Los Tres Pasos"
"Cibao Norte","Puerto Plata","Los Hidalgos","El Mamey","Ranchete"
"Cibao Norte","Puerto Plata","Los Hidalgos","El Mamey","Vuelta Larga"
"Cibao Norte","Puerto Plata","Los Hidalgos","Marmolejos","Agua Clara"
"Cibao Norte","Puerto Plata","Los Hidalgos","Marmolejos","Agua Hedionda"
"Cibao Norte","Puerto Plata","Los Hidalgos","Marmolejos","El Rejón"
"Cibao Norte","Puerto Plata","Los Hidalgos","Marmolejos","La Peña"
"Cibao Norte","Puerto Plata","Los Hidalgos","Marmolejos","Los Altos de Marmolejos"
"Cibao Norte","Puerto Plata","Los Hidalgos","Marmolejos","Los Castillo"
"Cibao Norte","Puerto Plata","Los Hidalgos","Marmolejos","Los Sabino"
"Cibao Norte","Puerto Plata","Los Hidalgos","Marmolejos","Los Tablones"
"Cibao Norte","Puerto Plata","Los Hidalgos","Marmolejos","Marmolejos"
"Cibao Norte","Puerto Plata","Los Hidalgos","Marmolejos","Marmolejos Abajo"
"Cibao Norte","Puerto Plata","Los Hidalgos","Unijica","Agua Clara"
"Cibao Norte","Puerto Plata","Los Hidalgos","Unijica","Cañada Grande"
"Cibao Norte","Puerto Plata","Los Hidalgos","Unijica","Charco del Caimán"
"Cibao Norte","Puerto Plata","Los Hidalgos","Unijica","El Talado"
"Cibao Norte","Puerto Plata","Los Hidalgos","Unijica","La Boca de Unijica"
"Cibao Norte","Puerto Plata","Los Hidalgos","Unijica","La Luperona"
"Cibao Norte","Puerto Plata","Los Hidalgos","Unijica","La Vereda"
"Cibao Norte","Puerto Plata","Los Hidalgos","Unijica","Las Caobas"
"Cibao Norte","Puerto Plata","Los Hidalgos","Unijica","Las Piraguas"
"Cibao Norte","Puerto Plata","Los Hidalgos","Unijica","Romerico"
"Cibao Norte","Puerto Plata","Los Hidalgos","Unijica","Unijica Abajo"
"Cibao Norte","Puerto Plata","Los Hidalgos","Navas","Navas"
"Cibao Norte","Puerto Plata","Los Hidalgos","Vista Alegre","Buenos Aires"
"Cibao Norte","Puerto Plata","Los Hidalgos","Vista Alegre","INVI"
"Cibao Norte","Puerto Plata","Los Hidalgos","Vista Alegre","La Libertad"
"Cibao Norte","Puerto Plata","Los Hidalgos","Vista Alegre","La Peñita"
"Cibao Norte","Puerto Plata","Los Hidalgos","Vista Alegre","La Sabana"
"Cibao Norte","Puerto Plata","Los Hidalgos","Vista Alegre","Las Alforjas"
"Cibao Norte","Puerto Plata","Los Hidalgos","Vista Alegre","Los Cerros de Navas"
"Cibao Norte","Puerto Plata","Los Hidalgos","Vista Alegre","Los Monos"
"Cibao Norte","Puerto Plata","Los Hidalgos","Vista Alegre","Los Pucheos"
"Cibao Norte","Puerto Plata","Los Hidalgos","Vista Alegre","Los Verracos"
"Cibao Norte","Puerto Plata","Los Hidalgos","Vista Alegre","Proyecto Hacienda Rosa María"
"Cibao Norte","Puerto Plata","Los Hidalgos","Vista Alegre","Ruiseñor"
"Cibao Norte","Puerto Plata","Los Hidalgos","Vista Alegre","Verraco Blanco"
"Cibao Norte","Puerto Plata","Los Hidalgos","Vista Alegre","Vista Alegre"
"Cibao Norte","Puerto Plata","Luperón","Luperón","19 De Junio"
"Cibao Norte","Puerto Plata","Luperón","Luperón","La Marina"
"Cibao Norte","Puerto Plata","Luperón","Luperón","Las Flores"
"Cibao Norte","Puerto Plata","Luperón","Luperón","Los Maestros"
"Cibao Norte","Puerto Plata","Luperón","Luperón","Los Multi O El Cementerio"
"Cibao Norte","Puerto Plata","Luperón","Luperón","Luperón O Centro Del Pueblo"
"Cibao Norte","Puerto Plata","Luperón","Barrancón","Barrancón"
"Cibao Norte","Puerto Plata","Luperón","Barrancón","La Rusia"
"Cibao Norte","Puerto Plata","Luperón","Barrancón","Las Landras"
"Cibao Norte","Puerto Plata","Luperón","Barrancón","Loma de Novillero"
"Cibao Norte","Puerto Plata","Luperón","Barrancón","Los Cambrones"
"Cibao Norte","Puerto Plata","Luperón","Barrancón","Los Carmoníes"
"Cibao Norte","Puerto Plata","Luperón","Barrancón","Novillero"
"Cibao Norte","Puerto Plata","Luperón","Barrancón","Puerto Caballo"
"Cibao Norte","Puerto Plata","Luperón","Cambiaso","La Piña"
"Cibao Norte","Puerto Plata","Luperón","Cambiaso","Monte Aguilar"
"Cibao Norte","Puerto Plata","Luperón","Cambiaso","Proyecto Agrario"
"Cibao Norte","Puerto Plata","Luperón","Cambiaso","Soufflé Grande"
"Cibao Norte","Puerto Plata","Luperón","El Higo","El Higo"
"Cibao Norte","Puerto Plata","Luperón","El Higo","Quebrada Honda"
"Cibao Norte","Puerto Plata","Luperón","La Sabana","Cabeza de Vaca"
"Cibao Norte","Puerto Plata","Luperón","La Sabana","El Canal"
"Cibao Norte","Puerto Plata","Luperón","La Sabana","El Guano"
"Cibao Norte","Puerto Plata","Luperón","La Sabana","El Puerto"
"Cibao Norte","Puerto Plata","Luperón","La Sabana","Escoboso"
"Cibao Norte","Puerto Plata","Luperón","La Sabana","La Peña"
"Cibao Norte","Puerto Plata","Luperón","La Sabana","La Piña (El Canal)"
"Cibao Norte","Puerto Plata","Luperón","La Sabana","La Pulga"
"Cibao Norte","Puerto Plata","Luperón","La Sabana","La Sabana"
"Cibao Norte","Puerto Plata","Luperón","La Sabana","La Sabana Abajo"
"Cibao Norte","Puerto Plata","Luperón","La Sabana","Las Cruces"
"Cibao Norte","Puerto Plata","Luperón","La Sabana","Los Corozos"
"Cibao Norte","Puerto Plata","Luperón","Ranchito de los Vargas","La Ceibita Abajo - Higo"
"Cibao Norte","Puerto Plata","Luperón","Ranchito de los Vargas","La Ceibita Arriba"
"Cibao Norte","Puerto Plata","Luperón","Ranchito de los Vargas","La Joya"
"Cibao Norte","Puerto Plata","Luperón","Ranchito de los Vargas","La Piedra"
"Cibao Norte","Puerto Plata","Luperón","Ranchito de los Vargas","Los Tavárez"
"Cibao Norte","Puerto Plata","Luperón","Ranchito de los Vargas","Ranchito Abajo"
"Cibao Norte","Puerto Plata","Luperón","Ranchito de los Vargas","Ranchito de los Vargas"
"Cibao Norte","Puerto Plata","Luperón","La Isabela","La Isabela"
"Cibao Norte","Puerto Plata","Luperón","Candelón","Candelón"
"Cibao Norte","Puerto Plata","Luperón","Candelón","La Culebra"
"Cibao Norte","Puerto Plata","Luperón","Candelón","Las Maras"
"Cibao Norte","Puerto Plata","Luperón","La Isabela","Drimbol"
"Cibao Norte","Puerto Plata","Luperón","La Isabela","Las Paredes"
"Cibao Norte","Puerto Plata","Luperón","Belloso","Los Bellosos"
"Cibao Norte","Puerto Plata","Luperón","Belloso","Belloso"
"Cibao Norte","Puerto Plata","Luperón","Belloso","El Bajonazo"
"Cibao Norte","Puerto Plata","Luperón","Belloso","El Higo Claro"
"Cibao Norte","Puerto Plata","Luperón","Belloso","El Palero Belloso"
"Cibao Norte","Puerto Plata","Luperón","Belloso","El Proyecto"
"Cibao Norte","Puerto Plata","Luperón","Belloso","La Vereda"
"Cibao Norte","Puerto Plata","Luperón","Belloso","Los Arquíes"
"Cibao Norte","Puerto Plata","Luperón","Belloso","Los Ramones"
"Cibao Norte","Puerto Plata","Luperón","Cerro de Navas","Cerro de Navas"
"Cibao Norte","Puerto Plata","Luperón","Cerro de Navas","Los Conucos"
"Cibao Norte","Puerto Plata","Luperón","El Estrecho de Luperón Omar Bross","El Estrecho de Luperón Omar Bross"
"Cibao Norte","Puerto Plata","Luperón","El Estrecho Abajo","El Estrecho Abajo"
"Cibao Norte","Puerto Plata","Luperón","El Estrecho Abajo","La Subida de los Muertos"
"Cibao Norte","Puerto Plata","Luperón","El Estrecho Abajo","Martín Alonzo Arriba"
"Cibao Norte","Puerto Plata","Luperón","Arroyo Amargo","Arroyo Amargo"
"Cibao Norte","Puerto Plata","Luperón","Arroyo Amargo","El Fundo"
"Cibao Norte","Puerto Plata","Luperón","Martín Alonzo","El Cruce de Martín Alonzo"
"Cibao Norte","Puerto Plata","Luperón","Martín Alonzo","El Jamo"
"Cibao Norte","Puerto Plata","Luperón","Martín Alonzo","Tasajera"
"Cibao Norte","Puerto Plata","Puerto Plata","San Felipe de Puerto Plata","Amanda I (Caminero)"
"Cibao Norte","Puerto Plata","Puerto Plata","San Felipe de Puerto Plata","Batey 3"
"Cibao Norte","Puerto Plata","Puerto Plata","San Felipe de Puerto Plata","Bayardo"
"Cibao Norte","Puerto Plata","Puerto Plata","San Felipe de Puerto Plata","Cafemba"
"Cibao Norte","Puerto Plata","Puerto Plata","San Felipe de Puerto Plata","Centro Histórico de Puerto Plata"
"Cibao Norte","Puerto Plata","Puerto Plata","San Felipe de Puerto Plata","Ciudad Parte Alta (Zona Escolar)"
"Cibao Norte","Puerto Plata","Puerto Plata","San Felipe de Puerto Plata","Codetel"
"Cibao Norte","Puerto Plata","Puerto Plata","San Felipe de Puerto Plata","Colinas del Sur (El Avispero)"
"Cibao Norte","Puerto Plata","Puerto Plata","San Felipe de Puerto Plata","Costambar"
"Cibao Norte","Puerto Plata","Puerto Plata","San Felipe de Puerto Plata","Cristo Rey"
"Cibao Norte","Puerto Plata","Puerto Plata","San Felipe de Puerto Plata","Cuesta Amarilla"
"Cibao Norte","Puerto Plata","Puerto Plata","San Felipe de Puerto Plata","El Jabillar"
"Cibao Norte","Puerto Plata","Puerto Plata","San Felipe de Puerto Plata","Ensanche Dubeau"
"Cibao Norte","Puerto Plata","Puerto Plata","San Felipe de Puerto Plata","Ensanche Luperón"
"Cibao Norte","Puerto Plata","Puerto Plata","San Felipe de Puerto Plata","Gregorio Luperón"
"Cibao Norte","Puerto Plata","Puerto Plata","San Felipe de Puerto Plata","Haití"
"Cibao Norte","Puerto Plata","Puerto Plata","San Felipe de Puerto Plata","Horizonte del Atlántico (Villa Sánchez)"
"Cibao Norte","Puerto Plata","Puerto Plata","San Felipe de Puerto Plata","Hotel Hacienda"
"Cibao Norte","Puerto Plata","Puerto Plata","San Felipe de Puerto Plata","Hotel y Casino Costa Dorada"
"Cibao Norte","Puerto Plata","Puerto Plata","San Felipe de Puerto Plata","Inespre"
"Cibao Norte","Puerto Plata","Puerto Plata","San Felipe de Puerto Plata","INVI"
"Cibao Norte","Puerto Plata","Puerto Plata","San Felipe de Puerto Plata","Jardines del Atlántico (G)"
"Cibao Norte","Puerto Plata","Puerto Plata","San Felipe de Puerto Plata","La Regola o Ensanche Eduardo Brito"
"Cibao Norte","Puerto Plata","Puerto Plata","San Felipe de Puerto Plata","La Viara"
"Cibao Norte","Puerto Plata","Puerto Plata","San Felipe de Puerto Plata","Las Tres Palmas"
"Cibao Norte","Puerto Plata","Puerto Plata","San Felipe de Puerto Plata","Los Cocos o Ensanche Miramar"
"Cibao Norte","Puerto Plata","Puerto Plata","San Felipe de Puerto Plata","Los Coquitos"
"Cibao Norte","Puerto Plata","Puerto Plata","San Felipe de Puerto Plata","Los Cueto o Las Caobas"
"Cibao Norte","Puerto Plata","Puerto Plata","San Felipe de Puerto Plata","Los Domínguez"
"Cibao Norte","Puerto Plata","Puerto Plata","San Felipe de Puerto Plata","Los Platanitos"
"Cibao Norte","Puerto Plata","Puerto Plata","San Felipe de Puerto Plata","Los Reyes"
"Cibao Norte","Puerto Plata","Puerto Plata","San Felipe de Puerto Plata","Marapicá o Coca Cola"
"Cibao Norte","Puerto Plata","Puerto Plata","San Felipe de Puerto Plata","Mirador Sur"
"Cibao Norte","Puerto Plata","Puerto Plata","San Felipe de Puerto Plata","Padre Granero"
"Cibao Norte","Puerto Plata","Puerto Plata","San Felipe de Puerto Plata","Padre Las Casas"
"Cibao Norte","Puerto Plata","Puerto Plata","San Felipe de Puerto Plata","Playa Oeste"
"Cibao Norte","Puerto Plata","Puerto Plata","San Felipe de Puerto Plata","Puertón Rojo"
"Cibao Norte","Puerto Plata","Puerto Plata","San Felipe de Puerto Plata","San Marcos Abajo"
"Cibao Norte","Puerto Plata","Puerto Plata","San Felipe de Puerto Plata","San Marcos Arriba"
"Cibao Norte","Puerto Plata","Puerto Plata","San Felipe de Puerto Plata","Urbanización Atlántica"
"Cibao Norte","Puerto Plata","Puerto Plata","San Felipe de Puerto Plata","Urbanización Cerro Verde"
"Cibao Norte","Puerto Plata","Puerto Plata","San Felipe de Puerto Plata","Urbanización El Doral"
"Cibao Norte","Puerto Plata","Puerto Plata","San Felipe de Puerto Plata","Urbanización El Mar"
"Cibao Norte","Puerto Plata","Puerto Plata","San Felipe de Puerto Plata","Urbanización Juan Brugal"
"Cibao Norte","Puerto Plata","Puerto Plata","San Felipe de Puerto Plata","Urbanización La Florida"
"Cibao Norte","Puerto Plata","Puerto Plata","San Felipe de Puerto Plata","Urbanización Lorena"
"Cibao Norte","Puerto Plata","Puerto Plata","San Felipe de Puerto Plata","Urbanización San Felipe"
"Cibao Norte","Puerto Plata","Puerto Plata","San Felipe de Puerto Plata","Urbanización Torre Alta"
"Cibao Norte","Puerto Plata","Puerto Plata","San Felipe de Puerto Plata","Villa Progreso"
"Cibao Norte","Puerto Plata","Puerto Plata","El Cupey","Camú Arriba"
"Cibao Norte","Puerto Plata","Puerto Plata","El Cupey","El Calabacito"
"Cibao Norte","Puerto Plata","Puerto Plata","El Cupey","El Cupey"
"Cibao Norte","Puerto Plata","Puerto Plata","El Cupey","El Gallo"
"Cibao Norte","Puerto Plata","Puerto Plata","El Cupey","El Manaclar"
"Cibao Norte","Puerto Plata","Puerto Plata","El Cupey","El Naranjal"
"Cibao Norte","Puerto Plata","Puerto Plata","El Cupey","El Vallecito"
"Cibao Norte","Puerto Plata","Puerto Plata","El Cupey","La Berenjena o Los Tabita"
"Cibao Norte","Puerto Plata","Puerto Plata","El Cupey","La Caobana o La Caoba"
"Cibao Norte","Puerto Plata","Puerto Plata","El Cupey","La Gotera"
"Cibao Norte","Puerto Plata","Puerto Plata","El Cupey","Las Tres Canas"
"Cibao Norte","Puerto Plata","Puerto Plata","El Cupey","Los Amaceyes"
"Cibao Norte","Puerto Plata","Puerto Plata","El Cupey","Los Palmaritos"
"Cibao Norte","Puerto Plata","Puerto Plata","El Cupey","Los Pomos"
"Cibao Norte","Puerto Plata","Puerto Plata","El Cupey","Piedra de Candela"
"Cibao Norte","Puerto Plata","Puerto Plata","El Cupey","Rancho Ambrosio"
"Cibao Norte","Puerto Plata","Puerto Plata","Los Mameyes","Loma Isabel de Torres"
"Cibao Norte","Puerto Plata","Puerto Plata","Los Mameyes","Los Mameyes"
"Cibao Norte","Puerto Plata","Puerto Plata","Sabana Grande","Cantabria Abajo"
"Cibao Norte","Puerto Plata","Puerto Plata","Sabana Grande","Cantabria Arriba"
"Cibao Norte","Puerto Plata","Puerto Plata","Sabana Grande","La Tachuela"
"Cibao Norte","Puerto Plata","Puerto Plata","Sabana Grande","Marapicada"
"Cibao Norte","Puerto Plata","Puerto Plata","Sabana Grande","Muñoz"
"Cibao Norte","Puerto Plata","Puerto Plata","Sabana Grande","Sabana Grande"
"Cibao Norte","Puerto Plata","Puerto Plata","Tubagua","Arroyo Ancho Abajo"
"Cibao Norte","Puerto Plata","Puerto Plata","Tubagua","Arroyo Ancho Arriba"
"Cibao Norte","Puerto Plata","Puerto Plata","Tubagua","Arroyo Frío"
"Cibao Norte","Puerto Plata","Puerto Plata","Tubagua","Camú"
"Cibao Norte","Puerto Plata","Puerto Plata","Tubagua","El Cayo"
"Cibao Norte","Puerto Plata","Puerto Plata","Tubagua","Juan de Nina"
"Cibao Norte","Puerto Plata","Puerto Plata","Tubagua","La China"
"Cibao Norte","Puerto Plata","Puerto Plata","Tubagua","La U"
"Cibao Norte","Puerto Plata","Puerto Plata","Tubagua","Los Algodones"
"Cibao Norte","Puerto Plata","Puerto Plata","Tubagua","Los Cacaos"
"Cibao Norte","Puerto Plata","Puerto Plata","Tubagua","Los Coquitos"
"Cibao Norte","Puerto Plata","Puerto Plata","Tubagua","Los Jobos"
"Cibao Norte","Puerto Plata","Puerto Plata","Tubagua","Mata Redonda"
"Cibao Norte","Puerto Plata","Puerto Plata","Tubagua","Naranjo Dulce"
"Cibao Norte","Puerto Plata","Puerto Plata","Tubagua","Palo Blanco"
"Cibao Norte","Puerto Plata","Puerto Plata","Tubagua","Sabana de la Vigía"
"Cibao Norte","Puerto Plata","Puerto Plata","Tubagua","Sabana de los Muertos"
"Cibao Norte","Puerto Plata","Puerto Plata","Tubagua","Tubagua"
"Cibao Norte","Puerto Plata","Puerto Plata","Maggiolo","Cafemba"
"Cibao Norte","Puerto Plata","Puerto Plata","Maggiolo","El Corozo"
"Cibao Norte","Puerto Plata","Puerto Plata","Maggiolo","El Tejar"
"Cibao Norte","Puerto Plata","Puerto Plata","Maggiolo","Francés"
"Cibao Norte","Puerto Plata","Puerto Plata","Maggiolo","La Gata"
"Cibao Norte","Puerto Plata","Puerto Plata","Maggiolo","La Guaita (La Aguadita)"
"Cibao Norte","Puerto Plata","Puerto Plata","Maggiolo","Loma de las Bestias"
"Cibao Norte","Puerto Plata","Puerto Plata","Maggiolo","Maggiolo Adentro"
"Cibao Norte","Puerto Plata","Puerto Plata","Yásica Arriba","Yásica Arriba"
"Cibao Norte","Puerto Plata","Puerto Plata","Yásica Abajo","Arroyo Grande (La Paloma)"
"Cibao Norte","Puerto Plata","Puerto Plata","Yásica Abajo","El Aguacate"
"Cibao Norte","Puerto Plata","Puerto Plata","Yásica Abajo","El Limón"
"Cibao Norte","Puerto Plata","Puerto Plata","Yásica Abajo","El Mango"
"Cibao Norte","Puerto Plata","Puerto Plata","Yásica Abajo","El Sanjón"
"Cibao Norte","Puerto Plata","Puerto Plata","Yásica Abajo","Juan Pío"
"Cibao Norte","Puerto Plata","Puerto Plata","Yásica Abajo","La Batata"
"Cibao Norte","Puerto Plata","Puerto Plata","Yásica Abajo","La Cueva"
"Cibao Norte","Puerto Plata","Puerto Plata","Yásica Abajo","La Garza"
"Cibao Norte","Puerto Plata","Puerto Plata","Yásica Abajo","La Pelota"
"Cibao Norte","Puerto Plata","Puerto Plata","Yásica Abajo","La Piedra"
"Cibao Norte","Puerto Plata","Puerto Plata","Yásica Abajo","La Piragua"
"Cibao Norte","Puerto Plata","Puerto Plata","Yásica Abajo","La Sabana"
"Cibao Norte","Puerto Plata","Puerto Plata","Yásica Abajo","Los Jiménez"
"Cibao Norte","Puerto Plata","Puerto Plata","Yásica Abajo","Los Martínez"
"Cibao Norte","Puerto Plata","Puerto Plata","Yásica Abajo","Los Peralta"
"Cibao Norte","Puerto Plata","Puerto Plata","Yásica Abajo","Mata Puerto (Mata Puerco)"
"Cibao Norte","Puerto Plata","Puerto Plata","Yásica Abajo","Sonador"
"Cibao Norte","Puerto Plata","Puerto Plata","Yásica Abajo","Yásica Abajo"
"Cibao Norte","Puerto Plata","Puerto Plata","Gurabito de Yaroa","El Toro"
"Cibao Norte","Puerto Plata","Puerto Plata","Gurabito de Yaroa","Gurabito de Yaroa"
"Cibao Norte","Puerto Plata","Puerto Plata","Gurabito de Yaroa","La Burra"
"Cibao Norte","Puerto Plata","Puerto Plata","Gurabito de Yaroa","La Cabirma"
"Cibao Norte","Puerto Plata","Puerto Plata","Gurabito de Yaroa","La Sierrita"
"Cibao Norte","Puerto Plata","Puerto Plata","Gurabito de Yaroa","Lajas de Yaroa"
"Cibao Norte","Puerto Plata","Puerto Plata","Gurabito de Yaroa","Sonador de Yaroa"
"Cibao Norte","Puerto Plata","Puerto Plata","Gurabito de Yaroa","Yaroa Abajo"
"Cibao Norte","Puerto Plata","Puerto Plata","Villa General Benito Martínez","Arenoso"
"Cibao Norte","Puerto Plata","Puerto Plata","Villa General Benito Martínez","Cañada Honda"
"Cibao Norte","Puerto Plata","Puerto Plata","Villa General Benito Martínez","La Cumbre (Gurabito La Cumbre)"
"Cibao Norte","Puerto Plata","Puerto Plata","Villa General Benito Martínez","La Tinajita"
"Cibao Norte","Puerto Plata","Puerto Plata","Villa General Benito Martínez","Los Pinos"
"Cibao Norte","Puerto Plata","Puerto Plata","Villa General Benito Martínez","Subida Grande"
"Cibao Norte","Puerto Plata","Puerto Plata","Yásica Arriba","El Brisón"
"Cibao Norte","Puerto Plata","Puerto Plata","Yásica Arriba","El Capá"
"Cibao Norte","Puerto Plata","Puerto Plata","Yásica Arriba","El Puerto"
"Cibao Norte","Puerto Plata","Puerto Plata","Yásica Arriba","El Samo"
"Cibao Norte","Puerto Plata","Puerto Plata","Yásica Arriba","Indio Viejo"
"Cibao Norte","Puerto Plata","Puerto Plata","Yásica Arriba","Kilómetro 30"
"Cibao Norte","Puerto Plata","Puerto Plata","Yásica Arriba","La Barita"
"Cibao Norte","Puerto Plata","Puerto Plata","Yásica Arriba","La Cruz (La Cruz de Yásica)"
"Cibao Norte","Puerto Plata","Puerto Plata","Yásica Arriba","La Hebra"
"Cibao Norte","Puerto Plata","Puerto Plata","Yásica Arriba","Los Infantes"
"Cibao Norte","Puerto Plata","Puerto Plata","Yásica Arriba","Los Pomos"
"Cibao Norte","Puerto Plata","Puerto Plata","Yásica Arriba","Los Taveras"
"Cibao Norte","Puerto Plata","Puerto Plata","Yásica Arriba","Yasiquita"
"Cibao Norte","Puerto Plata","Puerto Plata","Maimón","Don Gregorio"
"Cibao Norte","Puerto Plata","Puerto Plata","Maimón","Maimón"
"Cibao Norte","Puerto Plata","Puerto Plata","Maimón","Los Bonilla"
"Cibao Norte","Puerto Plata","Puerto Plata","San Cristóbal","Los Caños"
"Cibao Norte","Puerto Plata","Puerto Plata","San Cristóbal","Los Dajaos"
"Cibao Norte","Puerto Plata","Puerto Plata","San Cristóbal","San Cristóbal"
"Cibao Norte","Puerto Plata","Puerto Plata","Don Gregorio","Barba Rusia"
"Cibao Norte","Puerto Plata","Puerto Plata","Don Gregorio","La Bahía de Maimón"
"Cibao Norte","Puerto Plata","Puerto Plata","Don Gregorio","La Isla"
"Cibao Norte","Puerto Plata","Puerto Plata","Don Gregorio","Las Cienes (Las Sienes)"
"Cibao Norte","Puerto Plata","Puerto Plata","Don Gregorio","Playa de Maimón"
"Cibao Norte","Puerto Plata","Puerto Plata","Los Tejada","El Chavón"
"Cibao Norte","Puerto Plata","Puerto Plata","Los Tejada","Los Boboses"
"Cibao Norte","Puerto Plata","Puerto Plata","Los Tejada","Los Tejada"
"Cibao Norte","Puerto Plata","Puerto Plata","Las Avispas","El Piragual"
"Cibao Norte","Puerto Plata","Puerto Plata","Las Avispas","El Rincón"
"Cibao Norte","Puerto Plata","Puerto Plata","Las Avispas","Guarda Raya"
"Cibao Norte","Puerto Plata","Puerto Plata","Las Avispas","La Seiba (La Ceiba)"
"Cibao Norte","Puerto Plata","Puerto Plata","Las Avispas","Las Avispas"
"Cibao Norte","Puerto Plata","Puerto Plata","Las Avispas","Los Cacaos"
"Cibao Norte","Puerto Plata","Puerto Plata","Guzmancito","Bajo Hondo"
"Cibao Norte","Puerto Plata","Puerto Plata","Guzmancito","Cabuya"
"Cibao Norte","Puerto Plata","Puerto Plata","Guzmancito","Calabacitos"
"Cibao Norte","Puerto Plata","Puerto Plata","Guzmancito","Cruce de Guzmán"
"Cibao Norte","Puerto Plata","Puerto Plata","Guzmancito","El Burro"
"Cibao Norte","Puerto Plata","Puerto Plata","Guzmancito","El Café"
"Cibao Norte","Puerto Plata","Puerto Plata","Guzmancito","El Estero"
"Cibao Norte","Puerto Plata","Puerto Plata","Guzmancito","El Toro"
"Cibao Norte","Puerto Plata","Puerto Plata","Guzmancito","Guzmán"
"Cibao Norte","Puerto Plata","Puerto Plata","Guzmancito","Guzmancito"
"Cibao Norte","Puerto Plata","Puerto Plata","Guzmancito","La Arena"
"Cibao Norte","Puerto Plata","Puerto Plata","Guzmancito","La Berenjena"
"Cibao Norte","Puerto Plata","Puerto Plata","Guzmancito","La Patilla"
"Cibao Norte","Puerto Plata","Puerto Plata","Guzmancito","La Perrita"
"Cibao Norte","Puerto Plata","Puerto Plata","Guzmancito","Palo Indio"
"Cibao Norte","Puerto Plata","Puerto Plata","Cambiaso","Arenoso"
"Cibao Norte","Puerto Plata","Puerto Plata","Cambiaso","Cambiaso"
"Cibao Norte","Puerto Plata","Puerto Plata","Cambiaso","La Guá ( La Aguada)"
"Cibao Norte","Puerto Plata","Puerto Plata","Cambiaso","La Playa"
"Cibao Norte","Puerto Plata","Puerto Plata","Cambiaso","La Roceta"
"Cibao Norte","Puerto Plata","Puerto Plata","Cambiaso","Loran"
"Cibao Norte","Puerto Plata","Sosúa","Sosúa","El Batey"
"Cibao Norte","Puerto Plata","Sosúa","Sosúa","La Policlinica"
"Cibao Norte","Puerto Plata","Sosúa","Sosúa","Los Charamicos"
"Cibao Norte","Puerto Plata","Sosúa","Madre Vieja","El Guázaro"
"Cibao Norte","Puerto Plata","Sosúa","Madre Vieja","Jagua Mocha o Las Espinas"
"Cibao Norte","Puerto Plata","Sosúa","Madre Vieja","Jozaderos (Hozaderos)"
"Cibao Norte","Puerto Plata","Sosúa","Madre Vieja","La Laguna"
"Cibao Norte","Puerto Plata","Sosúa","Madre Vieja","La Monteada"
"Cibao Norte","Puerto Plata","Sosúa","Madre Vieja","La Pelota"
"Cibao Norte","Puerto Plata","Sosúa","Madre Vieja","Lengua De Vaca"
"Cibao Norte","Puerto Plata","Sosúa","Madre Vieja","Los Guaos"
"Cibao Norte","Puerto Plata","Sosúa","Sabaneta de Cangrejos","Alto de los Castillo"
"Cibao Norte","Puerto Plata","Sosúa","Sabaneta de Cangrejos","Arroyo Seco"
"Cibao Norte","Puerto Plata","Sosúa","Sabaneta de Cangrejos","Bella Vista"
"Cibao Norte","Puerto Plata","Sosúa","Sabaneta de Cangrejos","El Guano"
"Cibao Norte","Puerto Plata","Sosúa","Sabaneta de Cangrejos","El Higüero"
"Cibao Norte","Puerto Plata","Sosúa","Sabaneta de Cangrejos","El Valedor"
"Cibao Norte","Puerto Plata","Sosúa","Sabaneta de Cangrejos","Higos Claros"
"Cibao Norte","Puerto Plata","Sosúa","Sabaneta de Cangrejos","La Mulata"
"Cibao Norte","Puerto Plata","Sosúa","Sabaneta de Cangrejos","La Munición"
"Cibao Norte","Puerto Plata","Sosúa","Sabaneta de Cangrejos","La Pared"
"Cibao Norte","Puerto Plata","Sosúa","Sabaneta de Cangrejos","La Unión"
"Cibao Norte","Puerto Plata","Sosúa","Sabaneta de Cangrejos","Loma Bajita"
"Cibao Norte","Puerto Plata","Sosúa","Sabaneta de Cangrejos","Loma Blanca"
"Cibao Norte","Puerto Plata","Sosúa","Sabaneta de Cangrejos","Mango Fresco"
"Cibao Norte","Puerto Plata","Sosúa","Sabaneta de Cangrejos","Maranatha"
"Cibao Norte","Puerto Plata","Sosúa","Sabaneta de Cangrejos","Sabaneta de Cangrejos"
"Cibao Norte","Puerto Plata","Sosúa","Sabaneta de Cangrejos","Sosúa Abajo"
"Cibao Norte","Puerto Plata","Sosúa","Cabarete","Cabarete"
"Cibao Norte","Puerto Plata","Sosúa","Cabarete","El Callejón de la Loma"
"Cibao Norte","Puerto Plata","Sosúa","La Catalina","El Choco"
"Cibao Norte","Puerto Plata","Sosúa","La Catalina","El Higüero (Parte)"
"Cibao Norte","Puerto Plata","Sosúa","La Catalina","La Catalina"
"Cibao Norte","Puerto Plata","Sosúa","La Catalina","La Mulata (Parte)"
"Cibao Norte","Puerto Plata","Sosúa","La Catalina","Los Aserraderos del Choco (Parte)"
"Cibao Norte","Puerto Plata","Sosúa","La Catalina","Los Cacaos"
"Cibao Norte","Puerto Plata","Sosúa","La Catalina","Mango Fresco (Parte)"
"Cibao Norte","Puerto Plata","Sosúa","La Goleta","Bombita"
"Cibao Norte","Puerto Plata","Sosúa","La Goleta","Eslabón o Islabón"
"Cibao Norte","Puerto Plata","Sosúa","La Goleta","La Atravesada"
"Cibao Norte","Puerto Plata","Sosúa","La Goleta","La Ciénaga"
"Cibao Norte","Puerto Plata","Sosúa","La Goleta","La Goleta 1"
"Cibao Norte","Puerto Plata","Sosúa","La Goleta","La Goleta 2"
"Cibao Norte","Puerto Plata","Sosúa","Sabaneta de Yásica","Cruce de Sabaneta"
"Cibao Norte","Puerto Plata","Sosúa","Sabaneta de Yásica","Verdúm"
"Cibao Norte","Puerto Plata","Sosúa","Sabaneta de Yásica","Villa Islabón"
"Cibao Norte","Puerto Plata","Sosúa","Sabaneta de Yásica","Villa Sammy Thomás"
"Cibao Norte","Puerto Plata","Sosúa","Sabaneta de Yásica","El Aserradero del Choco (Parte)"
"Cibao Norte","Puerto Plata","Sosúa","Sabaneta de Yásica","Palo Amarillo"
"Cibao Norte","Puerto Plata","Sosúa","Sabaneta de Yásica","Sabaneta de Yásica"
"Cibao Norte","Puerto Plata","Sosúa","Los Cantabillos","Cuesta Barrosa"
"Cibao Norte","Puerto Plata","Sosúa","Los Cantabillos","La Hicotea"
"Cibao Norte","Puerto Plata","Sosúa","Los Cantabillos","La Laguna"
"Cibao Norte","Puerto Plata","Sosúa","Los Cantabillos","Laguna de Madre Vieja"
"Cibao Norte","Puerto Plata","Villa Isabela","Villa Isabela","Villa Isabela"
"Cibao Norte","Puerto Plata","Villa Isabela","Laguna Grande","Altos de los Peña"
"Cibao Norte","Puerto Plata","Villa Isabela","Laguna Grande","Caño Miguel"
"Cibao Norte","Puerto Plata","Villa Isabela","Laguna Grande","Carreta Podrida"
"Cibao Norte","Puerto Plata","Villa Isabela","Laguna Grande","Dieguito"
"Cibao Norte","Puerto Plata","Villa Isabela","Laguna Grande","El Carril"
"Cibao Norte","Puerto Plata","Villa Isabela","Laguna Grande","Guaconejal"
"Cibao Norte","Puerto Plata","Villa Isabela","Laguna Grande","Gualetico"
"Cibao Norte","Puerto Plata","Villa Isabela","Laguna Grande","La Llanada"
"Cibao Norte","Puerto Plata","Villa Isabela","Laguna Grande","La Rotonda"
"Cibao Norte","Puerto Plata","Villa Isabela","Laguna Grande","Laguna Grande"
"Cibao Norte","Puerto Plata","Villa Isabela","La Balsa","La Balsa"
"Cibao Norte","Puerto Plata","Villa Isabela","La Balsa","Las Eneas"
"Cibao Norte","Puerto Plata","Villa Isabela","La Balsa","Los Altos"
"Cibao Norte","Puerto Plata","Villa Isabela","La Balsa","Pozo Bonito"
"Cibao Norte","Puerto Plata","Villa Isabela","La Balsa","Sabana de los Mieses"
"Cibao Norte","Puerto Plata","Villa Isabela","Estero Hondo","Estero Hondo"
"Cibao Norte","Puerto Plata","Villa Isabela","Estero Hondo","Las Cañitas"
"Cibao Norte","Puerto Plata","Villa Isabela","Estero Hondo","Nuevo"
"Cibao Norte","Puerto Plata","Villa Isabela","Los Pilones","La Caobanita"
"Cibao Norte","Puerto Plata","Villa Isabela","Los Pilones","La Ciénaga"
"Cibao Norte","Puerto Plata","Villa Isabela","Los Pilones","La Colonia"
"Cibao Norte","Puerto Plata","Villa Isabela","Los Pilones","Los Pilones"
"Cibao Norte","Puerto Plata","Villa Isabela","Los Pilones","Los Pozos Amarillos"
"Cibao Norte","Puerto Plata","Villa Isabela","Los Pilones","Los Toros"
"Cibao Norte","Puerto Plata","Villa Isabela","Rancho Manuel","El Pato"
"Cibao Norte","Puerto Plata","Villa Isabela","Rancho Manuel","Gregorio"
"Cibao Norte","Puerto Plata","Villa Isabela","Rancho Manuel","La Playa"
"Cibao Norte","Puerto Plata","Villa Isabela","Rancho Manuel","Punta Rusia"
"Cibao Norte","Puerto Plata","Villa Isabela","Rancho Manuel","Rancho Manuel"
"Cibao Norte","Puerto Plata","Villa Isabela","Rancho Manuel","Tiburcio"
"Cibao Norte","Puerto Plata","Villa Isabela","La Jaiba","Alto de los Álvarez"
"Cibao Norte","Puerto Plata","Villa Isabela","La Jaiba","Alto de los Gómez"
"Cibao Norte","Puerto Plata","Villa Isabela","La Jaiba","La Jaiba"
"Cibao Norte","Puerto Plata","Villa Isabela","La Jaiba","La Joya"
"Cibao Norte","Puerto Plata","Villa Isabela","La Jaiba","Paso Seco"
"Cibao Norte","Puerto Plata","Villa Isabela","La Jaiba","Pontezuelo o El Hormiguero"
"Cibao Norte","Puerto Plata","Villa Isabela","La Jaiba","Betel (Gran Diablo)"
"Cibao Norte","Puerto Plata","Villa Isabela","La Jaiba","Boca Nueva"
"Cibao Norte","Puerto Plata","Villa Isabela","La Jaiba","El Anisal"
"Cibao Norte","Puerto Plata","Villa Isabela","La Jaiba","Gregorio (Parte)"
"Cibao Norte","Puerto Plata","Villa Isabela","La Jaiba","Guanabanito"
"Cibao Norte","Puerto Plata","Villa Isabela","La Jaiba","La Cementera"
"Cibao Norte","Puerto Plata","Villa Isabela","La Jaiba","La Higüera"
"Cibao Norte","Puerto Plata","Villa Isabela","La Jaiba","La Jaiba"
"Cibao Norte","Puerto Plata","Villa Isabela","La Jaiba","Loma de la Jaiba"
"Cibao Norte","Puerto Plata","Villa Isabela","La Jaiba","Los Anegadizos"
"Cibao Norte","Puerto Plata","Villa Isabela","La Jaiba","Palo de Leche"
"Cibao Norte","Puerto Plata","Villa Isabela","La Jaiba","Pedro Acosta"
"Cibao Norte","Puerto Plata","Villa Isabela","La Jaiba","Rancho Manuel (Parte)"
"Cibao Norte","Puerto Plata","Villa Isabela","La Jaiba","Solimán"
"Cibao Norte","Puerto Plata","Villa Isabela","La Jaiba","Tamares"
"Cibao Norte","Puerto Plata","Villa Isabela","La Jaiba","Tiburcio (Parte)"
"Cibao Norte","Puerto Plata","Villa Isabela","Gualete","Gualete"
"Cibao Norte","Puerto Plata","Villa Isabela","Gualete","Agua Hedionda"
"Cibao Norte","Puerto Plata","Villa Isabela","Gualete","Comedero"
"Cibao Norte","Puerto Plata","Villa Isabela","Gualete","Dibuá"
"Cibao Norte","Puerto Plata","Villa Isabela","Gualete","Gran Diablo"
"Cibao Norte","Puerto Plata","Villa Isabela","Gualete","Gualete Abajo"
"Cibao Norte","Puerto Plata","Villa Isabela","Gualete","Gualete al Medio"
"Cibao Norte","Puerto Plata","Villa Isabela","Gualete","Gualete Arriba"
"Cibao Norte","Puerto Plata","Villa Isabela","Gualete","Gualetico"
"Cibao Norte","Puerto Plata","Villa Isabela","Gualete","Gurabo"
"Cibao Norte","Puerto Plata","Villa Isabela","Gualete","La Bajada"
"Cibao Norte","Puerto Plata","Villa Isabela","Gualete","La Caobana"
"Cibao Norte","Puerto Plata","Villa Isabela","Gualete","La Ceibita"
"Cibao Norte","Puerto Plata","Villa Isabela","Gualete","Loma de Caobazo"
"Cibao Norte","Puerto Plata","Villa Isabela","Gualete","Loma de la Caya"
"Cibao Norte","Puerto Plata","Villa Isabela","Gualete","Loma de los Gurabo"
"Cibao Norte","Puerto Plata","Villa Isabela","Gualete","Los Macos"
"Cibao Norte","Puerto Plata","Villa Isabela","Gualete","Los Tinajones"
"Cibao Norte","Puerto Plata","Villa Isabela","Gualete","Paso del Jamo"
"Cibao Norte","Puerto Plata","Villa Montellano","Villa Montellano","Centro del Pueblo (Ingenio Montellano)"
"Cibao Norte","Puerto Plata","Villa Montellano","Villa Montellano","El Mango"
"Cibao Norte","Puerto Plata","Villa Montellano","Villa Montellano","Juan Lockward o Nuevo Montellano"
"Cibao Norte","Puerto Plata","Villa Montellano","Villa Montellano","Monte Bravo"
"Cibao Norte","Puerto Plata","Villa Montellano","Arroyo de Leche","Arroyo de Leche Abajo"
"Cibao Norte","Puerto Plata","Villa Montellano","Arroyo de Leche","Arroyo de Leche Arriba"
"Cibao Norte","Puerto Plata","Villa Montellano","Arroyo de Leche","Bracitos"
"Cibao Norte","Puerto Plata","Villa Montellano","Arroyo de Leche","La Colonia"
"Cibao Norte","Puerto Plata","Villa Montellano","Arroyo de Leche","Loma de Sarante"
"Cibao Norte","Puerto Plata","Villa Montellano","Arroyo de Leche","Los Pajones"
"Cibao Norte","Puerto Plata","Villa Montellano","Arroyo de Leche","Marticinio (Martinicinio)"
"Cibao Norte","Puerto Plata","Villa Montellano","Boca Nueva","Bergantín"
"Cibao Norte","Puerto Plata","Villa Montellano","Boca Nueva","Boca Nueva"
"Cibao Norte","Puerto Plata","Villa Montellano","Cangrejo","Boca o Playa de Cangrejo"
"Cibao Norte","Puerto Plata","Villa Montellano","Cangrejo","Cangrejo"
"Cibao Norte","Puerto Plata","Villa Montellano","Cangrejo","Los Cocos"
"Cibao Norte","Puerto Plata","Villa Montellano","Caraballo","Caraballo"
"Cibao Norte","Puerto Plata","Villa Montellano","Caraballo","Negro Melo"
"Cibao Norte","Puerto Plata","Villa Montellano","Caraballo","Pancho Mateo"
"Cibao Norte","Puerto Plata","Villa Montellano","Caraballo","Sabana de los Muertos"
"Cibao Norte","Puerto Plata","Villa Montellano","Los Ciruelos","Alto de Ciriaco (Alto de Siriaco)"
"Cibao Norte","Puerto Plata","Villa Montellano","Los Ciruelos","Atollador"
"Cibao Norte","Puerto Plata","Villa Montellano","Los Ciruelos","Km. 12"
"Cibao Norte","Puerto Plata","Villa Montellano","Los Ciruelos","Km. 13"
"Cibao Norte","Puerto Plata","Villa Montellano","Los Ciruelos","La Gran Parada"
"Cibao Norte","Puerto Plata","Villa Montellano","Mozaví","Arroyo Blanco"
"Cibao Norte","Puerto Plata","Villa Montellano","Mozaví","La Búcara"
"Cibao Norte","Puerto Plata","Villa Montellano","Mozaví","La Cana"
"Cibao Norte","Puerto Plata","Villa Montellano","Mozaví","La Munición"
"Cibao Norte","Puerto Plata","Villa Montellano","Mozaví","La Piedra"
"Cibao Norte","Puerto Plata","Villa Montellano","Mozaví","Loma Blanca"
"Cibao Norte","Puerto Plata","Villa Montellano","Mozaví","Mozaví Abajo"
"Cibao Norte","Puerto Plata","Villa Montellano","Mozaví","Mozaví Arriba"
"Cibao Norte","Puerto Plata","Villa Montellano","Mozaví","Severé"
"Cibao Norte","Santiago","Baitoa","Baitoa Centro","Boca de Los Ríos"
"Cibao Norte","Santiago","Baitoa","Baitoa Centro","Camboya"
"Cibao Norte","Santiago","Baitoa","Baitoa Centro","Cañada Bonita"
"Cibao Norte","Santiago","Baitoa","Baitoa Centro","Ciudad Nueva"
"Cibao Norte","Santiago","Baitoa","Baitoa Centro","El Paraíso"
"Cibao Norte","Santiago","Baitoa","Baitoa Centro","La Cruz Roja"
"Cibao Norte","Santiago","Baitoa","Baitoa Centro","La Jagua"
"Cibao Norte","Santiago","Baitoa","Baitoa Centro","La Lima Abajo"
"Cibao Norte","Santiago","Baitoa","Baitoa Centro","La Loma"
"Cibao Norte","Santiago","Baitoa","Baitoa Centro","Lima Adentro"
"Cibao Norte","Santiago","Baitoa","Baitoa Centro","Los Peña"
"Cibao Norte","Santiago","Baitoa","Baitoa Centro","Los Platanitos"
"Cibao Norte","Santiago","Baitoa","Baitoa Centro","Los Prados"
"Cibao Norte","Santiago","Baitoa","Baitoa Centro","Los Sánchez"
"Cibao Norte","Santiago","Baitoa","La Jagua","Doña Águeda"
"Cibao Norte","Santiago","Baitoa","La Jagua","El Callejón De Guano"
"Cibao Norte","Santiago","Baitoa","La Jagua","La Jagua"
"Cibao Norte","Santiago","Baitoa","La Jagua","Los Picos"
"Cibao Norte","Santiago","Baitoa","López","Boca De López"
"Cibao Norte","Santiago","Baitoa","López","La Angostura"
"Cibao Norte","Santiago","Baitoa","López","La Colmena"
"Cibao Norte","Santiago","Baitoa","López","Loma De Cana"
"Cibao Norte","Santiago","Baitoa","López","López"
"Cibao Norte","Santiago","Baitoa","López","López Abajo"
"Cibao Norte","Santiago","Baitoa","López","Los Campeches"
"Cibao Norte","Santiago","Baitoa","López","Los Limones"
"Cibao Norte","Santiago","Baitoa","López","Los Melaos Abajo"
"Cibao Norte","Santiago","Baitoa","López","Los Melaos Arriba"
"Cibao Norte","Santiago","Baitoa","San José Adentro","Cruce De Gaspar"
"Cibao Norte","Santiago","Baitoa","San José Adentro","Guardarraya Abajo (Guardarraya De Baitoa)"
"Cibao Norte","Santiago","Baitoa","San José Adentro","Kilómetro 5"
"Cibao Norte","Santiago","Baitoa","San José Adentro","Kilómetro 6"
"Cibao Norte","Santiago","Baitoa","San José Adentro","La Lomita"
"Cibao Norte","Santiago","Baitoa","San José Adentro","La Mina Del 4"
"Cibao Norte","Santiago","Baitoa","San José Adentro","Los Cedros"
"Cibao Norte","Santiago","Baitoa","San José Adentro","Mocán De San José"
"Cibao Norte","Santiago","Baitoa","San José Adentro","San José Adentro"
"Cibao Norte","Santiago","Baitoa","San José Afuera","Doña María (Cruce De Doña María)"
"Cibao Norte","Santiago","Baitoa","San José Afuera","La Sabana"
"Cibao Norte","Santiago","Baitoa","San José Afuera","Los Alto"
"Cibao Norte","Santiago","Baitoa","San José Afuera","Los Indios"
"Cibao Norte","Santiago","Baitoa","San José Afuera","San José Afuera"
"Cibao Norte","Santiago","Baitoa","Los Ciruelos","Castillo Abajo"
"Cibao Norte","Santiago","Baitoa","Los Ciruelos","Castillo Arriba"
"Cibao Norte","Santiago","Baitoa","Los Ciruelos","Don Juan"
"Cibao Norte","Santiago","Baitoa","Los Ciruelos","Kilómetro 12"
"Cibao Norte","Santiago","Baitoa","Los Ciruelos","Kilómetro 13"
"Cibao Norte","Santiago","Baitoa","Los Ciruelos","La Estancia (Estancia Nueva Abajo)"
"Cibao Norte","Santiago","Baitoa","Los Ciruelos","La Jagua Arriba"
"Cibao Norte","Santiago","Baitoa","Los Ciruelos","Los Ciruelos O Los Ciruelitos"
"Cibao Norte","Santiago","Baitoa","La Lima","Arroyo Arriba"
"Cibao Norte","Santiago","Baitoa","La Lima","La Capilla"
"Cibao Norte","Santiago","Baitoa","La Lima","La Lima"
"Cibao Norte","Santiago","Baitoa","La Lima","Lima Adentro"
"Cibao Norte","Santiago","Baitoa","La Lima","Loma Del Coco"
"Cibao Norte","Santiago","Baitoa","La Lima","Loma Quemada"
"Cibao Norte","Santiago","Baitoa","La Lima","Santa Rosa"
"Cibao Norte","Santiago","Bisonó","Bisonó","27 de Febrero"
"Cibao Norte","Santiago","Bisonó","Bisonó","Centro del Pueblo"
"Cibao Norte","Santiago","Bisonó","Bisonó","Duarte"
"Cibao Norte","Santiago","Bisonó","Bisonó","Duarte ""A"" o Chiche de León"
"Cibao Norte","Santiago","Bisonó","Bisonó","El Abanico"
"Cibao Norte","Santiago","Bisonó","Bisonó","El Cerro"
"Cibao Norte","Santiago","Bisonó","Bisonó","Hermanas Mirabal"
"Cibao Norte","Santiago","Bisonó","Bisonó","Jalisco"
"Cibao Norte","Santiago","Bisonó","Bisonó","Jeremías o Nuevo"
"Cibao Norte","Santiago","Bisonó","Bisonó","La Altagracia"
"Cibao Norte","Santiago","Bisonó","Bisonó","La Escuela o El Callejón de La Toma"
"Cibao Norte","Santiago","Bisonó","Bisonó","La Estación o El Canal (Esteban Martinez)"
"Cibao Norte","Santiago","Bisonó","Bisonó","La Mella"
"Cibao Norte","Santiago","Bisonó","Bisonó","La Rotonda"
"Cibao Norte","Santiago","Bisonó","Bisonó","La Trinitaria"
"Cibao Norte","Santiago","Bisonó","Bisonó","Loma de Perro"
"Cibao Norte","Santiago","Bisonó","Bisonó","Los Candelones"
"Cibao Norte","Santiago","Bisonó","Bisonó","Los Girasoles"
"Cibao Norte","Santiago","Bisonó","Bisonó","Manolo Tavárez Justo"
"Cibao Norte","Santiago","Bisonó","Bisonó","Mejía Abajo"
"Cibao Norte","Santiago","Bisonó","Bisonó","Mejía Arriba"
"Cibao Norte","Santiago","Bisonó","Bisonó","Minerva o Simón Bolívar"
"Cibao Norte","Santiago","Bisonó","Bisonó","Pica Piedra (El Canal)"
"Cibao Norte","Santiago","Bisonó","Bisonó","Pontón"
"Cibao Norte","Santiago","Bisonó","Bisonó","San Antonio (El Bolsillo)"
"Cibao Norte","Santiago","Bisonó","Bisonó","San José"
"Cibao Norte","Santiago","Bisonó","Bisonó","San Miguel"
"Cibao Norte","Santiago","Bisonó","Cañada Bonita","Agua Hedionda"
"Cibao Norte","Santiago","Bisonó","Cañada Bonita","Cañada Bonita"
"Cibao Norte","Santiago","Bisonó","Cañada Bonita","El Caimito"
"Cibao Norte","Santiago","Bisonó","Cañada Bonita","El Catey"
"Cibao Norte","Santiago","Bisonó","Cañada Bonita","El Estado"
"Cibao Norte","Santiago","Bisonó","Cañada Bonita","El Túnel"
"Cibao Norte","Santiago","Bisonó","Cañada Bonita","Gancho de Jobo"
"Cibao Norte","Santiago","Bisonó","Cañada Bonita","Guanábano del Limón"
"Cibao Norte","Santiago","Bisonó","Cañada Bonita","La Atravesada"
"Cibao Norte","Santiago","Bisonó","Cañada Bonita","La Estación"
"Cibao Norte","Santiago","Bisonó","Cañada Bonita","Las Caobas"
"Cibao Norte","Santiago","Bisonó","Cañada Bonita","Las Raíces"
"Cibao Norte","Santiago","Bisonó","Cañada Bonita","Los Cachimbos"
"Cibao Norte","Santiago","Bisonó","Cañada Bonita","Los Cedros"
"Cibao Norte","Santiago","Bisonó","Estancia del Yaque","Estancia del Yaque"
"Cibao Norte","Santiago","Bisonó","La Lomota","Alto de La Sierra (La Sierra)"
"Cibao Norte","Santiago","Bisonó","La Lomota","Cayota"
"Cibao Norte","Santiago","Bisonó","La Lomota","El Cabirmal"
"Cibao Norte","Santiago","Bisonó","La Lomota","El Puente"
"Cibao Norte","Santiago","Bisonó","La Lomota","Los Brazos"
"Cibao Norte","Santiago","Bisonó","La Lomota","Los Cabrera o La Lometa"
"Cibao Norte","Santiago","Bisonó","La Lomota","Los Muñoz"
"Cibao Norte","Santiago","Bisonó","La Lomota","Los Ruales"
"Cibao Norte","Santiago","Bisonó","La Villa Nueva","Agua Hedionda"
"Cibao Norte","Santiago","Bisonó","La Villa Nueva","Aguacate de Navarrete"
"Cibao Norte","Santiago","Bisonó","La Villa Nueva","Cañada Higüero"
"Cibao Norte","Santiago","Bisonó","La Villa Nueva","Cañada Sucia"
"Cibao Norte","Santiago","Bisonó","La Villa Nueva","El Abra"
"Cibao Norte","Santiago","Bisonó","La Villa Nueva","El Abra Arriba"
"Cibao Norte","Santiago","Bisonó","La Villa Nueva","La Tunita"
"Cibao Norte","Santiago","Bisonó","La Villa Nueva","La Villa Nueva"
"Cibao Norte","Santiago","Bisonó","La Villa Nueva","Los Higos"
"Cibao Norte","Santiago","Bisonó","Mejía de Navarrete","Barrancón"
"Cibao Norte","Santiago","Bisonó","Mejía de Navarrete","Los Candelones"
"Cibao Norte","Santiago","Bisonó","Pontoncito","Canal Cañeo"
"Cibao Norte","Santiago","Bisonó","Pontoncito","Cruce de Barrero"
"Cibao Norte","Santiago","Bisonó","Pontoncito","Kilómetro 7"
"Cibao Norte","Santiago","Bisonó","Pontoncito","Pedro García"
"Cibao Norte","Santiago","Bisonó","Pontoncito","Pontoncito"
"Cibao Norte","Santiago","Bisonó","Pontoncito","Pun Pun"
"Cibao Norte","Santiago","Bisonó","Pontoncito","Villa Tabacalera"
"Cibao Norte","Santiago","Bisonó","Vuelta Larga","Vuelta Larga"
"Cibao Norte","Santiago","Jánico","Jánico","Centro del Pueblo"
"Cibao Norte","Santiago","Jánico","Jánico","El Play"
"Cibao Norte","Santiago","Jánico","Jánico","La Caña"
"Cibao Norte","Santiago","Jánico","Jánico","Pueblo Nuevo"
"Cibao Norte","Santiago","Jánico","Jánico","San José"
"Cibao Norte","Santiago","Jánico","Cagüeyes","Boca Naranjos"
"Cibao Norte","Santiago","Jánico","Cagüeyes","Cagüeyes"
"Cibao Norte","Santiago","Jánico","Cagüeyes","Damajagua"
"Cibao Norte","Santiago","Jánico","Cagüeyes","El Barco"
"Cibao Norte","Santiago","Jánico","Cagüeyes","El Palero"
"Cibao Norte","Santiago","Jánico","Cagüeyes","Guayabales"
"Cibao Norte","Santiago","Jánico","Cagüeyes","Las Cejitas"
"Cibao Norte","Santiago","Jánico","Cagüeyes","Las Yayas"
"Cibao Norte","Santiago","Jánico","Cebú","Arroyo Piedra"
"Cibao Norte","Santiago","Jánico","Cebú","Batey"
"Cibao Norte","Santiago","Jánico","Cebú","Cebú"
"Cibao Norte","Santiago","Jánico","Cebú","Damajagua"
"Cibao Norte","Santiago","Jánico","Cebú","Guatiniquín"
"Cibao Norte","Santiago","Jánico","Cebú","La Caoba"
"Cibao Norte","Santiago","Jánico","Cebú","Los Jazmines"
"Cibao Norte","Santiago","Jánico","Dicayagua Abajo","Arroyo Seco"
"Cibao Norte","Santiago","Jánico","Dicayagua Abajo","Dicayagua Abajo"
"Cibao Norte","Santiago","Jánico","Dicayagua Abajo","Dicayagua Arriba"
"Cibao Norte","Santiago","Jánico","Dicayagua Abajo","El Verde"
"Cibao Norte","Santiago","Jánico","Dicayagua Abajo","Los Altos"
"Cibao Norte","Santiago","Jánico","Dicayagua Abajo","Los Indios"
"Cibao Norte","Santiago","Jánico","Dicayagua Abajo","Los Robles"
"Cibao Norte","Santiago","Jánico","Dicayagua Abajo","Zalaya"
"Cibao Norte","Santiago","Jánico","Jagua Abajo","Cañada Grande"
"Cibao Norte","Santiago","Jánico","Jagua Abajo","El Naranjo"
"Cibao Norte","Santiago","Jánico","Jagua Abajo","Henequén"
"Cibao Norte","Santiago","Jánico","Jagua Abajo","Jagua Abajo"
"Cibao Norte","Santiago","Jánico","Jagua Abajo","Jagua Arriba"
"Cibao Norte","Santiago","Jánico","Jagua Abajo","La Cuchilla"
"Cibao Norte","Santiago","Jánico","Jagua Abajo","La Piña"
"Cibao Norte","Santiago","Jánico","Jagua Abajo","Llano de Jagua"
"Cibao Norte","Santiago","Jánico","Jagua Abajo","Loma de la Vaca"
"Cibao Norte","Santiago","Jánico","Jagua Abajo","Los Calabozos"
"Cibao Norte","Santiago","Jánico","Jagua Abajo","Los Guanos"
"Cibao Norte","Santiago","Jánico","Jagua Abajo","Los Lavaderos"
"Cibao Norte","Santiago","Jánico","Loma del Corral","La Caña"
"Cibao Norte","Santiago","Jánico","Loma del Corral","La Fortaleza"
"Cibao Norte","Santiago","Jánico","Loma del Corral","Loma del Corral"
"Cibao Norte","Santiago","Jánico","Loma del Corral","Loma Sucia"
"Cibao Norte","Santiago","Jánico","Loma del Corral","Los Lirios"
"Cibao Norte","Santiago","Jánico","Loma del Corral","Málaga"
"Cibao Norte","Santiago","Jánico","Loma del Corral","Piedra Gorda"
"Cibao Norte","Santiago","Jánico","Mesetas","Babocico"
"Cibao Norte","Santiago","Jánico","Mesetas","Baiguaque"
"Cibao Norte","Santiago","Jánico","Mesetas","Bao"
"Cibao Norte","Santiago","Jánico","Mesetas","Boca de Jánico"
"Cibao Norte","Santiago","Jánico","Mesetas","Gurabo"
"Cibao Norte","Santiago","Jánico","Mesetas","Hoyo de Bao"
"Cibao Norte","Santiago","Jánico","Mesetas","Las Mesetas"
"Cibao Norte","Santiago","Jánico","Mesetas","Los Asientos"
"Cibao Norte","Santiago","Jánico","Mesetas","Monterías"
"Cibao Norte","Santiago","Jánico","Juncalito","Divino Niño"
"Cibao Norte","Santiago","Jánico","Juncalito","Fe y Alegria"
"Cibao Norte","Santiago","Jánico","Juncalito","María Auxiliadora"
"Cibao Norte","Santiago","Jánico","Juncalito","San Antonio"
"Cibao Norte","Santiago","Jánico","Juncalito","San Miguel"
"Cibao Norte","Santiago","Jánico","Juncalito","Santa Ana"
"Cibao Norte","Santiago","Jánico","Juncalito","Santa Rosa de Lima"
"Cibao Norte","Santiago","Jánico","Franco Bidó","Arroyo Malo"
"Cibao Norte","Santiago","Jánico","Franco Bidó","Baiguaque"
"Cibao Norte","Santiago","Jánico","Franco Bidó","Cerro Prieto"
"Cibao Norte","Santiago","Jánico","Franco Bidó","El Pinazo"
"Cibao Norte","Santiago","Jánico","Franco Bidó","Franco Bidó"
"Cibao Norte","Santiago","Jánico","Franco Bidó","Lora de Los Auqueyes"
"Cibao Norte","Santiago","Jánico","Franco Bidó","Los Auqueyes"
"Cibao Norte","Santiago","Jánico","Franco Bidó","Los Cadillos"
"Cibao Norte","Santiago","Jánico","Franco Bidó","Los Cirises"
"Cibao Norte","Santiago","Jánico","Franco Bidó","Los Guayuyos"
"Cibao Norte","Santiago","Jánico","Franco Bidó","Sabaneta Abajo"
"Cibao Norte","Santiago","Jánico","Franco Bidó","Zalzamora (Zarzamora)"
"Cibao Norte","Santiago","Jánico","Janey","El Naranjo"
"Cibao Norte","Santiago","Jánico","Janey","El Palero"
"Cibao Norte","Santiago","Jánico","Janey","El Quemado"
"Cibao Norte","Santiago","Jánico","Janey","El Tuerto"
"Cibao Norte","Santiago","Jánico","Janey","Janey"
"Cibao Norte","Santiago","Jánico","Janey","La Berenjena"
"Cibao Norte","Santiago","Jánico","Janey","La Calabaza"
"Cibao Norte","Santiago","Jánico","Janey","La Laguna"
"Cibao Norte","Santiago","Jánico","Janey","Los Auyenes"
"Cibao Norte","Santiago","Jánico","Janey","Los Lora"
"Cibao Norte","Santiago","Jánico","Janey","Los Montazos"
"Cibao Norte","Santiago","Jánico","Janey","Quebrada"
"Cibao Norte","Santiago","Jánico","Janey","Río Abajo"
"Cibao Norte","Santiago","Jánico","Janey","Río Arriba"
"Cibao Norte","Santiago","Jánico","Janey","Sabaneta Arriba"
"Cibao Norte","Santiago","Jánico","Juncalito Abajo","Dójima"
"Cibao Norte","Santiago","Jánico","Juncalito Abajo","El Cacique"
"Cibao Norte","Santiago","Jánico","Juncalito Abajo","El Higüero"
"Cibao Norte","Santiago","Jánico","Juncalito Abajo","El Naranjito"
"Cibao Norte","Santiago","Jánico","Juncalito Abajo","Juncalito Arriba"
"Cibao Norte","Santiago","Jánico","Juncalito Abajo","La Calaberna"
"Cibao Norte","Santiago","Jánico","Juncalito Abajo","La Culebra"
"Cibao Norte","Santiago","Jánico","Juncalito Abajo","La Estaca"
"Cibao Norte","Santiago","Jánico","Juncalito Abajo","La Lechuza"
"Cibao Norte","Santiago","Jánico","Juncalito Abajo","La Norita"
"Cibao Norte","Santiago","Jánico","Juncalito Abajo","Loma de La Cruz"
"Cibao Norte","Santiago","Jánico","Juncalito Abajo","Loma Prieta"
"Cibao Norte","Santiago","Jánico","Juncalito Abajo","Los Arroyos"
"Cibao Norte","Santiago","Jánico","Juncalito Abajo","Los Granizos"
"Cibao Norte","Santiago","Jánico","Juncalito Abajo","Pico Alto"
"Cibao Norte","Santiago","Jánico","Juncalito Abajo","Piedra Blanca"
"Cibao Norte","Santiago","Jánico","Juncalito Abajo","Rincón del Novillo"
"Cibao Norte","Santiago","Jánico","Rincón Largo","El Mocho"
"Cibao Norte","Santiago","Jánico","Rincón Largo","Los Positos"
"Cibao Norte","Santiago","Jánico","Rincón Largo","Naranjo Dulce"
"Cibao Norte","Santiago","Jánico","Rincón Largo","Rincón Largo"
"Cibao Norte","Santiago","Jánico","Rincón Llano","Cerro Prieto"
"Cibao Norte","Santiago","Jánico","Rincón Llano","El Cerrazo"
"Cibao Norte","Santiago","Jánico","Rincón Llano","El Peñón"
"Cibao Norte","Santiago","Jánico","Rincón Llano","La Guajaca"
"Cibao Norte","Santiago","Jánico","Rincón Llano","La Paría"
"Cibao Norte","Santiago","Jánico","Rincón Llano","Loma del Rancho"
"Cibao Norte","Santiago","Jánico","Rincón Llano","Lomita Prieta"
"Cibao Norte","Santiago","Jánico","Rincón Llano","Pajarito"
"Cibao Norte","Santiago","Jánico","Rincón Llano","Parque Nacional"
"Cibao Norte","Santiago","Jánico","Rincón Llano","Rincón Llano"
"Cibao Norte","Santiago","Jánico","El Caimito","El Caimito"
"Cibao Norte","Santiago","Jánico","El Caimito","El Palero"
"Cibao Norte","Santiago","Jánico","El Caimito","Los Caballos"
"Cibao Norte","Santiago","Jánico","El Caimito","Los Corocitos"
"Cibao Norte","Santiago","Jánico","El Caimito","Paso Afuera"
"Cibao Norte","Santiago","Jánico","Yaque Abajo","El Aguacate"
"Cibao Norte","Santiago","Jánico","Yaque Abajo","El Brujo (Yaque Abajo)"
"Cibao Norte","Santiago","Jánico","Yaque Abajo","El Corral"
"Cibao Norte","Santiago","Jánico","Yaque Abajo","El Yagual o El Jagual"
"Cibao Norte","Santiago","Jánico","Yaque Abajo","La Pocilguita"
"Cibao Norte","Santiago","Jánico","Yaque Abajo","Los Camarones"
"Cibao Norte","Santiago","Jánico","Yaque Abajo","Los Palmaritos"
"Cibao Norte","Santiago","Jánico","Yaque Abajo","Yaque Arriba"
"Cibao Norte","Santiago","Jánico","El Caimito","El Hoyo u Hoyo Bello"
"Cibao Norte","Santiago","Jánico","El Caimito","El Presentado"
"Cibao Norte","Santiago","Jánico","Pinalito","Botoncillo"
"Cibao Norte","Santiago","Jánico","Pinalito","Cañete"
"Cibao Norte","Santiago","Jánico","Pinalito","Damajagua"
"Cibao Norte","Santiago","Jánico","Pinalito","El Anón"
"Cibao Norte","Santiago","Jánico","Pinalito","Guanajuma"
"Cibao Norte","Santiago","Jánico","Pinalito","Henequén"
"Cibao Norte","Santiago","Jánico","Pinalito","Las Auyamas"
"Cibao Norte","Santiago","Jánico","Pinalito","Loma Alta"
"Cibao Norte","Santiago","Jánico","Pinalito","Pinalito"
"Cibao Norte","Santiago","Jánico","Los Pilones","Arenilla"
"Cibao Norte","Santiago","Jánico","Los Pilones","Bejucal"
"Cibao Norte","Santiago","Jánico","Los Pilones","El Córbano"
"Cibao Norte","Santiago","Jánico","Los Pilones","El Monteadero"
"Cibao Norte","Santiago","Jánico","Los Pilones","El Papayo"
"Cibao Norte","Santiago","Jánico","Los Pilones","El Pescadero"
"Cibao Norte","Santiago","Jánico","Los Pilones","El Pie de Los Pilones"
"Cibao Norte","Santiago","Jánico","Los Pilones","El Roblito"
"Cibao Norte","Santiago","Jánico","Los Pilones","El Turco"
"Cibao Norte","Santiago","Jánico","Los Pilones","Hundidera"
"Cibao Norte","Santiago","Jánico","Los Pilones","La Cidra"
"Cibao Norte","Santiago","Jánico","Los Pilones","La Cueva"
"Cibao Norte","Santiago","Jánico","Los Pilones","La Faldiquera"
"Cibao Norte","Santiago","Jánico","Los Pilones","La Guamita"
"Cibao Norte","Santiago","Jánico","Los Pilones","La Horqueta"
"Cibao Norte","Santiago","Jánico","Los Pilones","La Jagua o La Vagua"
"Cibao Norte","Santiago","Jánico","Los Pilones","Las Ánimas"
"Cibao Norte","Santiago","Jánico","Los Pilones","Los Calimetes"
"Cibao Norte","Santiago","Jánico","Los Pilones","Los Pilones"
"Cibao Norte","Santiago","Jánico","Los Pilones","Potranquita"
"Cibao Norte","Santiago","Jánico","Los Pilones","Rancho Viejo"
"Cibao Norte","Santiago","Jánico","Los Pilones","Rincón Llano"
"Cibao Norte","Santiago","Jánico","La Guama","Aguacate"
"Cibao Norte","Santiago","Jánico","La Guama","El Cerrazo"
"Cibao Norte","Santiago","Jánico","La Guama","El Corral"
"Cibao Norte","Santiago","Jánico","La Guama","La Cidra"
"Cibao Norte","Santiago","Jánico","La Guama","La Guama o La Guania"
"Cibao Norte","Santiago","Jánico","La Guama","Las Palerías"
"Cibao Norte","Santiago","Jánico","La Guama","Los Limones"
"Cibao Norte","Santiago","Jánico","La Guama","Los Negros"
"Cibao Norte","Santiago","Jánico","La Guama","Los Tomates"
"Cibao Norte","Santiago","Jánico","La Guama","Paso Hondo"
"Cibao Norte","Santiago","Jánico","La Guama","Piedra Blanca"
"Cibao Norte","Santiago","Licey al Medio","Licey al Medio","El Centro"
"Cibao Norte","Santiago","Licey al Medio","Licey al Medio","Los Osorias"
"Cibao Norte","Santiago","Licey al Medio","Licey al Medio","Los Solano"
"Cibao Norte","Santiago","Licey al Medio","Licey al Medio","Villa Alba"
"Cibao Norte","Santiago","Licey al Medio","La Cruz de María Francisca","La Cruz de María Francisca"
"Cibao Norte","Santiago","Licey al Medio","La Cruz de María Francisca","Limonal Arriba"
"Cibao Norte","Santiago","Licey al Medio","Licey Arriba","Licey Arriba"
"Cibao Norte","Santiago","Licey al Medio","Licey Arriba","Monte Adentro Arriba"
"Cibao Norte","Santiago","Licey al Medio","Licey Abajo","Licey Abajo"
"Cibao Norte","Santiago","Licey al Medio","Cruz de Isalguez","Cruz de Isalguez"
"Cibao Norte","Santiago","Licey al Medio","Las Palomas","Cruce de Chón"
"Cibao Norte","Santiago","Licey al Medio","Las Palomas","Las Palomas Abajo"
"Cibao Norte","Santiago","Licey al Medio","Las Palomas","Las Palomas Arriba"
"Cibao Norte","Santiago","Licey al Medio","Las Palomas","Las Palomas o Centro del Pueblo"
"Cibao Norte","Santiago","Licey al Medio","Las Palomas","Limonal"
"Cibao Norte","Santiago","Licey al Medio","Las Palomas","Los Aritas"
"Cibao Norte","Santiago","Licey al Medio","Las Palomas","Los Colelos"
"Cibao Norte","Santiago","Licey al Medio","Las Palomas","Los Cruces"
"Cibao Norte","Santiago","Licey al Medio","Las Palomas","Los Mirandas"
"Cibao Norte","Santiago","Licey al Medio","Las Palomas","Los Portes"
"Cibao Norte","Santiago","Licey al Medio","Las Palomas","Triple Play"
"Cibao Norte","Santiago","Licey al Medio","Las Palomas Arriba","Uveral"
"Cibao Norte","Santiago","Puñal","Puñal","Puñal Adentro o San José"
"Cibao Norte","Santiago","Puñal","Puñal","Puñal Afuera"
"Cibao Norte","Santiago","Puñal","Puñal","Los Cocos"
"Cibao Norte","Santiago","Puñal","Arenoso","Arenoso o Arenoso Arriba"
"Cibao Norte","Santiago","Puñal","Arenoso","Los Albinos"
"Cibao Norte","Santiago","Puñal","Arenoso","Los Cabral"
"Cibao Norte","Santiago","Puñal","Arenoso","Los Estrella"
"Cibao Norte","Santiago","Puñal","Arenoso","Los González"
"Cibao Norte","Santiago","Puñal","Arenoso","Los Rodríguez"
"Cibao Norte","Santiago","Puñal","Arenoso","Tierra Blanca"
"Cibao Norte","Santiago","Puñal","La Jabilla","La Jabilla"
"Cibao Norte","Santiago","Puñal","La Jabilla","Los Cercadillos"
"Cibao Norte","Santiago","Puñal","La Jabilla","San Antonio"
"Cibao Norte","Santiago","Puñal","Matanzas","Alto de Matanzas"
"Cibao Norte","Santiago","Puñal","Matanzas","Mantanzas Afuera"
"Cibao Norte","Santiago","Puñal","Matanzas","Matanzas Adentro"
"Cibao Norte","Santiago","Puñal","Matanzas","Monte Adentro"
"Cibao Norte","Santiago","Puñal","Laguna Prieta","Laguna Prieta Abajo"
"Cibao Norte","Santiago","Puñal","Laguna Prieta","Laguna Prieta al Centro"
"Cibao Norte","Santiago","Puñal","Laguna Prieta","Laguna Prieta Arriba"
"Cibao Norte","Santiago","Puñal","Laguna Prieta","Monte Adentro"
"Cibao Norte","Santiago","Puñal","Guayabal","Guayabal"
"Cibao Norte","Santiago","Puñal","Estancia Nueva","Estancia Nueva"
"Cibao Norte","Santiago","Puñal","Estancia Nueva","Estancia Nueva Abajo"
"Cibao Norte","Santiago","Puñal","Estancia Nueva","Estancia Nueva Arriba"
"Cibao Norte","Santiago","Puñal","Estancia Nueva","La Guázara"
"Cibao Norte","Santiago","Puñal","Estancia Nueva","Mora"
"Cibao Norte","Santiago","Puñal","Palo Amarillo","El Guano"
"Cibao Norte","Santiago","Puñal","Palo Amarillo","La Angostura"
"Cibao Norte","Santiago","Puñal","Palo Amarillo","La Jagua Abajo"
"Cibao Norte","Santiago","Puñal","Palo Amarillo","Palo Amarillo"
"Cibao Norte","Santiago","Puñal","Guayabal","Guayabal Arriba"
"Cibao Norte","Santiago","Puñal","Guayabal","La Guázara"
"Cibao Norte","Santiago","Puñal","Canabacoa","Canabacoa Abajo"
"Cibao Norte","Santiago","Puñal","Canabacoa","Canabacoa"
"Cibao Norte","Santiago","Puñal","Canabacoa","La Capilla"
"Cibao Norte","Santiago","Puñal","Colorado","Colorado"
"Cibao Norte","Santiago","Puñal","Colorado","La Freiduría o Fardiquera"
"Cibao Norte","Santiago","Puñal","Colorado","Limonal Abajo"
"Cibao Norte","Santiago","Puñal","Colorado","Los Castillos"
"Cibao Norte","Santiago","Puñal","Colorado","Sabaneta de las Palomas"
"Cibao Norte","Santiago","Sabana Iglesia","Sabana Iglesia","El Típico"
"Cibao Norte","Santiago","Sabana Iglesia","Sabana Iglesia","La Arcilla"
"Cibao Norte","Santiago","Sabana Iglesia","Sabana Iglesia","La Corporación"
"Cibao Norte","Santiago","Sabana Iglesia","Sabana Iglesia","Lindo"
"Cibao Norte","Santiago","Sabana Iglesia","Sabana Iglesia","San Pedro"
"Cibao Norte","Santiago","Sabana Iglesia","Sabana Iglesia","Boca de Bao"
"Cibao Norte","Santiago","Sabana Iglesia","Sabana Iglesia","El Hoyo del Cercado"
"Cibao Norte","Santiago","Sabana Iglesia","Sabana Iglesia","La Barranca"
"Cibao Norte","Santiago","Sabana Iglesia","Sabana Iglesia","La Furnia (La Boca)"
"Cibao Norte","Santiago","Sabana Iglesia","Sabana Iglesia","La Galeta o La Goleta"
"Cibao Norte","Santiago","Sabana Iglesia","Los Ranchos","La Joya (Rincón)"
"Cibao Norte","Santiago","Sabana Iglesia","Los Ranchos","Los Ranchos de Babosico Abajo"
"Cibao Norte","Santiago","Sabana Iglesia","Los Ranchos","Los Ranchos de Babosico Arriba"
"Cibao Norte","Santiago","Sabana Iglesia","Los Ranchos","Palo Amarillo"
"Cibao Norte","Santiago","Sabana Iglesia","Los Ranchos","Rancho Abajo (Vuelta Larga)"
"Cibao Norte","Santiago","Sabana Iglesia","Los Ranchos","Sabaneta"
"Cibao Norte","Santiago","Sabana Iglesia","Los Ranchos","Terrero"
"Cibao Norte","Santiago","Sabana Iglesia","Los Ranchos","Zalaya"
"Cibao Norte","Santiago","Sabana Iglesia","La Zanja","Boca de Corral"
"Cibao Norte","Santiago","Sabana Iglesia","La Zanja","Cañaveral"
"Cibao Norte","Santiago","Sabana Iglesia","La Zanja","El Fraile"
"Cibao Norte","Santiago","Sabana Iglesia","La Zanja","Guardarraya"
"Cibao Norte","Santiago","Sabana Iglesia","La Zanja","La Caoba o Caobeta"
"Cibao Norte","Santiago","Sabana Iglesia","La Zanja","La Zanja"
"Cibao Norte","Santiago","Sabana Iglesia","La Zanja","Piedra Gorda"
"Cibao Norte","Santiago","Sabana Iglesia","La Zanja","Yerba de Culebra"
"Cibao Norte","Santiago","San José de Las Matas","San José de Las Matas","Cañada del Caimito"
"Cibao Norte","Santiago","San José de Las Matas","San José de Las Matas","Centro del Pueblo"
"Cibao Norte","Santiago","San José de Las Matas","San José de Las Matas","La Mansión"
"Cibao Norte","Santiago","San José de Las Matas","San José de Las Matas","Ojo de Agua"
"Cibao Norte","Santiago","San José de Las Matas","San José de Las Matas","Paraíso"
"Cibao Norte","Santiago","San José de Las Matas","San José de Las Matas","Paraíso de Las Matas"
"Cibao Norte","Santiago","San José de Las Matas","San José de Las Matas","Pueblo Nuevo"
"Cibao Norte","Santiago","San José de Las Matas","San José de Las Matas","Urbanización Ofelia"
"Cibao Norte","Santiago","San José de Las Matas","San José de Las Matas","Villa Duarte Abajo"
"Cibao Norte","Santiago","San José de Las Matas","San José de Las Matas","Villa Duarte Arriba"
"Cibao Norte","Santiago","San José de Las Matas","San José de Las Matas","Villa Esperanza"
"Cibao Norte","Santiago","San José de Las Matas","Inoa","Barrancón"
"Cibao Norte","Santiago","San José de Las Matas","Inoa","Bejucal"
"Cibao Norte","Santiago","San José de Las Matas","Inoa","Bernabé"
"Cibao Norte","Santiago","San José de Las Matas","Inoa","Boca de Higua"
"Cibao Norte","Santiago","San José de Las Matas","Inoa","Caobanico"
"Cibao Norte","Santiago","San José de Las Matas","Inoa","Ceja de Higüero"
"Cibao Norte","Santiago","San José de Las Matas","Inoa","El Caimito"
"Cibao Norte","Santiago","San José de Las Matas","Inoa","El Corozo"
"Cibao Norte","Santiago","San José de Las Matas","Inoa","Higua"
"Cibao Norte","Santiago","San José de Las Matas","Inoa","Inoa"
"Cibao Norte","Santiago","San José de Las Matas","Inoa","Inoa Abajo"
"Cibao Norte","Santiago","San José de Las Matas","Inoa","La Cabirma"
"Cibao Norte","Santiago","San José de Las Matas","Inoa","La Mara"
"Cibao Norte","Santiago","San José de Las Matas","Inoa","Las Brujas"
"Cibao Norte","Santiago","San José de Las Matas","Inoa","Las Yayas"
"Cibao Norte","Santiago","San José de Las Matas","Inoa","Los Arroyos"
"Cibao Norte","Santiago","San José de Las Matas","Inoa","Los Naranjos"
"Cibao Norte","Santiago","San José de Las Matas","Inoa","Los Palmaritos"
"Cibao Norte","Santiago","San José de Las Matas","Inoa","Los Payasos o Los Parayases"
"Cibao Norte","Santiago","San José de Las Matas","Inoa","Los Pinos"
"Cibao Norte","Santiago","San José de Las Matas","Inoa","Los Platanitos"
"Cibao Norte","Santiago","San José de Las Matas","Inoa","Nava"
"Cibao Norte","Santiago","San José de Las Matas","Inoa","Pinalito"
"Cibao Norte","Santiago","San José de Las Matas","Inoa","Quebrada Honda"
"Cibao Norte","Santiago","San José de Las Matas","Inoa","Vereda de Amina"
"Cibao Norte","Santiago","San José de Las Matas","Eugenio Perdomo","El Alto"
"Cibao Norte","Santiago","San José de Las Matas","Eugenio Perdomo","Guzmán"
"Cibao Norte","Santiago","San José de Las Matas","Eugenio Perdomo","Higüero"
"Cibao Norte","Santiago","San José de Las Matas","Eugenio Perdomo","La Breña"
"Cibao Norte","Santiago","San José de Las Matas","Eugenio Perdomo","La Cabuya"
"Cibao Norte","Santiago","San José de Las Matas","Eugenio Perdomo","La Guázuma"
"Cibao Norte","Santiago","San José de Las Matas","Eugenio Perdomo","Limbao"
"Cibao Norte","Santiago","San José de Las Matas","Eugenio Perdomo","Moscoso"
"Cibao Norte","Santiago","San José de Las Matas","Eugenio Perdomo","Paralimón"
"Cibao Norte","Santiago","San José de Las Matas","Eugenio Perdomo","Pavón"
"Cibao Norte","Santiago","San José de Las Matas","Eugenio Perdomo","Pedro Disla"
"Cibao Norte","Santiago","San José de Las Matas","Eugenio Perdomo","Proyecto Monción"
"Cibao Norte","Santiago","San José de Las Matas","Eugenio Perdomo","Vidal Pichardo"
"Cibao Norte","Santiago","San José de Las Matas","Mata Grande","Antonsape"
"Cibao Norte","Santiago","San José de Las Matas","Mata Grande","Arroyo Prieto"
"Cibao Norte","Santiago","San José de Las Matas","Mata Grande","El Valle"
"Cibao Norte","Santiago","San José de Las Matas","Mata Grande","Guacaritas"
"Cibao Norte","Santiago","San José de Las Matas","Mata Grande","La Mina"
"Cibao Norte","Santiago","San José de Las Matas","Mata Grande","Loma del Loro"
"Cibao Norte","Santiago","San José de Las Matas","Mata Grande","Loma Prieta"
"Cibao Norte","Santiago","San José de Las Matas","Mata Grande","Los Aposentos"
"Cibao Norte","Santiago","San José de Las Matas","Mata Grande","Los Junquitos"
"Cibao Norte","Santiago","San José de Las Matas","Mata Grande","Mata Grande"
"Cibao Norte","Santiago","San José de Las Matas","Mata Grande","Mohoso"
"Cibao Norte","Santiago","San José de Las Matas","Mata Grande","Montellano"
"Cibao Norte","Santiago","San José de Las Matas","Mata Grande","Rancho al Medio"
"Cibao Norte","Santiago","San José de Las Matas","Mata Grande","Sabaneta"
"Cibao Norte","Santiago","San José de Las Matas","Los Montones Abajo","Arroyo al Medio"
"Cibao Norte","Santiago","San José de Las Matas","Los Montones Abajo","Boca de Guázuma"
"Cibao Norte","Santiago","San José de Las Matas","Los Montones Abajo","Bohío Viejo"
"Cibao Norte","Santiago","San José de Las Matas","Los Montones Abajo","Cañada Llana"
"Cibao Norte","Santiago","San José de Las Matas","Los Montones Abajo","Capita"
"Cibao Norte","Santiago","San José de Las Matas","Los Montones Abajo","Cepito"
"Cibao Norte","Santiago","San José de Las Matas","Los Montones Abajo","Corocitos"
"Cibao Norte","Santiago","San José de Las Matas","Los Montones Abajo","Damajagua"
"Cibao Norte","Santiago","San José de Las Matas","Los Montones Abajo","Don Juan"
"Cibao Norte","Santiago","San José de Las Matas","Los Montones Abajo","El Tallado"
"Cibao Norte","Santiago","San José de Las Matas","Los Montones Abajo","La Bija"
"Cibao Norte","Santiago","San José de Las Matas","Los Montones Abajo","La Cana"
"Cibao Norte","Santiago","San José de Las Matas","Los Montones Abajo","La Ceiba"
"Cibao Norte","Santiago","San José de Las Matas","Los Montones Abajo","La Ceja"
"Cibao Norte","Santiago","San José de Las Matas","Los Montones Abajo","La Fortuna"
"Cibao Norte","Santiago","San José de Las Matas","Los Montones Abajo","La Guazarita"
"Cibao Norte","Santiago","San José de Las Matas","Los Montones Abajo","La Guázuma"
"Cibao Norte","Santiago","San José de Las Matas","Los Montones Abajo","Llano de la Cana"
"Cibao Norte","Santiago","San José de Las Matas","Los Montones Abajo","Loma Bajita"
"Cibao Norte","Santiago","San José de Las Matas","Los Montones Abajo","Loma de Jánico"
"Cibao Norte","Santiago","San José de Las Matas","Los Montones Abajo","Loma de Mara"
"Cibao Norte","Santiago","San José de Las Matas","Los Montones Abajo","Lomita de Piedras"
"Cibao Norte","Santiago","San José de Las Matas","Los Montones Abajo","Los dos Pinos"
"Cibao Norte","Santiago","San José de Las Matas","Los Montones Abajo","Los Lirios"
"Cibao Norte","Santiago","San José de Las Matas","Los Montones Abajo","Los Montones Abajo"
"Cibao Norte","Santiago","San José de Las Matas","Los Montones Abajo","Los Montones Arriba"
"Cibao Norte","Santiago","San José de Las Matas","Los Montones Abajo","Magueyal"
"Cibao Norte","Santiago","San José de Las Matas","Los Montones Abajo","Mezquino"
"Cibao Norte","Santiago","San José de Las Matas","Los Montones Abajo","Ortega"
"Cibao Norte","Santiago","San José de Las Matas","Los Montones Abajo","Piedra Gorda"
"Cibao Norte","Santiago","San José de Las Matas","Los Montones Abajo","Rancho de Copey"
"Cibao Norte","Santiago","San José de Las Matas","Los Montones Abajo","Rincón de Piedras"
"Cibao Norte","Santiago","San José de Las Matas","Los Montones Abajo","Río Arriba"
"Cibao Norte","Santiago","San José de Las Matas","Los Montones Abajo","San Bartolo"
"Cibao Norte","Santiago","San José de Las Matas","Pedregal","Arroyo Jánico"
"Cibao Norte","Santiago","San José de Las Matas","Pedregal","Botoncillo"
"Cibao Norte","Santiago","San José de Las Matas","Pedregal","Cerro Gordo"
"Cibao Norte","Santiago","San José de Las Matas","Pedregal","El Verde"
"Cibao Norte","Santiago","San José de Las Matas","Pedregal","Guajaca"
"Cibao Norte","Santiago","San José de Las Matas","Pedregal","Hoya Bellaca"
"Cibao Norte","Santiago","San José de Las Matas","Pedregal","La Ceiba"
"Cibao Norte","Santiago","San José de Las Matas","Pedregal","La Guázuma"
"Cibao Norte","Santiago","San José de Las Matas","Pedregal","Loma de la Ciénaga"
"Cibao Norte","Santiago","San José de Las Matas","Pedregal","Loma de la Vaca"
"Cibao Norte","Santiago","San José de Las Matas","Pedregal","Mejía"
"Cibao Norte","Santiago","San José de Las Matas","Pedregal","Motolón"
"Cibao Norte","Santiago","San José de Las Matas","Pedregal","Pedregal"
"Cibao Norte","Santiago","San José de Las Matas","Pedregal","Sui"
"Cibao Norte","Santiago","San José de Las Matas","Las Piedras","Aguacate"
"Cibao Norte","Santiago","San José de Las Matas","Las Piedras","Alto del Dajao"
"Cibao Norte","Santiago","San José de Las Matas","Las Piedras","Arroyo Carrizal"
"Cibao Norte","Santiago","San José de Las Matas","Las Piedras","Arroyo la Vieja"
"Cibao Norte","Santiago","San José de Las Matas","Las Piedras","Arroyo Malo o Arroyo del Dajao"
"Cibao Norte","Santiago","San José de Las Matas","Las Piedras","Arroyo Puerto"
"Cibao Norte","Santiago","San José de Las Matas","Las Piedras","Dajao Abajo"
"Cibao Norte","Santiago","San José de Las Matas","Las Piedras","El Carrizal"
"Cibao Norte","Santiago","San José de Las Matas","Las Piedras","El Dajao"
"Cibao Norte","Santiago","San José de Las Matas","Las Piedras","El Dajao de Las Piedras"
"Cibao Norte","Santiago","San José de Las Matas","Las Piedras","El Guano"
"Cibao Norte","Santiago","San José de Las Matas","Las Piedras","El Limón"
"Cibao Norte","Santiago","San José de Las Matas","Las Piedras","El Llano de las Piedras"
"Cibao Norte","Santiago","San José de Las Matas","Las Piedras","El Rodeo"
"Cibao Norte","Santiago","San José de Las Matas","Las Piedras","La Sierrecita"
"Cibao Norte","Santiago","San José de Las Matas","Las Piedras","Laguna del Dajao"
"Cibao Norte","Santiago","San José de Las Matas","Las Piedras","Las Piedras"
"Cibao Norte","Santiago","San José de Las Matas","Las Piedras","Loma de los Ríos"
"Cibao Norte","Santiago","San José de Las Matas","Las Piedras","Los Jíbaros"
"Cibao Norte","Santiago","San José de Las Matas","Las Piedras","Manaclar"
"Cibao Norte","Santiago","San José de Las Matas","Las Piedras","Palo de Burro"
"Cibao Norte","Santiago","San José de Las Matas","Las Piedras","Tierra Colorada"
"Cibao Norte","Santiago","San José de Las Matas","Yerba Buena","Arroyo Hondo"
"Cibao Norte","Santiago","San José de Las Matas","Yerba Buena","Cañada del Caimito"
"Cibao Norte","Santiago","San José de Las Matas","Yerba Buena","Carpintero"
"Cibao Norte","Santiago","San José de Las Matas","Yerba Buena","Cerro Malo"
"Cibao Norte","Santiago","San José de Las Matas","Yerba Buena","Copey"
"Cibao Norte","Santiago","San José de Las Matas","Yerba Buena","El Limpio"
"Cibao Norte","Santiago","San José de Las Matas","Yerba Buena","El Mamey"
"Cibao Norte","Santiago","San José de Las Matas","Yerba Buena","El Naranjo"
"Cibao Norte","Santiago","San José de Las Matas","Yerba Buena","Higua"
"Cibao Norte","Santiago","San José de Las Matas","Yerba Buena","Hoyo de Ramón"
"Cibao Norte","Santiago","San José de Las Matas","Yerba Buena","Inoa Arriba"
"Cibao Norte","Santiago","San José de Las Matas","Yerba Buena","Jaquey"
"Cibao Norte","Santiago","San José de Las Matas","Yerba Buena","La Peña"
"Cibao Norte","Santiago","San José de Las Matas","Yerba Buena","Llano de la Tala"
"Cibao Norte","Santiago","San José de Las Matas","Yerba Buena","Llano del Jobo"
"Cibao Norte","Santiago","San José de Las Matas","Yerba Buena","Loma al Medio"
"Cibao Norte","Santiago","San José de Las Matas","Yerba Buena","Los Cedros"
"Cibao Norte","Santiago","San José de Las Matas","Yerba Buena","Los Corrales"
"Cibao Norte","Santiago","San José de Las Matas","Yerba Buena","Los Llanos"
"Cibao Norte","Santiago","San José de Las Matas","Yerba Buena","Mariana"
"Cibao Norte","Santiago","San José de Las Matas","Yerba Buena","Quebrada Llana"
"Cibao Norte","Santiago","San José de Las Matas","Yerba Buena","Quebradita"
"Cibao Norte","Santiago","San José de Las Matas","Yerba Buena","Yerba Buena"
"Cibao Norte","Santiago","San José de Las Matas","El Rubio","El Rubio"
"Cibao Norte","Santiago","San José de Las Matas","Cañafístol","Cañafístol"
"Cibao Norte","Santiago","San José de Las Matas","Cañafístol","El Córbano"
"Cibao Norte","Santiago","San José de Las Matas","Cañafístol","Los Borno o La Vieja Mea"
"Cibao Norte","Santiago","San José de Las Matas","Cañafístol","Los Ramones o Bulla"
"Cibao Norte","Santiago","San José de Las Matas","Celestina","Bohío Viejo"
"Cibao Norte","Santiago","San José de Las Matas","Celestina","Cañada Grande"
"Cibao Norte","Santiago","San José de Las Matas","Celestina","Celestina"
"Cibao Norte","Santiago","San José de Las Matas","Celestina","Don Domingo"
"Cibao Norte","Santiago","San José de Las Matas","Celestina","El Orégano"
"Cibao Norte","Santiago","San José de Las Matas","Celestina","La Batea"
"Cibao Norte","Santiago","San José de Las Matas","Celestina","La Penda"
"Cibao Norte","Santiago","San José de Las Matas","Celestina","Las Altamisas"
"Cibao Norte","Santiago","San José de Las Matas","Celestina","Las Cuevas"
"Cibao Norte","Santiago","San José de Las Matas","Celestina","Los Cacaos"
"Cibao Norte","Santiago","San José de Las Matas","Celestina","Los Corralitos"
"Cibao Norte","Santiago","San José de Las Matas","Celestina","Los Espatiles"
"Cibao Norte","Santiago","San José de Las Matas","Celestina","Los Fogones"
"Cibao Norte","Santiago","San José de Las Matas","Celestina","Los Helechos"
"Cibao Norte","Santiago","San José de Las Matas","Celestina","Los Hoyitos"
"Cibao Norte","Santiago","San José de Las Matas","Celestina","Los Jicacos"
"Cibao Norte","Santiago","San José de Las Matas","Celestina","Sabana Abajo"
"Cibao Norte","Santiago","San José de Las Matas","Celestina","Sierrecita"
"Cibao Norte","Santiago","San José de Las Matas","Corocito","Cañada Bonita"
"Cibao Norte","Santiago","San José de Las Matas","Corocito","Corocito"
"Cibao Norte","Santiago","San José de Las Matas","Corocito","Corocito Abajo"
"Cibao Norte","Santiago","San José de Las Matas","Corocito","El Atacador"
"Cibao Norte","Santiago","San José de Las Matas","Corocito","El Polvazo"
"Cibao Norte","Santiago","San José de Las Matas","Corocito","Las Guajacas"
"Cibao Norte","Santiago","San José de Las Matas","Corocito","Las Minas"
"Cibao Norte","Santiago","San José de Las Matas","Corocito","Loma de las Canas"
"Cibao Norte","Santiago","San José de Las Matas","Corocito","Loma Llana"
"Cibao Norte","Santiago","San José de Las Matas","Corocito","Los Naranjos"
"Cibao Norte","Santiago","San José de Las Matas","Corocito","Los Ramones"
"Cibao Norte","Santiago","San José de Las Matas","Diferencia","Cerrito Pelado"
"Cibao Norte","Santiago","San José de Las Matas","Diferencia","Cerro Negro"
"Cibao Norte","Santiago","San José de Las Matas","Diferencia","Diferencia"
"Cibao Norte","Santiago","San José de Las Matas","Diferencia","El Crucero"
"Cibao Norte","Santiago","San José de Las Matas","Diferencia","El Dajao"
"Cibao Norte","Santiago","San José de Las Matas","Diferencia","Loma de Guayabo"
"Cibao Norte","Santiago","San José de Las Matas","Diferencia","Los Arroyos"
"Cibao Norte","Santiago","San José de Las Matas","Diferencia","Marilope"
"Cibao Norte","Santiago","San José de Las Matas","Diferencia","Mata de Palma"
"Cibao Norte","Santiago","San José de Las Matas","Diferencia","Monte Llano"
"Cibao Norte","Santiago","San José de Las Matas","Diferencia","Paredes Prietas"
"Cibao Norte","Santiago","San José de Las Matas","Diferencia","Paso del Ganado"
"Cibao Norte","Santiago","San José de Las Matas","Diferencia","Rancho del Cojo"
"Cibao Norte","Santiago","San José de Las Matas","Diferencia","Río los Palos"
"Cibao Norte","Santiago","San José de Las Matas","Diferencia","Sierrecita"
"Cibao Norte","Santiago","San José de Las Matas","Jicomé","Bañaderos"
"Cibao Norte","Santiago","San José de Las Matas","Jicomé","Calimetal"
"Cibao Norte","Santiago","San José de Las Matas","Jicomé","El Gallo"
"Cibao Norte","Santiago","San José de Las Matas","Jicomé","El Guayabo"
"Cibao Norte","Santiago","San José de Las Matas","Jicomé","Jicomé"
"Cibao Norte","Santiago","San José de Las Matas","Jicomé","Juan Fino"
"Cibao Norte","Santiago","San José de Las Matas","Jicomé","La Piña"
"Cibao Norte","Santiago","San José de Las Matas","Jicomé","La Sierrecita"
"Cibao Norte","Santiago","San José de Las Matas","Jicomé","Loma Bajita"
"Cibao Norte","Santiago","San José de Las Matas","Jicomé","Loma del Medio"
"Cibao Norte","Santiago","San José de Las Matas","Jicomé","Loma Vieja"
"Cibao Norte","Santiago","San José de Las Matas","Jicomé","Palero"
"Cibao Norte","Santiago","San José de Las Matas","Jicomé","Rincón de Higüero"
"Cibao Norte","Santiago","San José de Las Matas","Jicomé","Roncador"
"Cibao Norte","Santiago","San José de Las Matas","Jicomé","Sonador"
"Cibao Norte","Santiago","San José de Las Matas","Jicomé","Vallecito"
"Cibao Norte","Santiago","San José de Las Matas","Maguá","Cerro Bonito"
"Cibao Norte","Santiago","San José de Las Matas","Maguá","El Centro"
"Cibao Norte","Santiago","San José de Las Matas","Maguá","El Crucero"
"Cibao Norte","Santiago","San José de Las Matas","Maguá","El Estribo"
"Cibao Norte","Santiago","San José de Las Matas","Maguá","Hoyo de Los Corozos"
"Cibao Norte","Santiago","San José de Las Matas","Maguá","La Guaranita"
"Cibao Norte","Santiago","San José de Las Matas","Maguá","La Hoya"
"Cibao Norte","Santiago","San José de Las Matas","Maguá","La Mina"
"Cibao Norte","Santiago","San José de Las Matas","Maguá","Las Auyamas"
"Cibao Norte","Santiago","San José de Las Matas","Maguá","Los Cercadillos"
"Cibao Norte","Santiago","San José de Las Matas","Maguá","Los Limones"
"Cibao Norte","Santiago","San José de Las Matas","Maguá","Maguá Abajo"
"Cibao Norte","Santiago","San José de Las Matas","Maguá","Maguá al Medio"
"Cibao Norte","Santiago","San José de Las Matas","Maguá","Maguá Arriba"
"Cibao Norte","Santiago","San José de Las Matas","Maguá","Mata de Tuna"
"Cibao Norte","Santiago","San José de Las Matas","Maguá","Palmarito"
"Cibao Norte","Santiago","San José de Las Matas","Manacla","Cabismal"
"Cibao Norte","Santiago","San José de Las Matas","Manacla","El Manaclar"
"Cibao Norte","Santiago","San José de Las Matas","Manacla","La Navaja"
"Cibao Norte","Santiago","San José de Las Matas","Manacla","Los Malcotes"
"Cibao Norte","Santiago","San José de Las Matas","Manacla","Manacla"
"Cibao Norte","Santiago","San José de Las Matas","Manacla","Paso del Ganado"
"Cibao Norte","Santiago","San José de Las Matas","Manacla","Racho de La Cana"
"Cibao Norte","Santiago","San José de Las Matas","Mata del Dajao","Cabuya"
"Cibao Norte","Santiago","San José de Las Matas","Mata del Dajao","Cerro de la Cana"
"Cibao Norte","Santiago","San José de Las Matas","Mata del Dajao","El Anisetal"
"Cibao Norte","Santiago","San José de Las Matas","Mata del Dajao","El Cajuil"
"Cibao Norte","Santiago","San José de Las Matas","Mata del Dajao","El Dajao"
"Cibao Norte","Santiago","San José de Las Matas","Mata del Dajao","La Ceiba"
"Cibao Norte","Santiago","San José de Las Matas","Mata del Dajao","La Ciénaga"
"Cibao Norte","Santiago","San José de Las Matas","Mata del Dajao","La Guárana"
"Cibao Norte","Santiago","San José de Las Matas","Mata del Dajao","La Isleta"
"Cibao Norte","Santiago","San José de Las Matas","Mata del Dajao","Los Cacaos"
"Cibao Norte","Santiago","San José de Las Matas","Mata del Dajao","Los Mosquitos"
"Cibao Norte","Santiago","San José de Las Matas","Mata del Dajao","Mata del Dajao"
"Cibao Norte","Santiago","San José de Las Matas","Mata del Dajao","Palo Amarillo"
"Cibao Norte","Santiago","San José de Las Matas","Naranjo Bojón","Bojón"
"Cibao Norte","Santiago","San José de Las Matas","Naranjo Bojón","Caña Llana"
"Cibao Norte","Santiago","San José de Las Matas","Naranjo Bojón","Los Baos"
"Cibao Norte","Santiago","San José de Las Matas","Naranjo Bojón","Mata de Cana"
"Cibao Norte","Santiago","San José de Las Matas","Naranjo Bojón","Naranjo"
"Cibao Norte","Santiago","San José de Las Matas","Naranjo Bojón","Naranjo Abajo"
"Cibao Norte","Santiago","San José de Las Matas","Naranjo Bojón","Naranjo Bojón"
"Cibao Norte","Santiago","San José de Las Matas","Naranjo Bojón","Recodo"
"Cibao Norte","Santiago","San José de Las Matas","Naranjo Bojón","Valeonor"
"Cibao Norte","Santiago","San José de Las Matas","Pananao","Bajo del Pino"
"Cibao Norte","Santiago","San José de Las Matas","Pananao","El Córbano"
"Cibao Norte","Santiago","San José de Las Matas","Pananao","La Estrechura de la Negra"
"Cibao Norte","Santiago","San José de Las Matas","Pananao","La Potranca"
"Cibao Norte","Santiago","San José de Las Matas","Pananao","La Sábana"
"Cibao Norte","Santiago","San José de Las Matas","Pananao","La Sabaneta"
"Cibao Norte","Santiago","San José de Las Matas","Pananao","La Toza"
"Cibao Norte","Santiago","San José de Las Matas","Pananao","La Vereda"
"Cibao Norte","Santiago","San José de Las Matas","Pananao","Las Auyamas"
"Cibao Norte","Santiago","San José de Las Matas","Pananao","Los Cajuiles"
"Cibao Norte","Santiago","San José de Las Matas","Pananao","Los Rincones"
"Cibao Norte","Santiago","San José de Las Matas","Pananao","Los Sillones"
"Cibao Norte","Santiago","San José de Las Matas","Pananao","Pananao"
"Cibao Norte","Santiago","San José de Las Matas","Pananao","Pananao Abajo"
"Cibao Norte","Santiago","San José de Las Matas","Pananao","Pananao al Medio"
"Cibao Norte","Santiago","San José de Las Matas","Pananao","Pananao Arriba"
"Cibao Norte","Santiago","San José de Las Matas","El Rubio","Cabreja"
"Cibao Norte","Santiago","San José de Las Matas","El Rubio","Cuatro Esquinas"
"Cibao Norte","Santiago","San José de Las Matas","El Rubio","El Bambú"
"Cibao Norte","Santiago","San José de Las Matas","El Rubio","El Cabrejito"
"Cibao Norte","Santiago","San José de Las Matas","El Rubio","El Corralito"
"Cibao Norte","Santiago","San José de Las Matas","El Rubio","El Naranjito"
"Cibao Norte","Santiago","San José de Las Matas","El Rubio","El Pinar"
"Cibao Norte","Santiago","San José de Las Matas","El Rubio","La Culata"
"Cibao Norte","Santiago","San José de Las Matas","El Rubio","La Laguna"
"Cibao Norte","Santiago","San José de Las Matas","El Rubio","La Palmita"
"Cibao Norte","Santiago","San José de Las Matas","El Rubio","Las Guáranas"
"Cibao Norte","Santiago","San José de Las Matas","El Rubio","Los Guayuyos"
"Cibao Norte","Santiago","San José de Las Matas","El Rubio","Los Higos Gordos"
"Cibao Norte","Santiago","San José de Las Matas","El Rubio","Los Hornilos"
"Cibao Norte","Santiago","San José de Las Matas","El Rubio","Rincón Llano"
"Cibao Norte","Santiago","San José de Las Matas","El Rubio","Rubio Adentro"
"Cibao Norte","Santiago","San José de Las Matas","La Cuesta","El Cruce"
"Cibao Norte","Santiago","San José de Las Matas","La Cuesta","Guaralbana o Guanalbana"
"Cibao Norte","Santiago","San José de Las Matas","La Cuesta","Hipólito Peralta"
"Cibao Norte","Santiago","San José de Las Matas","La Cuesta","La Cuesta"
"Cibao Norte","Santiago","San José de Las Matas","Jaiqui Picado","Albanita o La Boca de Albanita"
"Cibao Norte","Santiago","San José de Las Matas","Jaiqui Picado","Arroyo Hondo"
"Cibao Norte","Santiago","San José de Las Matas","Jaiqui Picado","El Corozo"
"Cibao Norte","Santiago","San José de Las Matas","Jaiqui Picado","Jaiqui Picao Abajo (Ají Picao Abajo)"
"Cibao Norte","Santiago","San José de Las Matas","Jaiqui Picado","Jaiqui Picao Arriba (Ají Picao Arriba)"
"Cibao Norte","Santiago","San José de Las Matas","Jaiqui Picado","Los Rancheros"
"Cibao Norte","Santiago","San José de Las Matas","Jaiqui Picado","Pozo Colorado (Hoyito San Lorenzo)"
"Cibao Norte","Santiago","San José de Las Matas","Eugenio Perdomo","Albana"
"Cibao Norte","Santiago","San José de Las Matas","Eugenio Perdomo","Eugenio Perdomo"
"Cibao Norte","Santiago","San José de Las Matas","Eugenio Perdomo","La Cueva"
"Cibao Norte","Santiago","San José de Las Matas","Eugenio Perdomo","La Guanita"
"Cibao Norte","Santiago","San José de Las Matas","Eugenio Perdomo","La Tuna"
"Cibao Norte","Santiago","San José de Las Matas","Eugenio Perdomo","Lo Melmonto"
"Cibao Norte","Santiago","San José de Las Matas","Eugenio Perdomo","Loma Albanita"
"Cibao Norte","Santiago","San José de Las Matas","Eugenio Perdomo","Pared Limpia"
"Cibao Norte","Santiago","San José de Las Matas","Eugenio Perdomo","Sabaneta"
"Cibao Norte","Santiago","San José de Las Matas","Guama","El Chorrerón"
"Cibao Norte","Santiago","San José de Las Matas","Guama","El Molino"
"Cibao Norte","Santiago","San José de Las Matas","Guama","Guama Arriba o La Guama"
"Cibao Norte","Santiago","San José de Las Matas","Guama","Guamita o Guama Abajo"
"Cibao Norte","Santiago","San José de Las Matas","Guama","Hoya Bellaca"
"Cibao Norte","Santiago","San José de Las Matas","Guama","La Chorrera"
"Cibao Norte","Santiago","San José de Las Matas","Guama","Loma Sucia"
"Cibao Norte","Santiago","San José de Las Matas","Guama","Lorenzo"
"Cibao Norte","Santiago","San José de Las Matas","Guama","Los Calabozos o La Calabaza"
"Cibao Norte","Santiago","San José de Las Matas","Guama","Los Ciruelos"
"Cibao Norte","Santiago","San José de Las Matas","Loma de los Palos","Las Auyamas"
"Cibao Norte","Santiago","San José de Las Matas","Loma de los Palos","Loma de los Palos"
"Cibao Norte","Santiago","San José de Las Matas","Loma de los Palos","Loma del Toro"
"Cibao Norte","Santiago","San José de Las Matas","Loma de los Palos","Pueblo Nuevo"
"Cibao Norte","Santiago","San José de Las Matas","Loma de los Palos","Sierra del Guano"
"Cibao Norte","Santiago","San José de Las Matas","Loma Quemada","El Limpio"
"Cibao Norte","Santiago","San José de Las Matas","Loma Quemada","Loma Quemada"
"Cibao Norte","Santiago","San José de Las Matas","Loma Quemada","Los Ciruelos"
"Cibao Norte","Santiago","San José de Las Matas","Cuesta Abajo","Aciba"
"Cibao Norte","Santiago","San José de Las Matas","Cuesta Abajo","Anayo"
"Cibao Norte","Santiago","San José de Las Matas","Cuesta Abajo","Caimonal"
"Cibao Norte","Santiago","San José de Las Matas","Cuesta Abajo","Cañada de la Tabla"
"Cibao Norte","Santiago","San José de Las Matas","Cuesta Abajo","Cañete"
"Cibao Norte","Santiago","San José de Las Matas","Cuesta Abajo","Cuesta Arriba"
"Cibao Norte","Santiago","San José de Las Matas","Cuesta Abajo","Cueto"
"Cibao Norte","Santiago","San José de Las Matas","Cuesta Abajo","El Pinal"
"Cibao Norte","Santiago","San José de Las Matas","Cuesta Abajo","Gurabo"
"Cibao Norte","Santiago","San José de Las Matas","Cuesta Abajo","La Anacahuíta"
"Cibao Norte","Santiago","San José de Las Matas","Cuesta Abajo","La Bozúa"
"Cibao Norte","Santiago","San José de Las Matas","Cuesta Abajo","La Sierrecita"
"Cibao Norte","Santiago","San José de Las Matas","Cuesta Abajo","Loma Amarilla"
"Cibao Norte","Santiago","San José de Las Matas","Cuesta Abajo","Loma del Pinal"
"Cibao Norte","Santiago","San José de Las Matas","Cuesta Abajo","Loma del Viento"
"Cibao Norte","Santiago","San José de Las Matas","Cuesta Abajo","Los Paleros"
"Cibao Norte","Santiago","San José de Las Matas","Cuesta Abajo","Los Positos"
"Cibao Norte","Santiago","San José de Las Matas","Cuesta Abajo","Ojo de Agua"
"Cibao Norte","Santiago","San José de Las Matas","Las Placetas","Las Placetas"
"Cibao Norte","Santiago","San José de Las Matas","Damajagua","Bohío Viejo"
"Cibao Norte","Santiago","San José de Las Matas","Damajagua","Damajagua"
"Cibao Norte","Santiago","San José de Las Matas","Damajagua","Damajagua Adentro"
"Cibao Norte","Santiago","San José de Las Matas","Damajagua","Guayabales"
"Cibao Norte","Santiago","San José de Las Matas","Damajagua","La Bija"
"Cibao Norte","Santiago","San José de Las Matas","Damajagua","La Cabirma"
"Cibao Norte","Santiago","San José de Las Matas","Damajagua","La Jagua"
"Cibao Norte","Santiago","San José de Las Matas","Damajagua","Las Carreras"
"Cibao Norte","Santiago","San José de Las Matas","Damajagua","Los Corrales"
"Cibao Norte","Santiago","San José de Las Matas","Damajagua","Manaclar"
"Cibao Norte","Santiago","San José de Las Matas","Damajagua","Palero"
"Cibao Norte","Santiago","San José de Las Matas","Damajagua","Palmarito"
"Cibao Norte","Santiago","San José de Las Matas","Damajagua","Rincón Largo"
"Cibao Norte","Santiago","San José de Las Matas","Damajagua","Río Arriba"
"Cibao Norte","Santiago","San José de Las Matas","Los Limones","Arroyo Hondo"
"Cibao Norte","Santiago","San José de Las Matas","Los Limones","Las Placetas al Medio"
"Cibao Norte","Santiago","San José de Las Matas","Los Limones","Las Placetas Arriba"
"Cibao Norte","Santiago","San José de Las Matas","Los Limones","Loma El Colorado"
"Cibao Norte","Santiago","San José de Las Matas","Los Limones","Los Limones"
"Cibao Norte","Santiago","San José de Las Matas","Los Limones","Piedra Partida"
"Cibao Norte","Santiago","San José de Las Matas","Los Limones","Rincón del Junco"
"Cibao Norte","Santiago","San José de Las Matas","Jamamú","Calimetal"
"Cibao Norte","Santiago","San José de Las Matas","Jamamú","Cercadillo"
"Cibao Norte","Santiago","San José de Las Matas","Jamamú","Jamamú"
"Cibao Norte","Santiago","San José de Las Matas","Jamamú","Jamamucito"
"Cibao Norte","Santiago","San José de Las Matas","Las Lagunas","Donajá"
"Cibao Norte","Santiago","San José de Las Matas","Las Lagunas","Laguna Arriba"
"Cibao Norte","Santiago","San José de Las Matas","Las Lagunas","Las Lagunas"
"Cibao Norte","Santiago","San José de Las Matas","Las Lagunas","Loma los Ríos"
"Cibao Norte","Santiago","San José de Las Matas","Las Lagunas","Parte Bellaca"
"Cibao Norte","Santiago","San José de Las Matas","Las Lagunas","Ranchito Postrero"
"Cibao Norte","Santiago","Santiago","Santiago de los Caballeros","Altos de Rafey"
"Cibao Norte","Santiago","Santiago","Santiago de los Caballeros","Altos de Vireya"
"Cibao Norte","Santiago","Santiago","Santiago de los Caballeros","Arboleda"
"Cibao Norte","Santiago","Santiago","Santiago de los Caballeros","Área Monumental"
"Cibao Norte","Santiago","Santiago","Santiago de los Caballeros","Arroyo Hondo Abajo"
"Cibao Norte","Santiago","Santiago","Santiago de los Caballeros","Arroyo Hondo Arriba"
"Cibao Norte","Santiago","Santiago","Santiago de los Caballeros","Baracoa"
"Cibao Norte","Santiago","Santiago","Santiago de los Caballeros","Bella Vista"
"Cibao Norte","Santiago","Santiago","Santiago de los Caballeros","Buena Vista"
"Cibao Norte","Santiago","Santiago","Santiago de los Caballeros","Buenos Aires"
"Cibao Norte","Santiago","Santiago","Santiago de los Caballeros","Centro de la Ciudad"
"Cibao Norte","Santiago","Santiago","Santiago de los Caballeros","El Dorado"
"Cibao Norte","Santiago","Santiago","Santiago de los Caballeros","El Ensueño"
"Cibao Norte","Santiago","Santiago","Santiago de los Caballeros","Ensanche Bermúdez"
"Cibao Norte","Santiago","Santiago","Santiago de los Caballeros","Ensanche Bolívar"
"Cibao Norte","Santiago","Santiago","Santiago de los Caballeros","Ensanche Libertad"
"Cibao Norte","Santiago","Santiago","Santiago de los Caballeros","Espaillat"
"Cibao Norte","Santiago","Santiago","Santiago de los Caballeros","Gregorio Luperón"
"Cibao Norte","Santiago","Santiago","Santiago de los Caballeros","Gurabo"
"Cibao Norte","Santiago","Santiago","Santiago de los Caballeros","Hato Mayor"
"Cibao Norte","Santiago","Santiago","Santiago de los Caballeros","Hoya del Caimito"
"Cibao Norte","Santiago","Santiago","Santiago de los Caballeros","Jardines del Este"
"Cibao Norte","Santiago","Santiago","Santiago de los Caballeros","La Barranquita"
"Cibao Norte","Santiago","Santiago","Santiago de los Caballeros","La Fardiquera"
"Cibao Norte","Santiago","Santiago","Santiago de los Caballeros","La Herradura"
"Cibao Norte","Santiago","Santiago","Santiago de los Caballeros","La Joya"
"Cibao Norte","Santiago","Santiago","Santiago de los Caballeros","La Otra Banda"
"Cibao Norte","Santiago","Santiago","Santiago de los Caballeros","La Terraza"
"Cibao Norte","Santiago","Santiago","Santiago de los Caballeros","La Trinitaria"
"Cibao Norte","Santiago","Santiago","Santiago de los Caballeros","La Yagüita de Pastor"
"Cibao Norte","Santiago","Santiago","Santiago de los Caballeros","La Zurza"
"Cibao Norte","Santiago","Santiago","Santiago de los Caballeros","Las Antillas"
"Cibao Norte","Santiago","Santiago","Santiago de los Caballeros","Las Colinas"
"Cibao Norte","Santiago","Santiago","Santiago de los Caballeros","Los Álamos"
"Cibao Norte","Santiago","Santiago","Santiago de los Caballeros","Los Cerros de Gurabo"
"Cibao Norte","Santiago","Santiago","Santiago de los Caballeros","Los Ciruelitos"
"Cibao Norte","Santiago","Santiago","Santiago de los Caballeros","Los Jardines Metropolitanos"
"Cibao Norte","Santiago","Santiago","Santiago de los Caballeros","Los Jazmines"
"Cibao Norte","Santiago","Santiago","Santiago de los Caballeros","Los Morán"
"Cibao Norte","Santiago","Santiago","Santiago de los Caballeros","Los Rieles"
"Cibao Norte","Santiago","Santiago","Santiago de los Caballeros","Los Salados"
"Cibao Norte","Santiago","Santiago","Santiago de los Caballeros","Los Santos"
"Cibao Norte","Santiago","Santiago","Santiago de los Caballeros","Mejoramiento Social"
"Cibao Norte","Santiago","Santiago","Santiago de los Caballeros","Nibaje"
"Cibao Norte","Santiago","Santiago","Santiago de los Caballeros","Parque Metropolitano de Santiago"
"Cibao Norte","Santiago","Santiago","Santiago de los Caballeros","Pekín"
"Cibao Norte","Santiago","Santiago","Santiago de los Caballeros","Peralta"
"Cibao Norte","Santiago","Santiago","Santiago de los Caballeros","Pontezuela al Medio"
"Cibao Norte","Santiago","Santiago","Santiago de los Caballeros","Pueblo Nuevo"
"Cibao Norte","Santiago","Santiago","Santiago de los Caballeros","Reparto Consuelo"
"Cibao Norte","Santiago","Santiago","Santiago de los Caballeros","Reparto del Este"
"Cibao Norte","Santiago","Santiago","Santiago de los Caballeros","Reparto Universitario"
"Cibao Norte","Santiago","Santiago","Santiago de los Caballeros","Rincón Largo"
"Cibao Norte","Santiago","Santiago","Santiago de los Caballeros","Urbanización Henríquez"
"Cibao Norte","Santiago","Santiago","Santiago de los Caballeros","Urbanización los Reyes"
"Cibao Norte","Santiago","Santiago","Santiago de los Caballeros","Villa Olga"
"Cibao Norte","Santiago","Santiago","Santiago de los Caballeros","Villa Olímpica"
"Cibao Norte","Santiago","Santiago","Santiago de los Caballeros","Zona Industrial"
"Cibao Norte","Santiago","Santiago","El Ingenio Abajo","Callejón de los Sánchez"
"Cibao Norte","Santiago","Santiago","El Ingenio Abajo","Los Campeches"
"Cibao Norte","Santiago","Santiago","El Papayo","El Papayo"
"Cibao Norte","Santiago","Santiago","El Papayo","La Noriega"
"Cibao Norte","Santiago","Santiago","El Papayo","Quebrada Honda"
"Cibao Norte","Santiago","Santiago","Gurabo Abajo","La Chichigua"
"Cibao Norte","Santiago","Santiago","La Herradura","La Herradura Abajo"
"Cibao Norte","Santiago","Santiago","La Herradura","La Herradura Arriba"
"Cibao Norte","Santiago","Santiago","La Herradura","Los Naranjos"
"Cibao Norte","Santiago","Santiago","Las Charcas","La Cruz"
"Cibao Norte","Santiago","Santiago","Las Charcas","Las Charcas"
"Cibao Norte","Santiago","Santiago","Las Charcas","Las Charcas Abajo"
"Cibao Norte","Santiago","Santiago","Monte Adentro Abajo","Don Pedro Abajo"
"Cibao Norte","Santiago","Santiago","Monte Adentro Abajo","Don Pedro Arriba (Monte Peña)"
"Cibao Norte","Santiago","Santiago","Monte Adentro Abajo","Kilómetro 4 1/2 (Antiguo Kilómetro 6)"
"Cibao Norte","Santiago","Santiago","Monte Adentro Abajo","Kilómetro 5 1/2 (Antiguo Kilómetro 6 1/2)"
"Cibao Norte","Santiago","Santiago","Monte Adentro Abajo","Kilómetro 6 1/2 (Antiguo Kilómetro 7)"
"Cibao Norte","Santiago","Santiago","Monte Adentro Abajo","Los Cirises"
"Cibao Norte","Santiago","Santiago","Monte Adentro Abajo","Monte Adentro Abajo o Las Aromas"
"Cibao Norte","Santiago","Santiago","Monte Adentro Abajo","Pontezuela Abajo"
"Cibao Norte","Santiago","Santiago","Palo Quemado","Bellaco"
"Cibao Norte","Santiago","Santiago","Palo Quemado","Cuesta de Piedra"
"Cibao Norte","Santiago","Santiago","Palo Quemado","El Arroyo"
"Cibao Norte","Santiago","Santiago","Palo Quemado","El Arroyo Arriba"
"Cibao Norte","Santiago","Santiago","Palo Quemado","El Caimito"
"Cibao Norte","Santiago","Santiago","Palo Quemado","El Meso"
"Cibao Norte","Santiago","Santiago","Palo Quemado","Kilómetro 11"
"Cibao Norte","Santiago","Santiago","Palo Quemado","La Cumbre"
"Cibao Norte","Santiago","Santiago","Palo Quemado","La Guama"
"Cibao Norte","Santiago","Santiago","Palo Quemado","La Jabilla"
"Cibao Norte","Santiago","Santiago","Palo Quemado","Los Higos"
"Cibao Norte","Santiago","Santiago","Palo Quemado","Palma Limpia"
"Cibao Norte","Santiago","Santiago","Palo Quemado","Palo Quemado"
"Cibao Norte","Santiago","Santiago","Palo Quemado","Puerto Rico"
"Cibao Norte","Santiago","Santiago","Palo Quemado","Pulido"
"Cibao Norte","Santiago","Santiago","Palo Quemado","Rancho Viejo"
"Cibao Norte","Santiago","Santiago","Palo Quemado","Río Arriba"
"Cibao Norte","Santiago","Santiago","Pontezuela al Medio","Pontezuela Arriba"
"Cibao Norte","Santiago","Santiago","Pedro García","Centro del Pueblo"
"Cibao Norte","Santiago","Santiago","Pedro García","El Play"
"Cibao Norte","Santiago","Santiago","Pedro García","La Altagracia"
"Cibao Norte","Santiago","Santiago","Pedro García","Las Mercedes"
"Cibao Norte","Santiago","Santiago","La Auyama","Alto de Cedro"
"Cibao Norte","Santiago","Santiago","La Auyama","Alto Gordo"
"Cibao Norte","Santiago","Santiago","La Auyama","Arroyo Ancho"
"Cibao Norte","Santiago","Santiago","La Auyama","Arroyo Prieto"
"Cibao Norte","Santiago","Santiago","La Auyama","Cayas Quemadas"
"Cibao Norte","Santiago","Santiago","La Auyama","El Congo"
"Cibao Norte","Santiago","Santiago","La Auyama","El Coral"
"Cibao Norte","Santiago","Santiago","La Auyama","El Hoyazo"
"Cibao Norte","Santiago","Santiago","La Auyama","El Maizal"
"Cibao Norte","Santiago","Santiago","La Auyama","El Piñón"
"Cibao Norte","Santiago","Santiago","La Auyama","El Puerto"
"Cibao Norte","Santiago","Santiago","La Auyama","El Ribón"
"Cibao Norte","Santiago","Santiago","La Auyama","La Canasta"
"Cibao Norte","Santiago","Santiago","La Auyama","La Catalina"
"Cibao Norte","Santiago","Santiago","La Auyama","La Finca"
"Cibao Norte","Santiago","Santiago","La Auyama","La Guama"
"Cibao Norte","Santiago","Santiago","La Auyama","La Guamita"
"Cibao Norte","Santiago","Santiago","La Auyama","La Guázara"
"Cibao Norte","Santiago","Santiago","La Auyama","La Yallita"
"Cibao Norte","Santiago","Santiago","La Auyama","Las Auyamas"
"Cibao Norte","Santiago","Santiago","La Auyama","Las Caobas"
"Cibao Norte","Santiago","Santiago","La Auyama","Las Cayas"
"Cibao Norte","Santiago","Santiago","La Auyama","Lomas Frías"
"Cibao Norte","Santiago","Santiago","La Auyama","Los Bueyes"
"Cibao Norte","Santiago","Santiago","La Auyama","Los Lirios"
"Cibao Norte","Santiago","Santiago","La Auyama","Los Mates"
"Cibao Norte","Santiago","Santiago","La Auyama","Los Naranjos"
"Cibao Norte","Santiago","Santiago","La Auyama","Los Ramones"
"Cibao Norte","Santiago","Santiago","La Auyama","Los Rincones"
"Cibao Norte","Santiago","Santiago","La Auyama","Piedras Azules Abajo"
"Cibao Norte","Santiago","Santiago","La Auyama","Piedras Azules Arriba"
"Cibao Norte","Santiago","Santiago","La Canela","Canela Abajo"
"Cibao Norte","Santiago","Santiago","La Canela","Canela Arriba o Centro del Pueblo"
"Cibao Norte","Santiago","Santiago","La Canela","Nuevo"
"Cibao Norte","Santiago","Santiago","Hatillo San Lorenzo","Baitoa Clara"
"Cibao Norte","Santiago","Santiago","Hatillo San Lorenzo","Capilla"
"Cibao Norte","Santiago","Santiago","Hatillo San Lorenzo","El Túnel"
"Cibao Norte","Santiago","Santiago","Hatillo San Lorenzo","Hatillo San Lorenzo"
"Cibao Norte","Santiago","Santiago","Hatillo San Lorenzo","Los Cerritos"
"Cibao Norte","Santiago","Santiago","Hatillo San Lorenzo","Piedra Grande o Gorda"
"Cibao Norte","Santiago","Santiago","Hatillo San Lorenzo","Platanal Abajo"
"Cibao Norte","Santiago","Santiago","Hatillo San Lorenzo","Platanal Adentro"
"Cibao Norte","Santiago","Santiago","Hatillo San Lorenzo","Platanal Afuera o Arriba"
"Cibao Norte","Santiago","Santiago","Hatillo San Lorenzo","Platanal La Joya"
"Cibao Norte","Santiago","Santiago","Sabana Grande de Batey I","Cuesta Arena"
"Cibao Norte","Santiago","Santiago","Sabana Grande de Batey I","Los Almácigos"
"Cibao Norte","Santiago","Santiago","Sabana Grande de Batey I","Sabana Grande de Batey I"
"Cibao Norte","Santiago","Santiago","San Francisco de Jacagua","Los Cocos o San Francisco Abajo"
"Cibao Norte","Santiago","Santiago","San Francisco de Jacagua","Palmarito"
"Cibao Norte","Santiago","Santiago","San Francisco de Jacagua","Quinigua"
"Cibao Norte","Santiago","Santiago","San Francisco de Jacagua","San Francisco Arriba"
"Cibao Norte","Santiago","Santiago","Jacagua Adentro","Auqueyes"
"Cibao Norte","Santiago","Santiago","Jacagua Adentro","El Buzo"
"Cibao Norte","Santiago","Santiago","Jacagua Adentro","El Níspero"
"Cibao Norte","Santiago","Santiago","Jacagua Adentro","El Play"
"Cibao Norte","Santiago","Santiago","Jacagua Adentro","Jacagua Adentro"
"Cibao Norte","Santiago","Santiago","Jacagua Adentro","La Búcara"
"Cibao Norte","Santiago","Santiago","Jacagua Adentro","La Tinaja"
"Cibao Norte","Santiago","Santiago","Jacagua Adentro","Loma de Agua Honda"
"Cibao Norte","Santiago","Santiago","Jacagua al Medio","Jacagua Abajo"
"Cibao Norte","Santiago","Santiago","Jacagua al Medio","Jacagua al Medio"
"Cibao Norte","Santiago","Santiago","Jacagua al Medio","La Playa"
"Cibao Norte","Santiago","Santiago","La Ciénaga","La Ciénaga"
"Cibao Norte","Santiago","Santiago","La Ciénaga","Los Tocones"
"Cibao Norte","Santiago","Santiago","El Ranchito Piche","Cuesta de Quinigua"
"Cibao Norte","Santiago","Santiago","El Ranchito Piche","El Ranchito"
"Cibao Norte","Santiago","Santiago","El Ranchito Piche","La Guazumita"
"Cibao Norte","Santiago","Santiago","El Ranchito Piche","La Hondura"
"Cibao Norte","Santiago","Santiago","El Ranchito Piche","Loma de Sabana"
"Cibao Norte","Santiago","Santiago","El Ranchito Piche","Los Manantiales"
"Cibao Norte","Santiago","Santiago","El Ranchito Piche","Piche"
"Cibao Norte","Santiago","Santiago","Las Tres Cruces","El Buzo"
"Cibao Norte","Santiago","Santiago","Las Tres Cruces","Jacagua"
"Cibao Norte","Santiago","Santiago","Las Tres Cruces","Jacagua Arriba"
"Cibao Norte","Santiago","Santiago","Las Tres Cruces","La Furnia"
"Cibao Norte","Santiago","Santiago","Las Tres Cruces","Las Tres Cruces"
"Cibao Norte","Santiago","Santiago","Las Tres Cruces","Monte Adentro"
"Cibao Norte","Santiago","Santiago","Las Tres Cruces","Palmarito"
"Cibao Norte","Santiago","Santiago","Las Tres Cruces","Quinigua"
"Cibao Norte","Santiago","Santiago","El Aguacate","El Aguacate de Jacagua"
"Cibao Norte","Santiago","Santiago","El Aguacate","La Calabacita"
"Cibao Norte","Santiago","Santiago","Palo Alto","Palo Alto"
"Cibao Norte","Santiago","Santiago","Los Guineos","Los Guineos"
"Cibao Norte","Santiago","Santiago","Los Guineos","Palmar Arriba"
"Cibao Norte","Santiago","Santiago","La Delgada","La Delgada"
"Cibao Norte","Santiago","Santiago","La Delgada","La Delgada Arriba"
"Cibao Norte","Santiago","Santiago","Salamanca","El Alto del Jamo"
"Cibao Norte","Santiago","Santiago","Salamanca","Los Arroyos de Salamanca"
"Cibao Norte","Santiago","Santiago","Salamanca","Salamanca"
"Cibao Norte","Santiago","Santiago","Hato del Yaque","El Portón"
"Cibao Norte","Santiago","Santiago","Hato del Yaque","El Tamarindo"
"Cibao Norte","Santiago","Santiago","Hato del Yaque","Ensanche Hermanas Mirabal"
"Cibao Norte","Santiago","Santiago","Hato del Yaque","La Mina"
"Cibao Norte","Santiago","Santiago","Hato del Yaque","La Paz"
"Cibao Norte","Santiago","Santiago","Hato del Yaque","La Rinconada"
"Cibao Norte","Santiago","Santiago","Hato del Yaque","Los Jiménez"
"Cibao Norte","Santiago","Santiago","Hato del Yaque","Mateo Pelón"
"Cibao Norte","Santiago","Santiago","Hato del Yaque","Monseñor Eliseo Pérez"
"Cibao Norte","Santiago","Santiago","Hato del Yaque","Praderas del Yaque"
"Cibao Norte","Santiago","Santiago","Hato del Yaque","San Antonio"
"Cibao Norte","Santiago","Santiago","Hato del Yaque","Urbanización Grullón"
"Cibao Norte","Santiago","Santiago","Hato del Yaque","Villa Fátima"
"Cibao Norte","Santiago","Santiago","Hato del Yaque","Villa Progreso"
"Cibao Norte","Santiago","Santiago","Hato del Yaque","Hato del Yaque Abajo"
"Cibao Norte","Santiago","Santiago","Hato del Yaque","San Antonio"
"Cibao Norte","Santiago","Santiago","Hato del Yaque","Villa Tabacalera"
"Cibao Norte","Santiago","Santiago","Villa Bao","Villa Bao Abajo"
"Cibao Norte","Santiago","Santiago","Villa Bao","Villa Bao Arriba"
"Cibao Norte","Santiago","Santiago","El Flúmer","Barceló"
"Cibao Norte","Santiago","Santiago","El Flúmer","El Flúmer"
"Cibao Norte","Santiago","Santiago","El Flúmer","El Muro"
"Cibao Norte","Santiago","Santiago","Guayacanal","El Salao"
"Cibao Norte","Santiago","Santiago","Guayacanal","Finca de Aciba"
"Cibao Norte","Santiago","Santiago","Guayacanal","Guayacanal"
"Cibao Norte","Santiago","Santiago","Santiago Oeste","Cienfuegos Central"
"Cibao Norte","Santiago","Santiago","Santiago Oeste","Monte Rico"
"Cibao Norte","Santiago","Santiago","Parada 7","El Ingenio Abajo"
"Cibao Norte","Santiago","Santiago","Parada 7","El Ingenio Arriba"
"Cibao Norte","Santiago","Santiago","Parada 7","El Progreso (Villa Progreso)"
"Cibao Norte","Santiago","Santiago","Parada 7","La Cacata"
"Cibao Norte","Santiago","Santiago","Parada 7","La Emboscada"
"Cibao Norte","Santiago","Santiago","Parada 7","Mejía"
"Cibao Norte","Santiago","Santiago","Parada 7","Parada 7"
"Cibao Norte","Santiago","Santiago","Parada 7","San Miguel"
"Cibao Norte","Santiago","Tamboril","Tamboril","Boca de Licey"
"Cibao Norte","Santiago","Tamboril","Tamboril","Buenos Aires Maizal"
"Cibao Norte","Santiago","Tamboril","Tamboril","Carlos Díaz (Alfonso de Jesús )"
"Cibao Norte","Santiago","Tamboril","Tamboril","Centro del Pueblo"
"Cibao Norte","Santiago","Tamboril","Tamboril","Don Manuel"
"Cibao Norte","Santiago","Tamboril","Tamboril","Haina (El Coquito)"
"Cibao Norte","Santiago","Tamboril","Tamboril","Hico Martínez"
"Cibao Norte","Santiago","Tamboril","Tamboril","La Cacata"
"Cibao Norte","Santiago","Tamboril","Tamboril","La Ermita de Tamboril"
"Cibao Norte","Santiago","Tamboril","Tamboril","Los Polanco"
"Cibao Norte","Santiago","Tamboril","Tamboril","Los Recio"
"Cibao Norte","Santiago","Tamboril","Tamboril","Manolo Dájer"
"Cibao Norte","Santiago","Tamboril","Tamboril","Moncada"
"Cibao Norte","Santiago","Tamboril","Tamboril","Valentín"
"Cibao Norte","Santiago","Tamboril","Tamboril","Vista Alegre"
"Cibao Norte","Santiago","Tamboril","Tamboril","Vista del Valle"
"Cibao Norte","Santiago","Tamboril","Boca de Maizal","Boca de Maizal"
"Cibao Norte","Santiago","Tamboril","Boca de Maizal","El Caño"
"Cibao Norte","Santiago","Tamboril","Boca de Maizal","El Molino"
"Cibao Norte","Santiago","Tamboril","Boca de Maizal","Guazumal Abajo"
"Cibao Norte","Santiago","Tamboril","Boca de Maizal","Haina"
"Cibao Norte","Santiago","Tamboril","Boca de Maizal","Maizal"
"Cibao Norte","Santiago","Tamboril","Boca de Maizal","Niño de Antorcha"
"Cibao Norte","Santiago","Tamboril","Boca de Maizal","Ojo de Agua"
"Cibao Norte","Santiago","Tamboril","Guazumal Arriba","Canturria Abajo"
"Cibao Norte","Santiago","Tamboril","Guazumal Arriba","El Caño"
"Cibao Norte","Santiago","Tamboril","Guazumal Arriba","El Coco"
"Cibao Norte","Santiago","Tamboril","Guazumal Arriba","Guazumal Arriba"
"Cibao Norte","Santiago","Tamboril","Guazumal Arriba","Guazumal Licey (Guazumal Abajo)"
"Cibao Norte","Santiago","Tamboril","Guazumal Arriba","Gurabo"
"Cibao Norte","Santiago","Tamboril","Guazumal Arriba","La China"
"Cibao Norte","Santiago","Tamboril","Guazumal Arriba","Los Leones"
"Cibao Norte","Santiago","Tamboril","Guazumal Arriba","Los Rieles"
"Cibao Norte","Santiago","Tamboril","Las Bocas del Licey","Arroyo las Bellacas"
"Cibao Norte","Santiago","Tamboril","Las Bocas del Licey","Boca de Licey"
"Cibao Norte","Santiago","Tamboril","Las Bocas del Licey","La Sabana"
"Cibao Norte","Santiago","Tamboril","Las Bocas del Licey","Los Cacaos"
"Cibao Norte","Santiago","Tamboril","Las Bocas del Licey","Los Guineos"
"Cibao Norte","Santiago","Tamboril","Las Bocas del Licey","Los Liceyes"
"Cibao Norte","Santiago","Tamboril","Las Bocas del Licey","Miguel Sánchez"
"Cibao Norte","Santiago","Tamboril","Licey al Medio","Kilómetro 1"
"Cibao Norte","Santiago","Tamboril","Licey al Medio","Licey al Medio"
"Cibao Norte","Santiago","Tamboril","Licey al Medio","Los Marcano"
"Cibao Norte","Santiago","Tamboril","Licey al Medio","Los Santana"
"Cibao Norte","Santiago","Tamboril","Pontezuela","Don Pedro Abajo"
"Cibao Norte","Santiago","Tamboril","Pontezuela","Don Pedro Arriba Licey"
"Cibao Norte","Santiago","Tamboril","Pontezuela","Pontezuela"
"Cibao Norte","Santiago","Tamboril","Pontezuela","Pontezuela Arriba"
"Cibao Norte","Santiago","Tamboril","Canca La Piedra","Arenoso"
"Cibao Norte","Santiago","Tamboril","Canca La Piedra","La Hoya"
"Cibao Norte","Santiago","Tamboril","Canca La Piedra","La Piedra"
"Cibao Norte","Santiago","Tamboril","Canca La Piedra","Los Rieles"
"Cibao Norte","Santiago","Tamboril","Canca La Piedra","Pueblo Nuevo"
"Cibao Norte","Santiago","Tamboril","Canca Abajo","Canca Abajo"
"Cibao Norte","Santiago","Tamboril","Canca Abajo","El Molino"
"Cibao Norte","Santiago","Tamboril","Canca Abajo","El Palmar"
"Cibao Norte","Santiago","Tamboril","Canca Abajo","Juan Antonio Alix"
"Cibao Norte","Santiago","Tamboril","Los Amaceyes Arriba","Amaceyes Abajo"
"Cibao Norte","Santiago","Tamboril","Los Amaceyes Arriba","Amaceyes Arriba"
"Cibao Norte","Santiago","Tamboril","Los Amaceyes Arriba","El Alto"
"Cibao Norte","Santiago","Tamboril","Los Amaceyes Arriba","La Boca del Sonador"
"Cibao Norte","Santiago","Tamboril","Los Amaceyes Arriba","La Lomita"
"Cibao Norte","Santiago","Tamboril","Los Amaceyes Arriba","Palma Picada de Los Amaceyes"
"Cibao Norte","Santiago","Tamboril","Carlos Díaz","Guatemala"
"Cibao Norte","Santiago","Tamboril","Carlos Díaz","La Hoya"
"Cibao Norte","Santiago","Tamboril","Carlos Díaz","Los Factores o Carlos Díaz"
"Cibao Norte","Santiago","Tamboril","Carlos Díaz","Palma Picada de Carlos Díaz"
"Cibao Norte","Santiago","Tamboril","Carlos Díaz","Seboruco"
"Cibao Norte","Santiago","Tamboril","Canca Las Aromas","Alto del Aguacate"
"Cibao Norte","Santiago","Tamboril","Canca Las Aromas","Canca Arriba"
"Cibao Norte","Santiago","Tamboril","Canca Las Aromas","Canca Arriba la Nueva"
"Cibao Norte","Santiago","Tamboril","Canca Las Aromas","Canca Las Aromas"
"Cibao Norte","Santiago","Tamboril","Canca Las Aromas","Nigua"
"Cibao Norte","Santiago","Villa González","Villa González","Arrenquillo"
"Cibao Norte","Santiago","Villa González","Villa González","Cementerio"
"Cibao Norte","Santiago","Villa González","Villa González","Centro del Pueblo"
"Cibao Norte","Santiago","Villa González","Villa González","Espaillat"
"Cibao Norte","Santiago","Villa González","Villa González","La Lomita"
"Cibao Norte","Santiago","Villa González","Villa González","Nueva Esperanza"
"Cibao Norte","Santiago","Villa González","Villa González","Vidal Guillén"
"Cibao Norte","Santiago","Villa González","Las Lavas","Arrenquillo"
"Cibao Norte","Santiago","Villa González","Las Lavas","El Boquerón"
"Cibao Norte","Santiago","Villa González","Las Lavas","El Martillo"
"Cibao Norte","Santiago","Villa González","Las Lavas","La Lomita del Palmar Abajo"
"Cibao Norte","Santiago","Villa González","Las Lavas","Las Lavas"
"Cibao Norte","Santiago","Villa González","Las Lavas","Palmarejo"
"Cibao Norte","Santiago","Villa González","Palmar Abajo","El Jamo"
"Cibao Norte","Santiago","Villa González","Palmar Abajo","El Rincón"
"Cibao Norte","Santiago","Villa González","Palmar Abajo","La Breña"
"Cibao Norte","Santiago","Villa González","Palmar Abajo","La Lomita"
"Cibao Norte","Santiago","Villa González","Palmar Abajo","Loma Mata Puercos"
"Cibao Norte","Santiago","Villa González","Palmar Abajo","Palmar Abajo"
"Cibao Norte","Santiago","Villa González","Palmar Abajo","Villa Duarte"
"Cibao Norte","Santiago","Villa González","Quinigua","Banegas"
"Cibao Norte","Santiago","Villa González","Quinigua","Cruce de Quinigua"
"Cibao Norte","Santiago","Villa González","Quinigua","Ingenio Abajo"
"Cibao Norte","Santiago","Villa González","Quinigua","Quinigua"
"Cibao Norte","Santiago","Villa González","Quinigua","Quinigua de La Yuca (La Yuca)"
"Cibao Norte","Santiago","Villa González","Quinigua","Villa del Yaque"
"Cibao Norte","Santiago","Villa González","Palmar Arriba","El Pozo"
"Cibao Norte","Santiago","Villa González","Palmar Arriba","Lindo"
"Cibao Norte","Santiago","Villa González","Palmar Arriba","Palmar Arriba"
"Cibao Norte","Santiago","Villa González","Palmar Arriba","Arroyo del Agua"
"Cibao Norte","Santiago","Villa González","Palmar Arriba","El Pozo"
"Cibao Norte","Santiago","Villa González","Palmar Arriba","La Piedra"
"Cibao Norte","Santiago","Villa González","Palmar Arriba","Loma de La Llanada"
"Cibao Norte","Santiago","Villa González","Palmar Arriba","Los Manantiales"
"Cibao Norte","Santiago","Villa González","Palmar Arriba","Quebrada Honda"
"Cibao Norte","Santiago","Villa González","El Limón","El Limón"
"Cibao Norte","Santiago","Villa González","El Limón","La Cuesta"
"Cibao Norte","Santiago","Villa González","El Limón","La Sabana"
"Cibao Norte","Santiago","Villa González","Macorís del Limón","Altos de Los Mates"
"Cibao Norte","Santiago","Villa González","Macorís del Limón","Higo de Agua"
"Cibao Norte","Santiago","Villa González","Macorís del Limón","La Aguaíta"
"Cibao Norte","Santiago","Villa González","Macorís del Limón","La U"
"Cibao Norte","Santiago","Villa González","Macorís del Limón","Llano Grande"
"Cibao Norte","Santiago","Villa González","Macorís del Limón","Los Jobos"
"Cibao Norte","Santiago","Villa González","Macorís del Limón","Los Lebrillos (La 14)"
"Cibao Norte","Santiago","Villa González","Macorís del Limón","Los Mates"
"Cibao Norte","Santiago","Villa González","Macorís del Limón","Los Pérez"
"Cibao Norte","Santiago","Villa González","Macorís del Limón","Macorís"
"Cibao Norte","Santiago","Villa González","Macorís del Limón","Mata Puercos"
"Cibao Norte","Santiago","Villa González","Macorís del Limón","Pérez de Los Mates"
"Cibao Norte","Santiago","Villa González","El Aguacate","El Aguacate"
"Cibao Norte","Santiago","Villa González","El Aguacate","La Cumbre"
"Cibao Norte","Santiago","Villa González","El Aguacate","Palo Blanco"
"Cibao Norte","Santiago","Villa González","El Aguacate","Ranchito"
"Cibao Norte","Santiago","Villa González","Los Jardines del Limón","Barrio Lindo o La Finquita"
"Cibao Norte","Santiago","Villa González","Los Jardines del Limón","La Pocilguita"
"Cibao Norte","Santiago","Villa González","Los Jardines del Limón","Las Aromas"
"Cibao Norte","Santiago","Villa González","Los Jardines del Limón","Los Uveros"
"Cibao Norte","Santiago","Villa González","Los Jardines del Limón","Vuelta Larga"
"Cibao Norte","Santiago","Villa González","El Limón","Caracol"
"Cibao Norte","Santiago","Villa González","El Limón","La Calabaza"
"Cibao Norte","Santiago","Villa González","El Limón","Los Robles"
"Cibao Sur","La Vega","Constanza","Constanza","Arroyo Arriba"
"Cibao Sur","La Vega","Constanza","Constanza","Boca de Pato"
"Cibao Sur","La Vega","Constanza","Constanza","Buenos Aires"
"Cibao Sur","La Vega","Constanza","Constanza","Colonia Española"
"Cibao Sur","La Vega","Constanza","Constanza","El Centro del Pueblo"
"Cibao Sur","La Vega","Constanza","Constanza","El Cercado"
"Cibao Sur","La Vega","Constanza","Constanza","El Gajo o Mirador Norte"
"Cibao Sur","La Vega","Constanza","Constanza","El Millón"
"Cibao Sur","La Vega","Constanza","Constanza","El Progreso"
"Cibao Sur","La Vega","Constanza","Constanza","El Tornado"
"Cibao Sur","La Vega","Constanza","Constanza","La Altagracia"
"Cibao Sur","La Vega","Constanza","Constanza","La Colina de Los Pomos"
"Cibao Sur","La Vega","Constanza","Constanza","Las Praderas del Río"
"Cibao Sur","La Vega","Constanza","Constanza","Lindo"
"Cibao Sur","La Vega","Constanza","Constanza","Los Laureles"
"Cibao Sur","La Vega","Constanza","Constanza","Los Peynado"
"Cibao Sur","La Vega","Constanza","Constanza","Los Pinos"
"Cibao Sur","La Vega","Constanza","Constanza","Popular"
"Cibao Sur","La Vega","Constanza","Constanza","Respaldo 27 de Febrero"
"Cibao Sur","La Vega","Constanza","Constanza","Santiago Apóstol o San Pedro"
"Cibao Sur","La Vega","Constanza","Maldonado","Arroyo Hondo"
"Cibao Sur","La Vega","Constanza","Maldonado","Arroyo Naranjo"
"Cibao Sur","La Vega","Constanza","Maldonado","Don Miguel"
"Cibao Sur","La Vega","Constanza","Maldonado","El Arenaso"
"Cibao Sur","La Vega","Constanza","Maldonado","El Chorro"
"Cibao Sur","La Vega","Constanza","Maldonado","El Limón"
"Cibao Sur","La Vega","Constanza","Maldonado","El Pino de Las Siete Hojas"
"Cibao Sur","La Vega","Constanza","Maldonado","El Puente"
"Cibao Sur","La Vega","Constanza","Maldonado","Fundo Viejo"
"Cibao Sur","La Vega","Constanza","Maldonado","La Ciénaga"
"Cibao Sur","La Vega","Constanza","Maldonado","La Cienaguita"
"Cibao Sur","La Vega","Constanza","Maldonado","La Culata"
"Cibao Sur","La Vega","Constanza","Maldonado","La Sabana del Sur"
"Cibao Sur","La Vega","Constanza","Maldonado","Las Auyamas"
"Cibao Sur","La Vega","Constanza","Maldonado","Los Almendrales"
"Cibao Sur","La Vega","Constanza","Maldonado","Los Caños"
"Cibao Sur","La Vega","Constanza","Maldonado","Los Cayetanos"
"Cibao Sur","La Vega","Constanza","Maldonado","Los Corralitos"
"Cibao Sur","La Vega","Constanza","Maldonado","Los Limoncitos"
"Cibao Sur","La Vega","Constanza","Maldonado","Pinar Parejo"
"Cibao Sur","La Vega","Constanza","Palero","Colonia Kennedy"
"Cibao Sur","La Vega","Constanza","Palero","El Valle"
"Cibao Sur","La Vega","Constanza","Palero","La Colonia Japonesa"
"Cibao Sur","La Vega","Constanza","Palero","La Secadora"
"Cibao Sur","La Vega","Constanza","Palero","Las Auyamas"
"Cibao Sur","La Vega","Constanza","Palero","Pinar Bonito"
"Cibao Sur","La Vega","Constanza","Tireo","La Mina"
"Cibao Sur","La Vega","Constanza","Tireo","Tireo Abajo"
"Cibao Sur","La Vega","Constanza","Tireo","Tireo al Medio o La Secadora"
"Cibao Sur","La Vega","Constanza","Tireo","Tireo Arriba"
"Cibao Sur","La Vega","Constanza","La Altagracia","Cruz de Cuaba"
"Cibao Sur","La Vega","Constanza","La Altagracia","El Café"
"Cibao Sur","La Vega","Constanza","La Altagracia","El Chicharrón"
"Cibao Sur","La Vega","Constanza","La Altagracia","La Canelilla"
"Cibao Sur","La Vega","Constanza","La Altagracia","La Escuchadera"
"Cibao Sur","La Vega","Constanza","La Altagracia","Monte Llano"
"Cibao Sur","La Vega","Constanza","La Altagracia","Paragua"
"Cibao Sur","La Vega","Constanza","La Altagracia","Suriel"
"Cibao Sur","La Vega","Constanza","Arroyo Frío","Arroyo Frío"
"Cibao Sur","La Vega","Constanza","Arroyo Frío","Jima (Cristo Rey)"
"Cibao Sur","La Vega","Constanza","Arroyo Frío","La Ciénaga"
"Cibao Sur","La Vega","Constanza","Arroyo Frío","Río Abajo"
"Cibao Sur","La Vega","Constanza","La Descubierta","Arenoso"
"Cibao Sur","La Vega","Constanza","La Descubierta","Arroyo Bonito"
"Cibao Sur","La Vega","Constanza","La Descubierta","Jima"
"Cibao Sur","La Vega","Constanza","La Descubierta","La Castilla"
"Cibao Sur","La Vega","Constanza","La Descubierta","La Descubierta"
"Cibao Sur","La Vega","Constanza","La Descubierta","La Yegua"
"Cibao Sur","La Vega","Constanza","La Descubierta","Las Nueces"
"Cibao Sur","La Vega","Constanza","Las Palomas","Arroyo Prieto"
"Cibao Sur","La Vega","Constanza","Las Palomas","El Arroyazo (Arroyo del Toro)"
"Cibao Sur","La Vega","Constanza","Las Palomas","La Angostura"
"Cibao Sur","La Vega","Constanza","Las Palomas","La Novilla o Villa Esperanza"
"Cibao Sur","La Vega","Constanza","Las Palomas","Las Palmas Arriba"
"Cibao Sur","La Vega","Constanza","Las Palomas","Las Palmas o Las Palomas"
"Cibao Sur","La Vega","Constanza","Las Palomas","Villa Cafetalera"
"Cibao Sur","La Vega","Constanza","El Río","Arenosito o Arenoso Arriba"
"Cibao Sur","La Vega","Constanza","El Río","El Cercado"
"Cibao Sur","La Vega","Constanza","El Río","El Majagual"
"Cibao Sur","La Vega","Constanza","El Río","El Pomito"
"Cibao Sur","La Vega","Constanza","El Río","El Río"
"Cibao Sur","La Vega","Constanza","El Río","La Cotorra"
"Cibao Sur","La Vega","Constanza","El Río","La Cumbre"
"Cibao Sur","La Vega","Constanza","El Río","La Joya de Paulino"
"Cibao Sur","La Vega","Constanza","El Río","La Novilla"
"Cibao Sur","La Vega","Constanza","El Río","La Pelada"
"Cibao Sur","La Vega","Constanza","El Río","Las Auyamas"
"Cibao Sur","La Vega","Constanza","El Río","Los Sánchez"
"Cibao Sur","La Vega","Constanza","Tireo Abajo","Arroyo Yaya"
"Cibao Sur","La Vega","Constanza","Tireo Abajo","El Botao"
"Cibao Sur","La Vega","Constanza","Tireo Abajo","El Naranjo"
"Cibao Sur","La Vega","Constanza","Tireo Abajo","La Guamita"
"Cibao Sur","La Vega","Constanza","Tireo Abajo","La Novilla"
"Cibao Sur","La Vega","Constanza","Tireo Abajo","La Playa"
"Cibao Sur","La Vega","Constanza","Tireo Abajo","Los Amaceyes"
"Cibao Sur","La Vega","Constanza","Tireo Abajo","Los Fríos"
"Cibao Sur","La Vega","Constanza","Tireo Abajo","Montellano"
"Cibao Sur","La Vega","Constanza","Tireo Abajo","Palerito"
"Cibao Sur","La Vega","Constanza","Tireo Abajo","Pinalito"
"Cibao Sur","La Vega","Constanza","Tireo Abajo","Portezuelo"
"Cibao Sur","La Vega","Constanza","Tireo Abajo","Tireo Abajo"
"Cibao Sur","La Vega","Constanza","La Sabina","Villa Sabina"
"Cibao Sur","La Vega","Constanza","Los Cerros","Cachaza"
"Cibao Sur","La Vega","Constanza","Los Cerros","El Cajón"
"Cibao Sur","La Vega","Constanza","Los Cerros","El Gramaso"
"Cibao Sur","La Vega","Constanza","Los Cerros","El Tapión"
"Cibao Sur","La Vega","Constanza","Los Cerros","Los Cerros"
"Cibao Sur","La Vega","Constanza","Los Cerros","Los Guineos"
"Cibao Sur","La Vega","Constanza","Palero","Cañada Seca"
"Cibao Sur","La Vega","Constanza","Palero","Cerro del Monte"
"Cibao Sur","La Vega","Constanza","Palero","El Memiso o El Mimero"
"Cibao Sur","La Vega","Constanza","Palero","El Valle"
"Cibao Sur","La Vega","Constanza","Palero","Palero Almonte"
"Cibao Sur","La Vega","Constanza","Palero","Palero o Los Higos"
"Cibao Sur","La Vega","Constanza","Villa Sabina","Barrio Duarte"
"Cibao Sur","La Vega","Constanza","Villa Sabina","Gajo del Mulo"
"Cibao Sur","La Vega","Constanza","Villa Sabina","Gajo del Mulo o Villa de la Montaña"
"Cibao Sur","La Vega","Constanza","Villa Sabina","Guaricano o Jarro Sucio"
"Cibao Sur","La Vega","Constanza","Villa Sabina","Santa Ana o Barrio Santa Ana"
"Cibao Sur","La Vega","Constanza","El Convento","El Convento"
"Cibao Sur","La Vega","Constanza","El Convento","El Convento Nizao-La Nevera"
"Cibao Sur","La Vega","Constanza","El Convento","La Silverio"
"Cibao Sur","La Vega","Constanza","El Convento","Los Castillos"
"Cibao Sur","La Vega","Constanza","El Convento","Monte Llano"
"Cibao Sur","La Vega","Constanza","El Convento","Pinar Parejo"
"Cibao Sur","La Vega","Constanza","El Convento","Río Grande"
"Cibao Sur","La Vega","Constanza","El Convento","Sabana Queliz"
"Cibao Sur","La Vega","Constanza","El Convento","Sabana Sin Provecho-Alto Bandera"
"Cibao Sur","La Vega","Constanza","El Convento","Sonador"
"Cibao Sur","La Vega","Constanza","El Convento","Vallecito o Valle Nuevo"
"Cibao Sur","La Vega","Constanza","El Convento","Villa Los Pajones"
"Cibao Sur","La Vega","Jarabacoa","Jarabacoa","Altos del Yaque"
"Cibao Sur","La Vega","Jarabacoa","Jarabacoa","Blanco o Belarminio Ramírez"
"Cibao Sur","La Vega","Jarabacoa","Jarabacoa","Colonia de Los Pomos o Toñito Batista"
"Cibao Sur","La Vega","Jarabacoa","Jarabacoa","Cristo Rey o La Cachaza"
"Cibao Sur","La Vega","Jarabacoa","Jarabacoa","Doctor Elías Santana"
"Cibao Sur","La Vega","Jarabacoa","Jarabacoa","Domingo Savio"
"Cibao Sur","La Vega","Jarabacoa","Jarabacoa","Don Bosco"
"Cibao Sur","La Vega","Jarabacoa","Jarabacoa","El 2"
"Cibao Sur","La Vega","Jarabacoa","Jarabacoa","El Florón"
"Cibao Sur","La Vega","Jarabacoa","Jarabacoa","La Colonia Agraria"
"Cibao Sur","La Vega","Jarabacoa","Jarabacoa","La Jabilla"
"Cibao Sur","La Vega","Jarabacoa","Jarabacoa","La Joya I"
"Cibao Sur","La Vega","Jarabacoa","Jarabacoa","La Joya II"
"Cibao Sur","La Vega","Jarabacoa","Jarabacoa","La Plaza"
"Cibao Sur","La Vega","Jarabacoa","Jarabacoa","La Quebrada"
"Cibao Sur","La Vega","Jarabacoa","Jarabacoa","La Trinchera"
"Cibao Sur","La Vega","Jarabacoa","Jarabacoa","Los Candelarios"
"Cibao Sur","La Vega","Jarabacoa","Jarabacoa","Los Corralitos"
"Cibao Sur","La Vega","Jarabacoa","Jarabacoa","Los Pomos"
"Cibao Sur","La Vega","Jarabacoa","Jarabacoa","Medina"
"Cibao Sur","La Vega","Jarabacoa","Jarabacoa","Mirador del Jimenoa"
"Cibao Sur","La Vega","Jarabacoa","Jarabacoa","Negro"
"Cibao Sur","La Vega","Jarabacoa","Jarabacoa","Pueblo Nuevo"
"Cibao Sur","La Vega","Jarabacoa","Jarabacoa","Rescate 94"
"Cibao Sur","La Vega","Jarabacoa","Jarabacoa","Residencial Don Luis"
"Cibao Sur","La Vega","Jarabacoa","Jarabacoa","Rincón"
"Cibao Sur","La Vega","Jarabacoa","Jarabacoa","Rosa Mística"
"Cibao Sur","La Vega","Jarabacoa","Jarabacoa","Tavito"
"Cibao Sur","La Vega","Jarabacoa","Jarabacoa","Urbanización Cerro Alto"
"Cibao Sur","La Vega","Jarabacoa","Jarabacoa","Urbanización Pinar Dorado"
"Cibao Sur","La Vega","Jarabacoa","Jarabacoa","Urbanización Proyecto Diloné"
"Cibao Sur","La Vega","Jarabacoa","Jarabacoa","Urbanización Rincón"
"Cibao Sur","La Vega","Jarabacoa","Jarabacoa","Venecia"
"Cibao Sur","La Vega","Jarabacoa","Jarabacoa","Villa Balaguer o Proyecto Yerbabuena"
"Cibao Sur","La Vega","Jarabacoa","Jarabacoa","Yerba Buena"
"Cibao Sur","La Vega","Jarabacoa","Pinar Quemado","Arroyo Cercado"
"Cibao Sur","La Vega","Jarabacoa","Pinar Quemado","La Guázara"
"Cibao Sur","La Vega","Jarabacoa","Pinar Quemado","La Lomita"
"Cibao Sur","La Vega","Jarabacoa","Pinar Quemado","La Pelada"
"Cibao Sur","La Vega","Jarabacoa","Pinar Quemado","La Travesía del Mulo"
"Cibao Sur","La Vega","Jarabacoa","Pinar Quemado","La Yautía"
"Cibao Sur","La Vega","Jarabacoa","Pinar Quemado","Palo Blanco"
"Cibao Sur","La Vega","Jarabacoa","Pinar Quemado","Pinar Quemado"
"Cibao Sur","La Vega","Jarabacoa","Corocito","Angosto"
"Cibao Sur","La Vega","Jarabacoa","Corocito","Cañada Prieta"
"Cibao Sur","La Vega","Jarabacoa","Corocito","Cerro Redondo"
"Cibao Sur","La Vega","Jarabacoa","Corocito","Corocito"
"Cibao Sur","La Vega","Jarabacoa","Corocito","La Cana"
"Cibao Sur","La Vega","Jarabacoa","Corocito","Los Auquelles"
"Cibao Sur","La Vega","Jarabacoa","Corocito","Los Cafeses"
"Cibao Sur","La Vega","Jarabacoa","Corocito","Mata Cadillo"
"Cibao Sur","La Vega","Jarabacoa","Estancita","Arroyo Verraco"
"Cibao Sur","La Vega","Jarabacoa","Estancita","Balcón de Estancita"
"Cibao Sur","La Vega","Jarabacoa","Estancita","Boma"
"Cibao Sur","La Vega","Jarabacoa","Estancita","Estancita"
"Cibao Sur","La Vega","Jarabacoa","Estancita","Juana Álvarez"
"Cibao Sur","La Vega","Jarabacoa","Estancita","La Peña"
"Cibao Sur","La Vega","Jarabacoa","Estancita","Las Táranas"
"Cibao Sur","La Vega","Jarabacoa","Estancita","Los Hoyitos"
"Cibao Sur","La Vega","Jarabacoa","Estancita","Los Pomos"
"Cibao Sur","La Vega","Jarabacoa","Pedregal","El Salto de Jimenoa"
"Cibao Sur","La Vega","Jarabacoa","Pedregal","Los Arroyos"
"Cibao Sur","La Vega","Jarabacoa","Pedregal","Ojo de Agua"
"Cibao Sur","La Vega","Jarabacoa","Pedregal","Pedregal"
"Cibao Sur","La Vega","Jarabacoa","Jumunuco","Amaceyal"
"Cibao Sur","La Vega","Jarabacoa","Jumunuco","Arenoso"
"Cibao Sur","La Vega","Jarabacoa","Jumunuco","Arroyo Bonito"
"Cibao Sur","La Vega","Jarabacoa","Jumunuco","Arroyo Claro"
"Cibao Sur","La Vega","Jarabacoa","Jumunuco","Compadre Pascual"
"Cibao Sur","La Vega","Jarabacoa","Jumunuco","Guanajuma"
"Cibao Sur","La Vega","Jarabacoa","Jumunuco","Jumunuco"
"Cibao Sur","La Vega","Jarabacoa","Jumunuco","Las Ánimas"
"Cibao Sur","La Vega","Jarabacoa","Jumunuco","Las Cabirmas"
"Cibao Sur","La Vega","Jarabacoa","Jumunuco","Las Calabazas"
"Cibao Sur","La Vega","Jarabacoa","Jumunuco","Llano de Jumunuco"
"Cibao Sur","La Vega","Jarabacoa","Jumunuco","Llano del Higo"
"Cibao Sur","La Vega","Jarabacoa","Jumunuco","Loma Negra"
"Cibao Sur","La Vega","Jarabacoa","Jumunuco","Los Josaderos"
"Cibao Sur","La Vega","Jarabacoa","Jumunuco","Los Montazos"
"Cibao Sur","La Vega","Jarabacoa","Jumunuco","Los Pasos"
"Cibao Sur","La Vega","Jarabacoa","Jumunuco","Montazos de Arroyo Bonito"
"Cibao Sur","La Vega","Jarabacoa","Jumunuco","Rancho del Río Guanajuma"
"Cibao Sur","La Vega","Jarabacoa","Jumunuco","Yabacao"
"Cibao Sur","La Vega","Jarabacoa","Los Corozos","El Paso de la Majagüita"
"Cibao Sur","La Vega","Jarabacoa","Los Corozos","La Cienaguita"
"Cibao Sur","La Vega","Jarabacoa","Los Corozos","Los Corozos"
"Cibao Sur","La Vega","Jarabacoa","Los Corozos","Los Ranchitos"
"Cibao Sur","La Vega","Jarabacoa","Los Corozos","Pinar del Yaque (La Piña)"
"Cibao Sur","La Vega","Jarabacoa","Los Corozos","Potro Rabón"
"Cibao Sur","La Vega","Jarabacoa","Los Corozos","Vera del Yaque"
"Cibao Sur","La Vega","Jarabacoa","Paso Bajito","Arroyo Ancho"
"Cibao Sur","La Vega","Jarabacoa","Paso Bajito","Arroyo la Pista"
"Cibao Sur","La Vega","Jarabacoa","Paso Bajito","Arroyo la Vaca"
"Cibao Sur","La Vega","Jarabacoa","Paso Bajito","El Guayabo"
"Cibao Sur","La Vega","Jarabacoa","Paso Bajito","La Frisa"
"Cibao Sur","La Vega","Jarabacoa","Paso Bajito","La Golondrina"
"Cibao Sur","La Vega","Jarabacoa","Paso Bajito","La Jagua"
"Cibao Sur","La Vega","Jarabacoa","Paso Bajito","La Manacla"
"Cibao Sur","La Vega","Jarabacoa","Paso Bajito","La Peña"
"Cibao Sur","La Vega","Jarabacoa","Paso Bajito","La Pista"
"Cibao Sur","La Vega","Jarabacoa","Paso Bajito","La Pocilga"
"Cibao Sur","La Vega","Jarabacoa","Paso Bajito","La Sal"
"Cibao Sur","La Vega","Jarabacoa","Paso Bajito","Loma de la Sal"
"Cibao Sur","La Vega","Jarabacoa","Paso Bajito","Los Saltaderos"
"Cibao Sur","La Vega","Jarabacoa","Paso Bajito","Masipedro"
"Cibao Sur","La Vega","Jarabacoa","Paso Bajito","Palma Sola"
"Cibao Sur","La Vega","Jarabacoa","Paso Bajito","Paso Bajito"
"Cibao Sur","La Vega","Jarabacoa","Paso Bajito","Redondo"
"Cibao Sur","La Vega","Jarabacoa","Buena Vista","Buena Vista"
"Cibao Sur","La Vega","Jarabacoa","Buena Vista","El Anón"
"Cibao Sur","La Vega","Jarabacoa","Buena Vista","El Cacao"
"Cibao Sur","La Vega","Jarabacoa","Buena Vista","El Salto"
"Cibao Sur","La Vega","Jarabacoa","Buena Vista","Hotel Montaña (El Puerto)"
"Cibao Sur","La Vega","Jarabacoa","Buena Vista","La Atolladera"
"Cibao Sur","La Vega","Jarabacoa","Buena Vista","Limonal"
"Cibao Sur","La Vega","Jarabacoa","Buena Vista","Los Capacitos"
"Cibao Sur","La Vega","Jarabacoa","Buena Vista","Mata de Plátano"
"Cibao Sur","La Vega","Jarabacoa","Buena Vista","Mata Gorda"
"Cibao Sur","La Vega","Jarabacoa","Hato Viejo","Hato Viejo"
"Cibao Sur","La Vega","Jarabacoa","Hato Viejo","Hato Viejo Arriba"
"Cibao Sur","La Vega","Jarabacoa","Hato Viejo","Honduras"
"Cibao Sur","La Vega","Jarabacoa","Hato Viejo","La Cigua"
"Cibao Sur","La Vega","Jarabacoa","Hato Viejo","La Tarana"
"Cibao Sur","La Vega","Jarabacoa","Hato Viejo","Los Azules"
"Cibao Sur","La Vega","Jarabacoa","Hatillo","Crucero"
"Cibao Sur","La Vega","Jarabacoa","Hatillo","Guachupita"
"Cibao Sur","La Vega","Jarabacoa","Hatillo","Hatillo"
"Cibao Sur","La Vega","Jarabacoa","Hatillo","La Caoba"
"Cibao Sur","La Vega","Jarabacoa","Hatillo","La Ceiba"
"Cibao Sur","La Vega","Jarabacoa","Hatillo","La Ceniza"
"Cibao Sur","La Vega","Jarabacoa","Hatillo","La Guama Abajo"
"Cibao Sur","La Vega","Jarabacoa","Hatillo","La Guama Arriba"
"Cibao Sur","La Vega","Jarabacoa","Hatillo","La Sabana"
"Cibao Sur","La Vega","Jarabacoa","Piedra Blanca","Los Cateyes o Los Catorce"
"Cibao Sur","La Vega","Jarabacoa","Piedra Blanca","Manaclas"
"Cibao Sur","La Vega","Jarabacoa","Piedra Blanca","Piedra Blanca"
"Cibao Sur","La Vega","Jarabacoa","Piedra Blanca","Sabaneta"
"Cibao Sur","La Vega","Jarabacoa","Piedra Blanca del Salto","Boca de los Ríos"
"Cibao Sur","La Vega","Jarabacoa","Piedra Blanca del Salto","La Guamita Presa de Yegua"
"Cibao Sur","La Vega","Jarabacoa","Piedra Blanca del Salto","La Joya"
"Cibao Sur","La Vega","Jarabacoa","Piedra Blanca del Salto","Las Auyamas"
"Cibao Sur","La Vega","Jarabacoa","Piedra Blanca del Salto","Los Higos"
"Cibao Sur","La Vega","Jarabacoa","Piedra Blanca del Salto","Ovendo"
"Cibao Sur","La Vega","Jarabacoa","Piedra Blanca del Salto","Piedra Blanca"
"Cibao Sur","La Vega","Jarabacoa","Manabao","Manabao"
"Cibao Sur","La Vega","Jarabacoa","Los Dajaos","Cañada Amarga"
"Cibao Sur","La Vega","Jarabacoa","Los Dajaos","El Bolo o La Pelúa"
"Cibao Sur","La Vega","Jarabacoa","Los Dajaos","El Dulce o Arroyo Dulce"
"Cibao Sur","La Vega","Jarabacoa","Los Dajaos","El Manguito o Zumbador"
"Cibao Sur","La Vega","Jarabacoa","Los Dajaos","Josafá"
"Cibao Sur","La Vega","Jarabacoa","Los Dajaos","La Cortina"
"Cibao Sur","La Vega","Jarabacoa","Los Dajaos","La Majagüita"
"Cibao Sur","La Vega","Jarabacoa","Los Dajaos","La Paloma"
"Cibao Sur","La Vega","Jarabacoa","Los Dajaos","Los Calabazos"
"Cibao Sur","La Vega","Jarabacoa","Los Dajaos","Los Dajaos"
"Cibao Sur","La Vega","Jarabacoa","Los Dajaos","Los Marranitos"
"Cibao Sur","La Vega","Jarabacoa","Los Dajaos","Paso de La Majagüita o La Margarita"
"Cibao Sur","La Vega","Jarabacoa","Los Dajaos","Piedra Llana"
"Cibao Sur","La Vega","Jarabacoa","Los Dajaos","Rancho del Río"
"Cibao Sur","La Vega","Jarabacoa","Los Dajaos","Tiesto de Plato o La Cotorra"
"Cibao Sur","La Vega","Jarabacoa","La Ciénaga","Arroyo de los Muertos"
"Cibao Sur","La Vega","Jarabacoa","La Ciénaga","Arroyo Frío"
"Cibao Sur","La Vega","Jarabacoa","La Ciénaga","Boca de los Ríos"
"Cibao Sur","La Vega","Jarabacoa","La Ciénaga","Ciénaga"
"Cibao Sur","La Vega","Jarabacoa","La Ciénaga","El Arraigan"
"Cibao Sur","La Vega","Jarabacoa","La Ciénaga","El Higo"
"Cibao Sur","La Vega","Jarabacoa","La Ciénaga","El Tetero"
"Cibao Sur","La Vega","Jarabacoa","La Ciénaga","Joya de Ramón"
"Cibao Sur","La Vega","Jarabacoa","La Ciénaga","La Peñita"
"Cibao Sur","La Vega","Jarabacoa","La Ciénaga","Los Tablones"
"Cibao Sur","La Vega","Jarabacoa","La Ciénaga","Mata de Limón"
"Cibao Sur","La Vega","Jarabacoa","La Ciénaga","Paso de La Perra"
"Cibao Sur","La Vega","Jarabacoa","Manabao","Arroyo del Rancho"
"Cibao Sur","La Vega","Jarabacoa","Manabao","La Angostura"
"Cibao Sur","La Vega","Jarabacoa","Manabao","La Joya o La Joya del Tetero"
"Cibao Sur","La Vega","Jarabacoa","Manabao","La Redonda (Tierra Colorada, El Abanico)"
"Cibao Sur","La Vega","Jarabacoa","Manabao","Mata de Café"
"Cibao Sur","La Vega","Jarabacoa","Manabao","Pajarito"
"Cibao Sur","La Vega","Jarabacoa","Manabao","Pino del Rayo"
"Cibao Sur","La Vega","Jima Abajo","Jima Abajo","Centro del Pueblo"
"Cibao Sur","La Vega","Jima Abajo","Jima Abajo","La Colonia"
"Cibao Sur","La Vega","Jima Abajo","Jima Abajo","María Auxiliadora"
"Cibao Sur","La Vega","Jima Abajo","Jima Abajo","Rafael Cruceta"
"Cibao Sur","La Vega","Jima Abajo","Jima Abajo","Villa Consuelo"
"Cibao Sur","La Vega","Jima Abajo","Jima Abajo","Villa Margarita"
"Cibao Sur","La Vega","Jima Abajo","La Frontera","El Canal de la Miseria"
"Cibao Sur","La Vega","Jima Abajo","La Frontera","La Factoría"
"Cibao Sur","La Vega","Jima Abajo","La Frontera","La Frontera"
"Cibao Sur","La Vega","Jima Abajo","La Frontera","La Romana"
"Cibao Sur","La Vega","Jima Abajo","La Frontera","Los Cerros"
"Cibao Sur","La Vega","Jima Abajo","La Frontera","Los Quemaítos"
"Cibao Sur","La Vega","Jima Abajo","La Frontera","Los Samanes"
"Cibao Sur","La Vega","Jima Abajo","La Frontera","Pico Alto"
"Cibao Sur","La Vega","Jima Abajo","La Frontera","Presa de Rincón"
"Cibao Sur","La Vega","Jima Abajo","Jima Arriba","El Higo"
"Cibao Sur","La Vega","Jima Abajo","Jima Arriba","Jima Arriba"
"Cibao Sur","La Vega","Jima Abajo","Jima Arriba","La Cuarenta"
"Cibao Sur","La Vega","Jima Abajo","Jima Arriba","La Guanábana"
"Cibao Sur","La Vega","Jima Abajo","Jima Arriba","La Lometa"
"Cibao Sur","La Vega","Jima Abajo","Jima Arriba","Las Escobas"
"Cibao Sur","La Vega","Jima Abajo","Jima Arriba","Los Corozos"
"Cibao Sur","La Vega","Jima Abajo","Jima Arriba","Los Patos"
"Cibao Sur","La Vega","Jima Abajo","Jima Arriba","Los Rincones"
"Cibao Sur","La Vega","Jima Abajo","Jima Arriba","Río Chiquito"
"Cibao Sur","La Vega","Jima Abajo","San Bartolo","Batey Badía"
"Cibao Sur","La Vega","Jima Abajo","San Bartolo","El Alto del Polvo"
"Cibao Sur","La Vega","Jima Abajo","San Bartolo","La Boca de Jima"
"Cibao Sur","La Vega","Jima Abajo","San Bartolo","La Factoría"
"Cibao Sur","La Vega","Jima Abajo","San Bartolo","La Joya"
"Cibao Sur","La Vega","Jima Abajo","San Bartolo","San Bartolo (Bartolomé)"
"Cibao Sur","La Vega","Jima Abajo","Rincón","Rincón"
"Cibao Sur","La Vega","Jima Abajo","La Ceibita","La Ceibita"
"Cibao Sur","La Vega","Jima Abajo","Rincón","Calabacito"
"Cibao Sur","La Vega","Jima Abajo","Rincón","La Soledad"
"Cibao Sur","La Vega","Jima Abajo","Rincón","Villa Canal"
"Cibao Sur","La Vega","Jima Abajo","Junumucú","Controba o Borinquen"
"Cibao Sur","La Vega","Jima Abajo","Junumucú","El Algarrobo o Acapulco"
"Cibao Sur","La Vega","Jima Abajo","Junumucú","El Caliche"
"Cibao Sur","La Vega","Jima Abajo","Junumucú","El Cercado"
"Cibao Sur","La Vega","Jima Abajo","Junumucú","Haití"
"Cibao Sur","La Vega","Jima Abajo","Junumucú","Junumucú"
"Cibao Sur","La Vega","Jima Abajo","Junumucú","La Guama de Junumucú"
"Cibao Sur","La Vega","Jima Abajo","Junumucú","Puerto Arturo"
"Cibao Sur","La Vega","La Vega","Concepción de La Vega","Altos del Hatico"
"Cibao Sur","La Vega","La Vega","Concepción de La Vega","Arenoso"
"Cibao Sur","La Vega","La Vega","Concepción de La Vega","Carolina"
"Cibao Sur","La Vega","La Vega","Concepción de La Vega","Ciudad Universitaria"
"Cibao Sur","La Vega","La Vega","Concepción de La Vega","Don Bosco"
"Cibao Sur","La Vega","La Vega","Concepción de La Vega","El Campito"
"Cibao Sur","La Vega","La Vega","Concepción de La Vega","El Hatico"
"Cibao Sur","La Vega","La Vega","Concepción de La Vega","El Higüero"
"Cibao Sur","La Vega","La Vega","Concepción de La Vega","El Pinito"
"Cibao Sur","La Vega","La Vega","Concepción de La Vega","El Tanque"
"Cibao Sur","La Vega","La Vega","Concepción de La Vega","Enriquillo o Residencial Santana"
"Cibao Sur","La Vega","La Vega","Concepción de La Vega","Gamundi"
"Cibao Sur","La Vega","La Vega","Concepción de La Vega","Guarionex"
"Cibao Sur","La Vega","La Vega","Concepción de La Vega","Hatico de Jeremías"
"Cibao Sur","La Vega","La Vega","Concepción de La Vega","Induveca"
"Cibao Sur","La Vega","La Vega","Concepción de La Vega","Jeremías"
"Cibao Sur","La Vega","La Vega","Concepción de La Vega","Juan Pablo Duarte"
"Cibao Sur","La Vega","La Vega","Concepción de La Vega","La Laguna"
"Cibao Sur","La Vega","La Vega","Concepción de La Vega","La Primavera"
"Cibao Sur","La Vega","La Vega","Concepción de La Vega","La Sabana de Pontón"
"Cibao Sur","La Vega","La Vega","Concepción de La Vega","Las Carmelitas"
"Cibao Sur","La Vega","La Vega","Concepción de La Vega","Las Maras"
"Cibao Sur","La Vega","La Vega","Concepción de La Vega","Los Barrancones o Conani"
"Cibao Sur","La Vega","La Vega","Concepción de La Vega","Los Multifamiliares"
"Cibao Sur","La Vega","La Vega","Concepción de La Vega","Los Pomos"
"Cibao Sur","La Vega","La Vega","Concepción de La Vega","María Auxiliadora"
"Cibao Sur","La Vega","La Vega","Concepción de La Vega","Nápoles"
"Cibao Sur","La Vega","La Vega","Concepción de La Vega","Nibaje"
"Cibao Sur","La Vega","La Vega","Concepción de La Vega","Nuevo"
"Cibao Sur","La Vega","La Vega","Concepción de La Vega","Palmarito"
"Cibao Sur","La Vega","La Vega","Concepción de La Vega","Pontón"
"Cibao Sur","La Vega","La Vega","Concepción de La Vega","Pontón Abajo o el 4"
"Cibao Sur","La Vega","La Vega","Concepción de La Vega","Puerto Rico"
"Cibao Sur","La Vega","La Vega","Concepción de La Vega","Quinto Patio"
"Cibao Sur","La Vega","La Vega","Concepción de La Vega","Residencial Armida"
"Cibao Sur","La Vega","La Vega","Concepción de La Vega","Residencial Don Zoilo"
"Cibao Sur","La Vega","La Vega","Concepción de La Vega","San Antonio"
"Cibao Sur","La Vega","La Vega","Concepción de La Vega","San Martín II"
"Cibao Sur","La Vega","La Vega","Concepción de La Vega","Santo Domingo"
"Cibao Sur","La Vega","La Vega","Concepción de La Vega","Santo Domingo Savio"
"Cibao Sur","La Vega","La Vega","Concepción de La Vega","Soto"
"Cibao Sur","La Vega","La Vega","Concepción de La Vega","Villa Espinal"
"Cibao Sur","La Vega","La Vega","Concepción de La Vega","Villa Francisca"
"Cibao Sur","La Vega","La Vega","Concepción de La Vega","Villa Hollywood"
"Cibao Sur","La Vega","La Vega","Concepción de La Vega","Villa Lora"
"Cibao Sur","La Vega","La Vega","Concepción de La Vega","Villa Margarita"
"Cibao Sur","La Vega","La Vega","Concepción de La Vega","Villa Real"
"Cibao Sur","La Vega","La Vega","Concepción de La Vega","Villa Rosa"
"Cibao Sur","La Vega","La Vega","Concepción de La Vega","Villas Carolina"
"Cibao Sur","La Vega","La Vega","Concepción de La Vega","X"
"Cibao Sur","La Vega","La Vega","Bacuí Arriba","Bacuí Adentro"
"Cibao Sur","La Vega","La Vega","Bacuí Arriba","Bacuí al Medio"
"Cibao Sur","La Vega","La Vega","Bacuí Arriba","Bacuí Arriba"
"Cibao Sur","La Vega","La Vega","Bacuí Arriba","El Capacito"
"Cibao Sur","La Vega","La Vega","Bacuí Arriba","El Mamoncito"
"Cibao Sur","La Vega","La Vega","Bacuí Arriba","El Rodeo"
"Cibao Sur","La Vega","La Vega","Bacuí Arriba","La Palmita"
"Cibao Sur","La Vega","La Vega","Bacuí Arriba","Las Cinco Esquinas"
"Cibao Sur","La Vega","La Vega","Bacuí Arriba","Las Uvas"
"Cibao Sur","La Vega","La Vega","Bacuí Arriba","Maguey"
"Cibao Sur","La Vega","La Vega","Bacuí Arriba","Sabana de los Jiménez"
"Cibao Sur","La Vega","La Vega","Bayacanes","Cercado Alto"
"Cibao Sur","La Vega","La Vega","Bayacanes","El Higo"
"Cibao Sur","La Vega","La Vega","Bayacanes","El Higüero"
"Cibao Sur","La Vega","La Vega","Bayacanes","Joa"
"Cibao Sur","La Vega","La Vega","Bayacanes","Las Cruces"
"Cibao Sur","La Vega","La Vega","Bayacanes","Las Guaranitas"
"Cibao Sur","La Vega","La Vega","Bayacanes","Monte Grande"
"Cibao Sur","La Vega","La Vega","Bayacanes","Monte Llano"
"Cibao Sur","La Vega","La Vega","Bayacanes","Yami"
"Cibao Sur","La Vega","La Vega","Burende","Arenoso"
"Cibao Sur","La Vega","La Vega","Burende","Burende"
"Cibao Sur","La Vega","La Vega","Burende","Carrera de Palmas"
"Cibao Sur","La Vega","La Vega","Burende","Guaco (La Piñita)"
"Cibao Sur","La Vega","La Vega","Burende","Guaco (La Pista)"
"Cibao Sur","La Vega","La Vega","Burende","Guaco Los Frías"
"Cibao Sur","La Vega","La Vega","Burende","La Lomita de Guaco"
"Cibao Sur","La Vega","La Vega","Burende","Las Martínez"
"Cibao Sur","La Vega","La Vega","Burende","Las Pocilgas"
"Cibao Sur","La Vega","La Vega","Burende","Loma de Los Ángeles"
"Cibao Sur","La Vega","La Vega","Burende","Los Callejones"
"Cibao Sur","La Vega","La Vega","Burende","Los Corozos"
"Cibao Sur","La Vega","La Vega","Burende","Los Hornos"
"Cibao Sur","La Vega","La Vega","Burende","Los Mota"
"Cibao Sur","La Vega","La Vega","Burende","Los Suárez"
"Cibao Sur","La Vega","La Vega","Burende","Los Valerio"
"Cibao Sur","La Vega","La Vega","Burende","Pozo del Bejuco"
"Cibao Sur","La Vega","La Vega","Burende","Río Seco"
"Cibao Sur","La Vega","La Vega","Burende","San Francisco"
"Cibao Sur","La Vega","La Vega","Burende","Santo Cerro"
"Cibao Sur","La Vega","La Vega","Burende","Soto"
"Cibao Sur","La Vega","La Vega","La Cabirmota","Arenoso"
"Cibao Sur","La Vega","La Vega","La Cabirmota","Botija de Cabirmota"
"Cibao Sur","La Vega","La Vega","La Cabirmota","Botija de Jimayaco"
"Cibao Sur","La Vega","La Vega","La Cabirmota","Cabirmota"
"Cibao Sur","La Vega","La Vega","La Cabirmota","Jimayaco"
"Cibao Sur","La Vega","La Vega","La Cabirmota","Jimayaco Abajo"
"Cibao Sur","La Vega","La Vega","La Cabirmota","Jimayaco Arriba"
"Cibao Sur","La Vega","La Vega","La Cabirmota","La Cidra"
"Cibao Sur","La Vega","La Vega","La Cabirmota","Pozo Colorado"
"Cibao Sur","La Vega","La Vega","Guarey","Arroyo Amarillo"
"Cibao Sur","La Vega","La Vega","Guarey","Arroyo Ancho"
"Cibao Sur","La Vega","La Vega","Guarey","El Faro"
"Cibao Sur","La Vega","La Vega","Guarey","Guaigüí"
"Cibao Sur","La Vega","La Vega","Guarey","Guarey"
"Cibao Sur","La Vega","La Vega","Guarey","Guarey Arriba"
"Cibao Sur","La Vega","La Vega","Guarey","Los Guanábanos"
"Cibao Sur","La Vega","La Vega","Jamo","Jamo Arriba o Jamo Afuera"
"Cibao Sur","La Vega","La Vega","Jamo","Jamo Jardeta"
"Cibao Sur","La Vega","La Vega","Jamo","Jamo La Barranquita"
"Cibao Sur","La Vega","La Vega","Jamo","La Carmona"
"Cibao Sur","La Vega","La Vega","Jamo","Las Hoyitas"
"Cibao Sur","La Vega","La Vega","Jamo","Las Yayas Adentro"
"Cibao Sur","La Vega","La Vega","Jamo","Las Yayas Afuera"
"Cibao Sur","La Vega","La Vega","Jamo","Los Rieles"
"Cibao Sur","La Vega","La Vega","La Penda","El Caimito Abajo"
"Cibao Sur","La Vega","La Vega","La Penda","El Caimito Adentro"
"Cibao Sur","La Vega","La Vega","La Penda","El Caimito Afuera"
"Cibao Sur","La Vega","La Vega","La Penda","El Quemado"
"Cibao Sur","La Vega","La Vega","La Penda","La Penda"
"Cibao Sur","La Vega","La Vega","La Penda","La Torre"
"Cibao Sur","La Vega","La Vega","La Penda","Rancho Viejo"
"Cibao Sur","La Vega","La Vega","Las Cabuyas","La Catalina"
"Cibao Sur","La Vega","La Vega","Las Cabuyas","La Cidra"
"Cibao Sur","La Vega","La Vega","Las Cabuyas","La Cuarenta"
"Cibao Sur","La Vega","La Vega","Las Cabuyas","Las Cabuyas"
"Cibao Sur","La Vega","La Vega","Las Cabuyas","Los Guayos"
"Cibao Sur","La Vega","La Vega","Las Cabuyas","Los Ornes o Reforma"
"Cibao Sur","La Vega","La Vega","Las Cabuyas","Sabana Rey Abajo Las Cabuyas"
"Cibao Sur","La Vega","La Vega","Licey","Colón"
"Cibao Sur","La Vega","La Vega","Licey","Hoya Grande o Las Tablitas"
"Cibao Sur","La Vega","La Vega","Licey","La Rafaela"
"Cibao Sur","La Vega","La Vega","Licey","Las Totumas o Los Tocones"
"Cibao Sur","La Vega","La Vega","Licey","Licey"
"Cibao Sur","La Vega","La Vega","Licey","Monte Adentro"
"Cibao Sur","La Vega","La Vega","Licey","Rancho Abajo"
"Cibao Sur","La Vega","La Vega","Pontón","Aguas Altas"
"Cibao Sur","La Vega","La Vega","Pontón","El Algarrobo"
"Cibao Sur","La Vega","La Vega","Pontón","El Pino"
"Cibao Sur","La Vega","La Vega","Pontón","El Siete"
"Cibao Sur","La Vega","La Vega","Pontón","Guanábano"
"Cibao Sur","La Vega","La Vega","Pontón","Hoya Cautiva"
"Cibao Sur","La Vega","La Vega","Pontón","Las Manaclitas"
"Cibao Sur","La Vega","La Vega","Pontón","Miranda"
"Cibao Sur","La Vega","La Vega","Pontón","Pontón"
"Cibao Sur","La Vega","La Vega","Pontón","Ramada"
"Cibao Sur","La Vega","La Vega","Pontón","Sabana de Pontón"
"Cibao Sur","La Vega","La Vega","Pontón","Terrero"
"Cibao Sur","La Vega","La Vega","Sabaneta","El Pinito de Los Jiménez"
"Cibao Sur","La Vega","La Vega","Sabaneta","Maguey"
"Cibao Sur","La Vega","La Vega","Sabaneta","Matanzas"
"Cibao Sur","La Vega","La Vega","Sabaneta","Palmarejo"
"Cibao Sur","La Vega","La Vega","Sabaneta","Rancho Viejo"
"Cibao Sur","La Vega","La Vega","Sabaneta","Sabaneta o El Puente"
"Cibao Sur","La Vega","La Vega","Las Canas","El Higo"
"Cibao Sur","La Vega","La Vega","Las Canas","La Brusca"
"Cibao Sur","La Vega","La Vega","Las Canas","La Estancia"
"Cibao Sur","La Vega","La Vega","Las Canas","La Loma"
"Cibao Sur","La Vega","La Vega","Las Canas","La Mina"
"Cibao Sur","La Vega","La Vega","Las Canas","Las Canas"
"Cibao Sur","La Vega","La Vega","Las Canas","Las Canas Abajo"
"Cibao Sur","La Vega","La Vega","Las Canas","Las Canas Arriba"
"Cibao Sur","La Vega","La Vega","Cutupú","Cutupú"
"Cibao Sur","La Vega","La Vega","Cutupú","El 11 de Cutupú"
"Cibao Sur","La Vega","La Vega","Cutupú","Los Profesores"
"Cibao Sur","La Vega","La Vega","Cutupú","Sabana Larga o Villas Tilín"
"Cibao Sur","La Vega","La Vega","Cutupú","Vista Bella"
"Cibao Sur","La Vega","La Vega","Arroyo Hondo Arriba","Arroyo Hondo Abajo"
"Cibao Sur","La Vega","La Vega","Arroyo Hondo Arriba","Arroyo Hondo Arriba"
"Cibao Sur","La Vega","La Vega","Arroyo Hondo Arriba","Bonagua Los Sirices"
"Cibao Sur","La Vega","La Vega","Arroyo Hondo Arriba","La Jabilla"
"Cibao Sur","La Vega","La Vega","Arroyo Hondo Arriba","Los Quezada"
"Cibao Sur","La Vega","La Vega","Bonagua","Bonagua"
"Cibao Sur","La Vega","La Vega","Bonagua","El Caimito"
"Cibao Sur","La Vega","La Vega","Bonagua","El Llano"
"Cibao Sur","La Vega","La Vega","Bonagua","La Palmita"
"Cibao Sur","La Vega","La Vega","Bonagua","Romero"
"Cibao Sur","La Vega","La Vega","Mirador","El Azucey"
"Cibao Sur","La Vega","La Vega","Mirador","El Mirador"
"Cibao Sur","La Vega","La Vega","Mirador","Jababa"
"Cibao Sur","La Vega","La Vega","Mirador","Los Hoyos"
"Cibao Sur","La Vega","La Vega","Mirador","Monte Adentro"
"Cibao Sur","La Vega","La Vega","Mirador","Sabaneta"
"Cibao Sur","La Vega","La Vega","El Naranjal","El Naranjal"
"Cibao Sur","La Vega","La Vega","El Naranjal","El Naranjal Adentro"
"Cibao Sur","La Vega","La Vega","El Naranjal","El Tranche"
"Cibao Sur","La Vega","La Vega","El Naranjal","La Cruz del Naranjal"
"Cibao Sur","La Vega","La Vega","El Naranjal","Las Arenas"
"Cibao Sur","La Vega","La Vega","Pueblo Viejo","Colorao"
"Cibao Sur","La Vega","La Vega","Pueblo Viejo","El Aljibe"
"Cibao Sur","La Vega","La Vega","Pueblo Viejo","El Ranchito"
"Cibao Sur","La Vega","La Vega","Pueblo Viejo","La Vereda"
"Cibao Sur","La Vega","La Vega","Pueblo Viejo","Los Suárez"
"Cibao Sur","La Vega","La Vega","Pueblo Viejo","Pueblo Viejo"
"Cibao Sur","La Vega","La Vega","Río Verde Abajo","Cazabito"
"Cibao Sur","La Vega","La Vega","Río Verde Abajo","El Alto del Gallo"
"Cibao Sur","La Vega","La Vega","Río Verde Abajo","El Zumbio"
"Cibao Sur","La Vega","La Vega","Río Verde Abajo","La Lima"
"Cibao Sur","La Vega","La Vega","Río Verde Abajo","Las Cañas"
"Cibao Sur","La Vega","La Vega","Río Verde Abajo","Las Escobas"
"Cibao Sur","La Vega","La Vega","Río Verde Abajo","Los Placeres"
"Cibao Sur","La Vega","La Vega","Río Verde Abajo","Río Verde Abajo"
"Cibao Sur","La Vega","La Vega","Río Verde Arriba","Cagüey"
"Cibao Sur","La Vega","La Vega","Río Verde Arriba","El Caliche"
"Cibao Sur","La Vega","La Vega","Río Verde Arriba","La Destiladera"
"Cibao Sur","La Vega","La Vega","Río Verde Arriba","La Sabana de Río Verde"
"Cibao Sur","La Vega","La Vega","Río Verde Arriba","Los Basora"
"Cibao Sur","La Vega","La Vega","Río Verde Arriba","Manga Larga Abajo"
"Cibao Sur","La Vega","La Vega","Río Verde Arriba","Manga Larga Arriba"
"Cibao Sur","La Vega","La Vega","Río Verde Arriba","Río Verde Arriba"
"Cibao Sur","La Vega","La Vega","El Ranchito","Centro del Pueblo"
"Cibao Sur","La Vega","La Vega","El Ranchito","María Trinidad Sánchez o El Semillero"
"Cibao Sur","La Vega","La Vega","El Ranchito","Ranchito Abajo o El Badén"
"Cibao Sur","La Vega","La Vega","El Ranchito","Urbanización Doña Miledys"
"Cibao Sur","La Vega","La Vega","El Ranchito","Zafarraya"
"Cibao Sur","La Vega","La Vega","Sabana Rey","El Reco"
"Cibao Sur","La Vega","La Vega","Sabana Rey","Hato Viejo"
"Cibao Sur","La Vega","La Vega","Sabana Rey","La Esquina"
"Cibao Sur","La Vega","La Vega","Sabana Rey","La Meseta"
"Cibao Sur","La Vega","La Vega","Sabana Rey","La Otra Vera o Los Cruces"
"Cibao Sur","La Vega","La Vega","Sabana Rey","La Romera"
"Cibao Sur","La Vega","La Vega","Sabana Rey","La Tina"
"Cibao Sur","La Vega","La Vega","Sabana Rey","Los Gallardos"
"Cibao Sur","La Vega","La Vega","Sabana Rey","Los Ranchos"
"Cibao Sur","La Vega","La Vega","Sabana Rey","Los Rincones"
"Cibao Sur","La Vega","La Vega","Sabana Rey","Paso Astacio"
"Cibao Sur","La Vega","La Vega","Sabana Rey","Sabana Rey Arriba"
"Cibao Sur","La Vega","La Vega","El Badén","El Badén"
"Cibao Sur","La Vega","La Vega","El Badén","El Tamarindo"
"Cibao Sur","La Vega","La Vega","El Badén","La Bruja"
"Cibao Sur","La Vega","La Vega","El Badén","La Jagüita"
"Cibao Sur","La Vega","La Vega","El Badén","La Reforma"
"Cibao Sur","La Vega","La Vega","El Badén","Los Solares u Orlando Martínez"
"Cibao Sur","La Vega","La Vega","El Badén","Ranchito Abajo"
"Cibao Sur","La Vega","La Vega","La Rosa","La Privada"
"Cibao Sur","La Vega","La Vega","La Rosa","La Rosa"
"Cibao Sur","La Vega","La Vega","La Rosa","Los Samanes"
"Cibao Sur","La Vega","La Vega","La Jina Hueca","La Jina Hueca"
"Cibao Sur","La Vega","La Vega","La Jina Hueca","Conuco Viejo"
"Cibao Sur","La Vega","La Vega","La Jina Hueca","El Aguacate"
"Cibao Sur","La Vega","La Vega","La Jina Hueca","El Jobo"
"Cibao Sur","La Vega","La Vega","La Jina Hueca","El Morro"
"Cibao Sur","La Vega","La Vega","La Jina Hueca","La Cabra"
"Cibao Sur","La Vega","La Vega","La Jina Hueca","La Cotorra"
"Cibao Sur","La Vega","La Vega","La Jina Hueca","La Jagüita"
"Cibao Sur","La Vega","La Vega","La Jina Hueca","La Presa"
"Cibao Sur","La Vega","La Vega","La Jina Hueca","Loma del Coco"
"Cibao Sur","La Vega","La Vega","La Jina Hueca","Los Indios"
"Cibao Sur","La Vega","La Vega","La Jina Hueca","Los Ranchos de Taveras"
"Cibao Sur","La Vega","La Vega","La Jina Hueca","Poblado de Taveras"
"Cibao Sur","La Vega","La Vega","La Jina Hueca","Tavera"
"Cibao Sur","La Vega","La Vega","La Llanada","Alto del Jobo"
"Cibao Sur","La Vega","La Vega","La Llanada","El Fundo"
"Cibao Sur","La Vega","La Vega","La Llanada","El Pino"
"Cibao Sur","La Vega","La Vega","La Llanada","La Cigua"
"Cibao Sur","La Vega","La Vega","La Llanada","La Cuaba"
"Cibao Sur","La Vega","La Vega","La Llanada","La Sabana"
"Cibao Sur","La Vega","La Vega","La Llanada","La Tala"
"Cibao Sur","La Vega","La Vega","La Llanada","La Tayota"
"Cibao Sur","La Vega","La Vega","La Llanada","Llanada al Medio"
"Cibao Sur","La Vega","La Vega","La Llanada","Llanada de los Jengibres"
"Cibao Sur","La Vega","La Vega","La Llanada","Llanada Parroquia"
"Cibao Sur","La Vega","La Vega","La Llanada","Los Jengibres"
"Cibao Sur","La Vega","La Vega","Jagua Gorda","El Añil"
"Cibao Sur","La Vega","La Vega","Jagua Gorda","El Bejucal"
"Cibao Sur","La Vega","La Vega","Jagua Gorda","El Café"
"Cibao Sur","La Vega","La Vega","Jagua Gorda","El Capá"
"Cibao Sur","La Vega","La Vega","Jagua Gorda","El Colorado"
"Cibao Sur","La Vega","La Vega","Jagua Gorda","El Mameyito"
"Cibao Sur","La Vega","La Vega","Jagua Gorda","Jagua Gorda"
"Cibao Sur","La Vega","La Vega","Jagua Gorda","La Ahumada"
"Cibao Sur","La Vega","La Vega","Jagua Gorda","La Monja"
"Cibao Sur","La Vega","La Vega","Jagua Gorda","La Piña"
"Cibao Sur","La Vega","La Vega","Jagua Gorda","La Piñita"
"Cibao Sur","La Vega","La Vega","Jagua Gorda","Las Cruces"
"Cibao Sur","La Vega","La Vega","Jagua Gorda","Loma de la Palma"
"Cibao Sur","La Vega","La Vega","Jagua Gorda","Loma Firme"
"Cibao Sur","La Vega","La Vega","Jagua Gorda","Loma Sucia"
"Cibao Sur","La Vega","La Vega","Jagua Gorda","Lomita Larga"
"Cibao Sur","La Vega","La Vega","Jagua Gorda","Los Camarones"
"Cibao Sur","La Vega","La Vega","Jagua Gorda","Los Limones"
"Cibao Sur","La Vega","La Vega","Jagua Gorda","Palero"
"Cibao Sur","La Vega","La Vega","Jagua Gorda","Rancho La Vaca"
"Cibao Sur","La Vega","La Vega","Jagua Gorda","Velazquito"
"Cibao Sur","La Vega","La Vega","El Mamey","Ceiba Gorda"
"Cibao Sur","La Vega","La Vega","El Mamey","El Desecho"
"Cibao Sur","La Vega","La Vega","El Mamey","El Laurel"
"Cibao Sur","La Vega","La Vega","El Mamey","El Mamey"
"Cibao Sur","La Vega","La Vega","El Mamey","El Mameyito"
"Cibao Sur","La Vega","La Vega","El Mamey","Jagüey"
"Cibao Sur","La Vega","La Vega","El Mamey","La Guardarraya"
"Cibao Sur","La Vega","La Vega","El Mamey","Los Guineos"
"Cibao Sur","La Vega","La Vega","El Mamey","Los Peladeros"
"Cibao Sur","La Vega","La Vega","El Mamey","Los Rincones"
"Cibao Sur","La Vega","La Vega","El Mamey","Mocán"
"Cibao Sur","La Vega","La Vega","El Mamey","Mocán Campana"
"Cibao Sur","La Vega","La Vega","El Mamey","Pozo Hondo"
"Cibao Sur","La Vega","La Vega","El Mamey","Yabanal"
"Cibao Sur","La Vega","La Vega","Cruce de Barranca","Cruce de Barranca"
"Cibao Sur","La Vega","La Vega","Barranca","Barranca"
"Cibao Sur","La Vega","La Vega","Barranca","Don Lolo"
"Cibao Sur","La Vega","La Vega","Barranca","El Caño Afuera"
"Cibao Sur","La Vega","La Vega","Barranca","Los Pomos"
"Cibao Sur","La Vega","La Vega","Barranca","Los Tocones"
"Cibao Sur","La Vega","La Vega","Barranca","Monte Plata"
"Cibao Sur","La Vega","La Vega","Barranca","Toro Cenizo"
"Cibao Sur","La Vega","La Vega","Las Yerbas","Guachupita"
"Cibao Sur","La Vega","La Vega","Las Yerbas","Jagua Dulce"
"Cibao Sur","La Vega","La Vega","Las Yerbas","Las Yerbas"
"Cibao Sur","La Vega","La Vega","Bacui","Bacui"
"Cibao Sur","La Vega","La Vega","Bacui","Bacui Abajo"
"Cibao Sur","La Vega","La Vega","Bacui","Barrio Nuevo"
"Cibao Sur","La Vega","La Vega","Bacui","Caño Adentro"
"Cibao Sur","La Vega","La Vega","Bacui","El Canal"
"Cibao Sur","La Vega","La Vega","Bacui","El Muelle"
"Cibao Sur","La Vega","La Vega","Bacui","El Polvazo"
"Cibao Sur","La Vega","La Vega","Bacui","Los Cruces"
"Cibao Sur","La Vega","La Vega","Bacui","Los Jimenez"
"Cibao Sur","La Vega","La Vega","Bacui","Los Tanas"
"Cibao Sur","La Vega","La Vega","Bacui","Palma Sola"
"Cibao Sur","La Vega","La Vega","Berruguete","Berruguete"
"Cibao Sur","La Vega","La Vega","Berruguete","Los Diaz"
"Cibao Sur","La Vega","La Vega","Berruguete","Los Garcia"
"Cibao Sur","La Vega","La Vega","Los Hoyos","El Fundo"
"Cibao Sur","La Vega","La Vega","Los Hoyos","Los Caceres"
"Cibao Sur","La Vega","La Vega","Los Hoyos","Los Hoyos"
"Cibao Sur","La Vega","La Vega","Los Hoyos","Los Peña"
"Cibao Sur","Monseñor Nouel","Bonao","Bonao","Agrícola"
"Cibao Sur","Monseñor Nouel","Bonao","Bonao","Brisas del Yuna"
"Cibao Sur","Monseñor Nouel","Bonao","Bonao","Centro del Pueblo"
"Cibao Sur","Monseñor Nouel","Bonao","Bonao","Cristo Rey"
"Cibao Sur","Monseñor Nouel","Bonao","Bonao","El Fundo o San Pedro"
"Cibao Sur","Monseñor Nouel","Bonao","Bonao","El Ocho"
"Cibao Sur","Monseñor Nouel","Bonao","Bonao","Ensanche La Fe"
"Cibao Sur","Monseñor Nouel","Bonao","Bonao","Ensanche Libertad"
"Cibao Sur","Monseñor Nouel","Bonao","Bonao","La Embajada"
"Cibao Sur","Monseñor Nouel","Bonao","Bonao","La Salvia"
"Cibao Sur","Monseñor Nouel","Bonao","Bonao","La Villa"
"Cibao Sur","Monseñor Nouel","Bonao","Bonao","Las Delicias"
"Cibao Sur","Monseñor Nouel","Bonao","Bonao","Las Flores"
"Cibao Sur","Monseñor Nouel","Bonao","Bonao","Las Mercedes"
"Cibao Sur","Monseñor Nouel","Bonao","Bonao","Los Amapololos o Las Amapolas"
"Cibao Sur","Monseñor Nouel","Bonao","Bonao","Los Héroes"
"Cibao Sur","Monseñor Nouel","Bonao","Bonao","Los Jardines"
"Cibao Sur","Monseñor Nouel","Bonao","Bonao","Los Platanitos"
"Cibao Sur","Monseñor Nouel","Bonao","Bonao","Los Transformadores"
"Cibao Sur","Monseñor Nouel","Bonao","Bonao","Los Tupamaros"
"Cibao Sur","Monseñor Nouel","Bonao","Bonao","Máximo Gómez"
"Cibao Sur","Monseñor Nouel","Bonao","Bonao","Mejoramiento Social"
"Cibao Sur","Monseñor Nouel","Bonao","Bonao","Prosperidad"
"Cibao Sur","Monseñor Nouel","Bonao","Bonao","Proyecto Yuna"
"Cibao Sur","Monseñor Nouel","Bonao","Bonao","Puerto Rico"
"Cibao Sur","Monseñor Nouel","Bonao","Bonao","Quisqueya"
"Cibao Sur","Monseñor Nouel","Bonao","Bonao","Residencial Don Mario"
"Cibao Sur","Monseñor Nouel","Bonao","Bonao","Residencial Granado"
"Cibao Sur","Monseñor Nouel","Bonao","Bonao","San José"
"Cibao Sur","Monseñor Nouel","Bonao","Bonao","San Pablo"
"Cibao Sur","Monseñor Nouel","Bonao","Bonao","Santa Rosa"
"Cibao Sur","Monseñor Nouel","Bonao","Bonao","Simón Bolívar"
"Cibao Sur","Monseñor Nouel","Bonao","Bonao","Villa Liberación"
"Cibao Sur","Monseñor Nouel","Bonao","Bonao","Villa Linda I"
"Cibao Sur","Monseñor Nouel","Bonao","El Verde","Arroyo Coral Falso (Los Arroyos)"
"Cibao Sur","Monseñor Nouel","Bonao","El Verde","Barrancón (La Mina)"
"Cibao Sur","Monseñor Nouel","Bonao","El Verde","Caño Claro"
"Cibao Sur","Monseñor Nouel","Bonao","El Verde","Caribe"
"Cibao Sur","Monseñor Nouel","Bonao","El Verde","El Cercadillo"
"Cibao Sur","Monseñor Nouel","Bonao","El Verde","El Playón"
"Cibao Sur","Monseñor Nouel","Bonao","El Verde","El Verde"
"Cibao Sur","Monseñor Nouel","Bonao","El Verde","Hato Viejo"
"Cibao Sur","Monseñor Nouel","Bonao","El Verde","La Ciénaga"
"Cibao Sur","Monseñor Nouel","Bonao","El Verde","La Cuchilla"
"Cibao Sur","Monseñor Nouel","Bonao","El Verde","La Yautía"
"Cibao Sur","Monseñor Nouel","Bonao","El Verde","Las Avispas"
"Cibao Sur","Monseñor Nouel","Bonao","El Verde","Los Horcones"
"Cibao Sur","Monseñor Nouel","Bonao","El Verde","Los Jengibres"
"Cibao Sur","Monseñor Nouel","Bonao","El Verde","Viejo Alejo"
"Cibao Sur","Monseñor Nouel","Bonao","El Verde","Yujo"
"Cibao Sur","Monseñor Nouel","Bonao","El Verde","Yujo Abajo"
"Cibao Sur","Monseñor Nouel","Bonao","Los Arroces","Borojol Humanices"
"Cibao Sur","Monseñor Nouel","Bonao","Los Arroces","Cabirma Clara"
"Cibao Sur","Monseñor Nouel","Bonao","Los Arroces","Charco Prieto"
"Cibao Sur","Monseñor Nouel","Bonao","Los Arroces","El Jobo"
"Cibao Sur","Monseñor Nouel","Bonao","Los Arroces","Jima"
"Cibao Sur","Monseñor Nouel","Bonao","Los Arroces","Las Joyas"
"Cibao Sur","Monseñor Nouel","Bonao","Los Arroces","Loma del Llano"
"Cibao Sur","Monseñor Nouel","Bonao","Los Arroces","Los Arroces Adentro"
"Cibao Sur","Monseñor Nouel","Bonao","Los Arroces","Los Arroces Afuera"
"Cibao Sur","Monseñor Nouel","Bonao","Los Arroces","Los Azufres"
"Cibao Sur","Monseñor Nouel","Bonao","Los Arroces","Los Humanices o Los Anegadizos"
"Cibao Sur","Monseñor Nouel","Bonao","Los Arroces","Punta de Pino"
"Cibao Sur","Monseñor Nouel","Bonao","Sabana del Puerto","Sabana del Puerto"
"Cibao Sur","Monseñor Nouel","Bonao","Palero","Arroyo Claro (Hoyo del Toro)"
"Cibao Sur","Monseñor Nouel","Bonao","Palero","Arroyo El Pino"
"Cibao Sur","Monseñor Nouel","Bonao","Palero","Cañabón"
"Cibao Sur","Monseñor Nouel","Bonao","Palero","Caño Hondo"
"Cibao Sur","Monseñor Nouel","Bonao","Palero","El Cruce"
"Cibao Sur","Monseñor Nouel","Bonao","Palero","Fula"
"Cibao Sur","Monseñor Nouel","Bonao","Palero","Hoya Redonda"
"Cibao Sur","Monseñor Nouel","Bonao","Palero","Jayaquito"
"Cibao Sur","Monseñor Nouel","Bonao","Palero","La Atravesada"
"Cibao Sur","Monseñor Nouel","Bonao","Palero","La Cidra"
"Cibao Sur","Monseñor Nouel","Bonao","Palero","La Cotorra"
"Cibao Sur","Monseñor Nouel","Bonao","Palero","La Manaclita"
"Cibao Sur","Monseñor Nouel","Bonao","Palero","La Presa"
"Cibao Sur","Monseñor Nouel","Bonao","Palero","La Sabana"
"Cibao Sur","Monseñor Nouel","Bonao","Palero","Los Aguacates"
"Cibao Sur","Monseñor Nouel","Bonao","Palero","Los Platanitos"
"Cibao Sur","Monseñor Nouel","Bonao","Palero","Los Quemados"
"Cibao Sur","Monseñor Nouel","Bonao","Palero","Mata Puercos"
"Cibao Sur","Monseñor Nouel","Bonao","Palero","Miranda"
"Cibao Sur","Monseñor Nouel","Bonao","Palero","Palero Abajo"
"Cibao Sur","Monseñor Nouel","Bonao","Palero","Palero Arriba"
"Cibao Sur","Monseñor Nouel","Bonao","Palero","Pedregal"
"Cibao Sur","Monseñor Nouel","Bonao","Jima","Blanco"
"Cibao Sur","Monseñor Nouel","Bonao","Jima","Calle La Piedra"
"Cibao Sur","Monseñor Nouel","Bonao","Jima","Casabito"
"Cibao Sur","Monseñor Nouel","Bonao","Jima","El Abanico"
"Cibao Sur","Monseñor Nouel","Bonao","Jima","El Badén"
"Cibao Sur","Monseñor Nouel","Bonao","Jima","Jatubey"
"Cibao Sur","Monseñor Nouel","Bonao","Jima","La Jaiba"
"Cibao Sur","Monseñor Nouel","Bonao","Jima","La Vaca"
"Cibao Sur","Monseñor Nouel","Bonao","Jima","La Zapa"
"Cibao Sur","Monseñor Nouel","Bonao","Jima","La Zapa Arriba"
"Cibao Sur","Monseñor Nouel","Bonao","Jima","Loma Prieta"
"Cibao Sur","Monseñor Nouel","Bonao","Jima","Los Cacaos"
"Cibao Sur","Monseñor Nouel","Bonao","Jima","Pringamosa"
"Cibao Sur","Monseñor Nouel","Bonao","Juma Bejucal","Juma Adentro"
"Cibao Sur","Monseñor Nouel","Bonao","San Isidro","Bejucal"
"Cibao Sur","Monseñor Nouel","Bonao","San Isidro","Bonaito"
"Cibao Sur","Monseñor Nouel","Bonao","San Isidro","Callejón Chino"
"Cibao Sur","Monseñor Nouel","Bonao","San Isidro","Cerro Montoso"
"Cibao Sur","Monseñor Nouel","Bonao","San Isidro","Entrada de la Falconbridge"
"Cibao Sur","Monseñor Nouel","Bonao","San Isidro","Guamar"
"Cibao Sur","Monseñor Nouel","Bonao","San Isidro","La Berengena (Berenjena)"
"Cibao Sur","Monseñor Nouel","Bonao","San Isidro","La Redonda"
"Cibao Sur","Monseñor Nouel","Bonao","San Isidro","Mirador"
"Cibao Sur","Monseñor Nouel","Bonao","San Isidro","Plan Grande"
"Cibao Sur","Monseñor Nouel","Bonao","San Isidro","Poblado de Juma"
"Cibao Sur","Monseñor Nouel","Bonao","San Isidro","Salsal"
"Cibao Sur","Monseñor Nouel","Bonao","San Isidro","San Isidro"
"Cibao Sur","Monseñor Nouel","Bonao","San Isidro","Trabajo"
"Cibao Sur","Monseñor Nouel","Bonao","Boca de Juma","Boca de Juma"
"Cibao Sur","Monseñor Nouel","Bonao","Boca de Juma","Boca de Yuboa"
"Cibao Sur","Monseñor Nouel","Bonao","Boca de Juma","Caño Grande"
"Cibao Sur","Monseñor Nouel","Bonao","Boca de Juma","Caracol"
"Cibao Sur","Monseñor Nouel","Bonao","Boca de Juma","Los Barros"
"Cibao Sur","Monseñor Nouel","Bonao","Boca de Juma","Palmarito"
"Cibao Sur","Monseñor Nouel","Bonao","Boca de Juma","Rancho Viejo"
"Cibao Sur","Monseñor Nouel","Bonao","El Ocho","El Ocho"
"Cibao Sur","Monseñor Nouel","Bonao","El Ocho","Hatico"
"Cibao Sur","Monseñor Nouel","Bonao","El Ocho","La Trocha"
"Cibao Sur","Monseñor Nouel","Bonao","Arroyo Toro - Masipedro","El Cruce"
"Cibao Sur","Monseñor Nouel","Bonao","El Cruce","Arroyo Bonito"
"Cibao Sur","Monseñor Nouel","Bonao","El Cruce","Arroyo Dulce"
"Cibao Sur","Monseñor Nouel","Bonao","El Cruce","Arroyo Toro Abajo"
"Cibao Sur","Monseñor Nouel","Bonao","El Cruce","Arroyo Toro al Medio"
"Cibao Sur","Monseñor Nouel","Bonao","El Cruce","Arroyo Toro Arriba"
"Cibao Sur","Monseñor Nouel","Bonao","El Cruce","Cañada de Agua"
"Cibao Sur","Monseñor Nouel","Bonao","El Cruce","Colorado"
"Cibao Sur","Monseñor Nouel","Bonao","El Cruce","El Callejón"
"Cibao Sur","Monseñor Nouel","Bonao","El Cruce","El Humen"
"Cibao Sur","Monseñor Nouel","Bonao","El Cruce","El Rincón"
"Cibao Sur","Monseñor Nouel","Bonao","El Cruce","Josesito"
"Cibao Sur","Monseñor Nouel","Bonao","El Cruce","Jugadero"
"Cibao Sur","Monseñor Nouel","Bonao","El Cruce","La Balsa"
"Cibao Sur","Monseñor Nouel","Bonao","El Cruce","La Bija"
"Cibao Sur","Monseñor Nouel","Bonao","El Cruce","La Ciénaga"
"Cibao Sur","Monseñor Nouel","Bonao","El Cruce","La Cienaguita"
"Cibao Sur","Monseñor Nouel","Bonao","El Cruce","La Meseta"
"Cibao Sur","Monseñor Nouel","Bonao","El Cruce","La Rinconada"
"Cibao Sur","Monseñor Nouel","Bonao","El Cruce","La Yerba"
"Cibao Sur","Monseñor Nouel","Bonao","El Cruce","Las Nueces"
"Cibao Sur","Monseñor Nouel","Bonao","El Cruce","Los Anones"
"Cibao Sur","Monseñor Nouel","Bonao","El Cruce","Los Plátanos"
"Cibao Sur","Monseñor Nouel","Bonao","El Cruce","Los Valerios"
"Cibao Sur","Monseñor Nouel","Bonao","El Cruce","Palo Aboqueteado"
"Cibao Sur","Monseñor Nouel","Bonao","El Cruce","Piedra Gorda"
"Cibao Sur","Monseñor Nouel","Bonao","El Cruce","Río Piedra"
"Cibao Sur","Monseñor Nouel","Bonao","Los Bleos","Alto del Zamo"
"Cibao Sur","Monseñor Nouel","Bonao","Los Bleos","Arroyo Corbinato"
"Cibao Sur","Monseñor Nouel","Bonao","Los Bleos","Arroyo Piyoyo"
"Cibao Sur","Monseñor Nouel","Bonao","Los Bleos","Higüerito"
"Cibao Sur","Monseñor Nouel","Bonao","Los Bleos","La Cabirma"
"Cibao Sur","Monseñor Nouel","Bonao","Los Bleos","La Sabana (S.D.)"
"Cibao Sur","Monseñor Nouel","Bonao","Los Bleos","Los Bleos"
"Cibao Sur","Monseñor Nouel","Bonao","Los Bleos","Masipedro"
"Cibao Sur","Monseñor Nouel","Bonao","Los Bleos","Mata Puerco"
"Cibao Sur","Monseñor Nouel","Bonao","Los Bleos","Palma Clara"
"Cibao Sur","Monseñor Nouel","Bonao","Los Bleos","Piyoyo"
"Cibao Sur","Monseñor Nouel","Bonao","Los Bleos","Yaso"
"Cibao Sur","Monseñor Nouel","Bonao","El Coco","Corbinato"
"Cibao Sur","Monseñor Nouel","Bonao","El Coco","El Coco"
"Cibao Sur","Monseñor Nouel","Bonao","El Coco","Lengua Azul"
"Cibao Sur","Monseñor Nouel","Bonao","El Coco","Yaso Abajo (Arroyo Yaso)"
"Cibao Sur","Monseñor Nouel","Bonao","El Coco","Yaso Arriba Fortino (El Frontino)"
"Cibao Sur","Monseñor Nouel","Bonao","Jayaco","Jayaco"
"Cibao Sur","Monseñor Nouel","Bonao","La Ceiba","Arroyo Majagual"
"Cibao Sur","Monseñor Nouel","Bonao","La Ceiba","Caño Piedra I"
"Cibao Sur","Monseñor Nouel","Bonao","La Ceiba","Cruce de la Ceiba"
"Cibao Sur","Monseñor Nouel","Bonao","La Ceiba","El Abanico de la Ceiba"
"Cibao Sur","Monseñor Nouel","Bonao","La Ceiba","Jayaco Arriba"
"Cibao Sur","Monseñor Nouel","Bonao","La Ceiba","La Base"
"Cibao Sur","Monseñor Nouel","Bonao","La Ceiba","La Copla"
"Cibao Sur","Monseñor Nouel","Bonao","La Ceiba","Loma Prieta"
"Cibao Sur","Monseñor Nouel","Bonao","La Ceiba","Los Brazos"
"Cibao Sur","Monseñor Nouel","Bonao","La Ceiba","Los Cauchos"
"Cibao Sur","Monseñor Nouel","Bonao","La Ceiba","Rabo de Chivo"
"Cibao Sur","Monseñor Nouel","Bonao","Jayaco Abajo","Cañabón (Kilómetro 103)"
"Cibao Sur","Monseñor Nouel","Bonao","Jayaco Abajo","El Cercado"
"Cibao Sur","Monseñor Nouel","Bonao","Jayaco Abajo","El Yujo"
"Cibao Sur","Monseñor Nouel","Bonao","Jayaco Abajo","Jayaco Abajo"
"Cibao Sur","Monseñor Nouel","Bonao","Jayaco Abajo","Kilómetro 100"
"Cibao Sur","Monseñor Nouel","Bonao","Jayaco Abajo","Kilómetro 101"
"Cibao Sur","Monseñor Nouel","Bonao","Jayaco Abajo","Peñaló"
"Cibao Sur","Monseñor Nouel","Bonao","Jayaco Abajo","Puerto Rico"
"Cibao Sur","Monseñor Nouel","Bonao","Los Quemados","Los Quemados"
"Cibao Sur","Monseñor Nouel","Bonao","Los Quemados","Arroyo Avispa"
"Cibao Sur","Monseñor Nouel","Bonao","Los Quemados","Boca de Blanco"
"Cibao Sur","Monseñor Nouel","Bonao","Los Quemados","El Capaz"
"Cibao Sur","Monseñor Nouel","Bonao","Los Quemados","El Frío"
"Cibao Sur","Monseñor Nouel","Bonao","Los Quemados","El Novillo"
"Cibao Sur","Monseñor Nouel","Bonao","Los Quemados","El Tanque"
"Cibao Sur","Monseñor Nouel","Bonao","Los Quemados","El Torito"
"Cibao Sur","Monseñor Nouel","Bonao","Los Quemados","Jobobán"
"Cibao Sur","Monseñor Nouel","Bonao","Los Quemados","Jurungo"
"Cibao Sur","Monseñor Nouel","Bonao","Los Quemados","La Placeta de Yuna"
"Cibao Sur","Monseñor Nouel","Bonao","Los Quemados","Loma del Medio"
"Cibao Sur","Monseñor Nouel","Bonao","Los Quemados","Loma Monteada (Torito del Yuna)"
"Cibao Sur","Monseñor Nouel","Bonao","Los Quemados","Los Pedregones"
"Cibao Sur","Monseñor Nouel","Bonao","Los Quemados","Los Quemados"
"Cibao Sur","Monseñor Nouel","Bonao","Los Quemados","Piedra de los Veganos"
"Cibao Sur","Monseñor Nouel","Bonao","Los Quemados","Pino del Yuna"
"Cibao Sur","Monseñor Nouel","Bonao","Cruce de Blanco","Arroyo Atravesado al Medio"
"Cibao Sur","Monseñor Nouel","Bonao","Cruce de Blanco","Arroyo Caña"
"Cibao Sur","Monseñor Nouel","Bonao","Cruce de Blanco","Blanco"
"Cibao Sur","Monseñor Nouel","Bonao","Cruce de Blanco","Boca de Tireo"
"Cibao Sur","Monseñor Nouel","Bonao","Cruce de Blanco","Cienaguita Abajo"
"Cibao Sur","Monseñor Nouel","Bonao","Cruce de Blanco","Cienaguita Arriba"
"Cibao Sur","Monseñor Nouel","Bonao","Cruce de Blanco","El Candongo"
"Cibao Sur","Monseñor Nouel","Bonao","Cruce de Blanco","El Colorado"
"Cibao Sur","Monseñor Nouel","Bonao","Cruce de Blanco","El Higo"
"Cibao Sur","Monseñor Nouel","Bonao","Cruce de Blanco","El Libro"
"Cibao Sur","Monseñor Nouel","Bonao","Cruce de Blanco","El Maco"
"Cibao Sur","Monseñor Nouel","Bonao","Cruce de Blanco","El Meche"
"Cibao Sur","Monseñor Nouel","Bonao","Cruce de Blanco","El Mecherito"
"Cibao Sur","Monseñor Nouel","Bonao","Cruce de Blanco","El Pichón"
"Cibao Sur","Monseñor Nouel","Bonao","Cruce de Blanco","La Ceiba"
"Cibao Sur","Monseñor Nouel","Bonao","Cruce de Blanco","La Cuaba"
"Cibao Sur","Monseñor Nouel","Bonao","Cruce de Blanco","La Goma"
"Cibao Sur","Monseñor Nouel","Bonao","Cruce de Blanco","La Gritona"
"Cibao Sur","Monseñor Nouel","Bonao","Cruce de Blanco","La Vaca"
"Cibao Sur","Monseñor Nouel","Bonao","Cruce de Blanco","Los Capaces"
"Cibao Sur","Monseñor Nouel","Bonao","Cruce de Blanco","Los Cascarones"
"Cibao Sur","Monseñor Nouel","Bonao","Cruce de Blanco","Los Guázaros"
"Cibao Sur","Monseñor Nouel","Bonao","Cruce de Blanco","Los Jagueros"
"Cibao Sur","Monseñor Nouel","Bonao","Cruce de Blanco","Los Pinitos"
"Cibao Sur","Monseñor Nouel","Bonao","Cruce de Blanco","Monteada Nueva"
"Cibao Sur","Monseñor Nouel","Bonao","Cruce de Blanco","Rodeo"
"Cibao Sur","Monseñor Nouel","Bonao","La Cueva","Bejuco Aplastado"
"Cibao Sur","Monseñor Nouel","Bonao","La Cueva","El Chorro"
"Cibao Sur","Monseñor Nouel","Bonao","La Cueva","La Cueva"
"Cibao Sur","Monseñor Nouel","Bonao","La Cueva","Los Palmaritos"
"Cibao Sur","Monseñor Nouel","Bonao","La Cueva","Los Pozos Blancos"
"Cibao Sur","Monseñor Nouel","Maimón","Maimón","Bella Vista"
"Cibao Sur","Monseñor Nouel","Maimón","Maimón","Buenos Aires"
"Cibao Sur","Monseñor Nouel","Maimón","Maimón","Centro del Pueblo"
"Cibao Sur","Monseñor Nouel","Maimón","Maimón","Juan Pablo Duarte"
"Cibao Sur","Monseñor Nouel","Maimón","Maimón","La Raíz"
"Cibao Sur","Monseñor Nouel","Maimón","Maimón","La Sabana"
"Cibao Sur","Monseñor Nouel","Maimón","Maimón","Los Parceleros"
"Cibao Sur","Monseñor Nouel","Maimón","Maimón","Los Pinitos"
"Cibao Sur","Monseñor Nouel","Maimón","Maimón","Los Transformadores"
"Cibao Sur","Monseñor Nouel","Maimón","Maimón","Puerto Rico"
"Cibao Sur","Monseñor Nouel","Maimón","Maimón","Urbanización Maravilla de Hollywood"
"Cibao Sur","Monseñor Nouel","Maimón","Maimón","Venezuela"
"Cibao Sur","Monseñor Nouel","Maimón","Maimón","Vista Hermosa"
"Cibao Sur","Monseñor Nouel","Maimón","Hato Viejo","Batey Guano"
"Cibao Sur","Monseñor Nouel","Maimón","Hato Viejo","Batey Maimón"
"Cibao Sur","Monseñor Nouel","Maimón","Hato Viejo","El Cajuil"
"Cibao Sur","Monseñor Nouel","Maimón","Hato Viejo","El Córbano"
"Cibao Sur","Monseñor Nouel","Maimón","Hato Viejo","El Zinc"
"Cibao Sur","Monseñor Nouel","Maimón","Hato Viejo","El Zinc Abajo"
"Cibao Sur","Monseñor Nouel","Maimón","Hato Viejo","Hato Viejo"
"Cibao Sur","Monseñor Nouel","Maimón","Hato Viejo","La Mina"
"Cibao Sur","Monseñor Nouel","Maimón","Los Martínez","Copey"
"Cibao Sur","Monseñor Nouel","Maimón","Los Martínez","El Corozal"
"Cibao Sur","Monseñor Nouel","Maimón","Los Martínez","El Pino (Los Mellizos)"
"Cibao Sur","Monseñor Nouel","Maimón","Los Martínez","La Leonora"
"Cibao Sur","Monseñor Nouel","Maimón","Los Martínez","La Raíz"
"Cibao Sur","Monseñor Nouel","Maimón","Los Martínez","Leonorita"
"Cibao Sur","Monseñor Nouel","Maimón","Los Martínez","Los Martínez"
"Cibao Sur","Monseñor Nouel","Maimón","Los Martínez","Los Pinitos"
"Cibao Sur","Monseñor Nouel","Maimón","Los Martínez","Sabana Enrique de Copey"
"Cibao Sur","Monseñor Nouel","Piedra Blanca","Piedra Blanca","Buenos Aires"
"Cibao Sur","Monseñor Nouel","Piedra Blanca","Piedra Blanca","Centro del Pueblo (Pueblo Viejo)"
"Cibao Sur","Monseñor Nouel","Piedra Blanca","Piedra Blanca","La Caridad"
"Cibao Sur","Monseñor Nouel","Piedra Blanca","Piedra Blanca","Las Flores"
"Cibao Sur","Monseñor Nouel","Piedra Blanca","Piedra Blanca","Los Multi"
"Cibao Sur","Monseñor Nouel","Piedra Blanca","Piedra Blanca","Nuevo o Pueblo Nuevo"
"Cibao Sur","Monseñor Nouel","Piedra Blanca","Piedra Blanca","San Rafael"
"Cibao Sur","Monseñor Nouel","Piedra Blanca","Piedra Blanca","V Centenario"
"Cibao Sur","Monseñor Nouel","Piedra Blanca","Arroyo Vuelta","Arroyo Majagua"
"Cibao Sur","Monseñor Nouel","Piedra Blanca","Arroyo Vuelta","Arroyo Vuelta Arriba"
"Cibao Sur","Monseñor Nouel","Piedra Blanca","Arroyo Vuelta","El Algarrobito"
"Cibao Sur","Monseñor Nouel","Piedra Blanca","Arroyo Vuelta","La Antena"
"Cibao Sur","Monseñor Nouel","Piedra Blanca","Arroyo Vuelta","La Ceiba"
"Cibao Sur","Monseñor Nouel","Piedra Blanca","Arroyo Vuelta","La Cumbre Abajo"
"Cibao Sur","Monseñor Nouel","Piedra Blanca","Arroyo Vuelta","La Facilidad"
"Cibao Sur","Monseñor Nouel","Piedra Blanca","Arroyo Vuelta","La Leonora"
"Cibao Sur","Monseñor Nouel","Piedra Blanca","Arroyo Vuelta","Piedroso (Pedroso)"
"Cibao Sur","Monseñor Nouel","Piedra Blanca","El 77","Arroyo Palma"
"Cibao Sur","Monseñor Nouel","Piedra Blanca","El 77","Arroyo Pomo-Paso de la Auyama"
"Cibao Sur","Monseñor Nouel","Piedra Blanca","El 77","El 77"
"Cibao Sur","Monseñor Nouel","Piedra Blanca","El 77","El Cinco (El 5)"
"Cibao Sur","Monseñor Nouel","Piedra Blanca","El 77","El Córbano"
"Cibao Sur","Monseñor Nouel","Piedra Blanca","El 77","El Dos (El 2)"
"Cibao Sur","Monseñor Nouel","Piedra Blanca","El 77","El Gaucho"
"Cibao Sur","Monseñor Nouel","Piedra Blanca","El 77","Hoja Ancha"
"Cibao Sur","Monseñor Nouel","Piedra Blanca","El 77","La Jardeta"
"Cibao Sur","Monseñor Nouel","Piedra Blanca","El 77","La Lechuza"
"Cibao Sur","Monseñor Nouel","Piedra Blanca","El 77","La Yabacoa o Batey Yabacoa"
"Cibao Sur","Monseñor Nouel","Piedra Blanca","El 77","Loma Prieta"
"Cibao Sur","Monseñor Nouel","Piedra Blanca","El 77","Madre Vieja"
"Cibao Sur","Monseñor Nouel","Piedra Blanca","El 77","Yabacoa (El Atajadizo)"
"Cibao Sur","Monseñor Nouel","Piedra Blanca","Rincón de Yuboa","Blanco"
"Cibao Sur","Monseñor Nouel","Piedra Blanca","Rincón de Yuboa","Cerro Montoso"
"Cibao Sur","Monseñor Nouel","Piedra Blanca","Rincón de Yuboa","El Campamento"
"Cibao Sur","Monseñor Nouel","Piedra Blanca","Rincón de Yuboa","La Ceibita"
"Cibao Sur","Monseñor Nouel","Piedra Blanca","Rincón de Yuboa","La Cuesta de la Vaca"
"Cibao Sur","Monseñor Nouel","Piedra Blanca","Rincón de Yuboa","La Ensenada Abajo - Alto del Naranjo"
"Cibao Sur","Monseñor Nouel","Piedra Blanca","Rincón de Yuboa","Munene"
"Cibao Sur","Monseñor Nouel","Piedra Blanca","Rincón de Yuboa","Quimbamba"
"Cibao Sur","Monseñor Nouel","Piedra Blanca","Rincón de Yuboa","Rincón de Yuboa"
"Cibao Sur","Monseñor Nouel","Piedra Blanca","Rincón de Yuboa","Vigía"
"Cibao Sur","Monseñor Nouel","Piedra Blanca","Villa de Sonador","Las Hortensias"
"Cibao Sur","Monseñor Nouel","Piedra Blanca","Villa de Sonador","Los Jardines"
"Cibao Sur","Monseñor Nouel","Piedra Blanca","Villa de Sonador","Sector A"
"Cibao Sur","Monseñor Nouel","Piedra Blanca","Villa de Sonador","Sector B (Pueblo Viejo)"
"Cibao Sur","Monseñor Nouel","Piedra Blanca","Villa de Sonador","Urbanización Los Naranjos"
"Cibao Sur","Monseñor Nouel","Piedra Blanca","La Colonia","Finca Tony Rivera (Arroyo Sonador)"
"Cibao Sur","Monseñor Nouel","Piedra Blanca","La Colonia","Julián Suardí"
"Cibao Sur","Monseñor Nouel","Piedra Blanca","La Colonia","La Colonia"
"Cibao Sur","Monseñor Nouel","Piedra Blanca","La Colonia","Lechoso"
"Cibao Sur","Monseñor Nouel","Piedra Blanca","La Colonia","Los Almendros"
"Cibao Sur","Monseñor Nouel","Piedra Blanca","La Colonia","Mirador Arriba"
"Cibao Sur","Monseñor Nouel","Piedra Blanca","La Colonia","Paso del Capá"
"Cibao Sur","Monseñor Nouel","Piedra Blanca","La Colonia","Plan Grande"
"Cibao Sur","Monseñor Nouel","Piedra Blanca","La Colonia","Sonador"
"Cibao Sur","Monseñor Nouel","Piedra Blanca","La Colonia","Sonadorcito"
"Cibao Sur","Monseñor Nouel","Piedra Blanca","La Minita","El Palmar"
"Cibao Sur","Monseñor Nouel","Piedra Blanca","La Minita","Ingenio"
"Cibao Sur","Monseñor Nouel","Piedra Blanca","La Minita","La Minita"
"Cibao Sur","Monseñor Nouel","Piedra Blanca","La Minita","Las Jardetas"
"Cibao Sur","Monseñor Nouel","Piedra Blanca","Juan Adrián","Juan Adrián"
"Cibao Sur","Monseñor Nouel","Piedra Blanca","El Zumbador","El Salto"
"Cibao Sur","Monseñor Nouel","Piedra Blanca","El Zumbador","El Zumbador"
"Cibao Sur","Monseñor Nouel","Piedra Blanca","El Zumbador","Gajo de las Flores"
"Cibao Sur","Monseñor Nouel","Piedra Blanca","El Zumbador","Los Pedregones"
"Cibao Sur","Monseñor Nouel","Piedra Blanca","El Zumbador","Puerto Rico"
"Cibao Sur","Monseñor Nouel","Piedra Blanca","El Zumbador","Vista Alegre"
"Cibao Sur","Monseñor Nouel","Piedra Blanca","El Zumbador","Zumbadorcito (Las Palmas)"
"Cibao Sur","Monseñor Nouel","Piedra Blanca","Los Plátanos","Arroyo del Rancho"
"Cibao Sur","Monseñor Nouel","Piedra Blanca","Los Plátanos","Arroyo Pomo"
"Cibao Sur","Monseñor Nouel","Piedra Blanca","Los Plátanos","El Desvío"
"Cibao Sur","Monseñor Nouel","Piedra Blanca","Los Plátanos","La Privada"
"Cibao Sur","Monseñor Nouel","Piedra Blanca","Los Plátanos","Los Plátanos"
"Cibao Sur","Monseñor Nouel","Piedra Blanca","Los Plátanos","Sector David"
"Cibao Sur","Monseñor Nouel","Piedra Blanca","Los Plátanos","Zumbador Abajo"
"Cibao Sur","Monseñor Nouel","Piedra Blanca","La Yautía","El Cacao"
"Cibao Sur","Monseñor Nouel","Piedra Blanca","La Yautía","El Llano"
"Cibao Sur","Monseñor Nouel","Piedra Blanca","La Yautía","Kilómetro 16"
"Cibao Sur","Monseñor Nouel","Piedra Blanca","La Yautía","La Ensenada"
"Cibao Sur","Monseñor Nouel","Piedra Blanca","La Yautía","La Yautía"
"Cibao Sur","Monseñor Nouel","Piedra Blanca","La Yautía","Los Zanjones"
"Cibao Sur","Sanchez Ramírez","Cevicos","Cevicos","24 de Abril"
"Cibao Sur","Sanchez Ramírez","Cevicos","Cevicos","El Progreso (Los Cajuiles)"
"Cibao Sur","Sanchez Ramírez","Cevicos","Cevicos","El Rincón"
"Cibao Sur","Sanchez Ramírez","Cevicos","Cevicos","El Tamarindo"
"Cibao Sur","Sanchez Ramírez","Cevicos","Cevicos","Las Palmas"
"Cibao Sur","Sanchez Ramírez","Cevicos","Cevicos","Zona Céntrica Cevicos"
"Cibao Sur","Sanchez Ramírez","Cevicos","Abadesa","Abadesa"
"Cibao Sur","Sanchez Ramírez","Cevicos","Abadesa","Arenoso"
"Cibao Sur","Sanchez Ramírez","Cevicos","Abadesa","Batey Doña María"
"Cibao Sur","Sanchez Ramírez","Cevicos","Abadesa","Batey Jabonico"
"Cibao Sur","Sanchez Ramírez","Cevicos","Abadesa","Batey Las Arenas"
"Cibao Sur","Sanchez Ramírez","Cevicos","Abadesa","Batey Piedra"
"Cibao Sur","Sanchez Ramírez","Cevicos","Abadesa","Caño El Naranjo"
"Cibao Sur","Sanchez Ramírez","Cevicos","Abadesa","Castellar"
"Cibao Sur","Sanchez Ramírez","Cevicos","Abadesa","Cevicos Arriba"
"Cibao Sur","Sanchez Ramírez","Cevicos","Abadesa","Cienagote"
"Cibao Sur","Sanchez Ramírez","Cevicos","Abadesa","Cooperativa"
"Cibao Sur","Sanchez Ramírez","Cevicos","Abadesa","Cruce de Jagua"
"Cibao Sur","Sanchez Ramírez","Cevicos","Abadesa","Cuesta Blanca"
"Cibao Sur","Sanchez Ramírez","Cevicos","Abadesa","Doña María"
"Cibao Sur","Sanchez Ramírez","Cevicos","Abadesa","El Cacao"
"Cibao Sur","Sanchez Ramírez","Cevicos","Abadesa","Hoya Fresca"
"Cibao Sur","Sanchez Ramírez","Cevicos","Abadesa","Llanada"
"Cibao Sur","Sanchez Ramírez","Cevicos","Abadesa","Los Cercadillos"
"Cibao Sur","Sanchez Ramírez","Cevicos","Abadesa","Los Higos"
"Cibao Sur","Sanchez Ramírez","Cevicos","Abadesa","Los Hoyos"
"Cibao Sur","Sanchez Ramírez","Cevicos","Abadesa","Los Manatíes"
"Cibao Sur","Sanchez Ramírez","Cevicos","Abadesa","Los Mapolos"
"Cibao Sur","Sanchez Ramírez","Cevicos","Abadesa","Palmar"
"Cibao Sur","Sanchez Ramírez","Cevicos","Abadesa","Paso Hondo"
"Cibao Sur","Sanchez Ramírez","Cevicos","Abadesa","Piedra"
"Cibao Sur","Sanchez Ramírez","Cevicos","Abadesa","Sabana del Río"
"Cibao Sur","Sanchez Ramírez","Cevicos","Abadesa","Sonador"
"Cibao Sur","Sanchez Ramírez","Cevicos","Abadesa","Valle Grande"
"Cibao Sur","Sanchez Ramírez","Cevicos","Batero","Batero"
"Cibao Sur","Sanchez Ramírez","Cevicos","Batero","Batero Arriba"
"Cibao Sur","Sanchez Ramírez","Cevicos","Batero","Consumidero"
"Cibao Sur","Sanchez Ramírez","Cevicos","Batero","El Ciguar - (Rañe)"
"Cibao Sur","Sanchez Ramírez","Cevicos","Batero","El Taranal - Caimito"
"Cibao Sur","Sanchez Ramírez","Cevicos","Batero","La Ceibita"
"Cibao Sur","Sanchez Ramírez","Cevicos","Batero","La Loma"
"Cibao Sur","Sanchez Ramírez","Cevicos","Batero","Laguna Grande"
"Cibao Sur","Sanchez Ramírez","Cevicos","Batero","Las Guáyigas"
"Cibao Sur","Sanchez Ramírez","Cevicos","Batero","Los Peralejos"
"Cibao Sur","Sanchez Ramírez","Cevicos","Batero","Los Tamarindos"
"Cibao Sur","Sanchez Ramírez","Cevicos","Batero","Primera Boca"
"Cibao Sur","Sanchez Ramírez","Cevicos","Batero","Sabana Abajo"
"Cibao Sur","Sanchez Ramírez","Cevicos","Batero","Sabana Arriba"
"Cibao Sur","Sanchez Ramírez","Cevicos","Batero","Sabana del Mariscao"
"Cibao Sur","Sanchez Ramírez","Cevicos","Batero","Yunita"
"Cibao Sur","Sanchez Ramírez","Cevicos","La Cueva","Centro del Pueblo"
"Cibao Sur","Sanchez Ramírez","Cevicos","La Cueva","El Tanque"
"Cibao Sur","Sanchez Ramírez","Cevicos","La Cueva","La Fe (Antiguo La Teta)"
"Cibao Sur","Sanchez Ramírez","Cevicos","La Cueva","La Mora"
"Cibao Sur","Sanchez Ramírez","Cevicos","La Cueva","Los Gracilianos"
"Cibao Sur","Sanchez Ramírez","Cevicos","La Cueva","San José"
"Cibao Sur","Sanchez Ramírez","Cevicos","La Cueva","El Pozo de Coli"
"Cibao Sur","Sanchez Ramírez","Cevicos","La Cueva","El Pozo de La Ceiba"
"Cibao Sur","Sanchez Ramírez","Cevicos","La Cueva","Hoyo de Luis"
"Cibao Sur","Sanchez Ramírez","Cevicos","La Cueva","La Ceiba Vieja"
"Cibao Sur","Sanchez Ramírez","Cevicos","La Cueva","La Guácara"
"Cibao Sur","Sanchez Ramírez","Cevicos","La Cueva","La Mora"
"Cibao Sur","Sanchez Ramírez","Cevicos","La Cueva","La Zumbadora (La Colecita)"
"Cibao Sur","Sanchez Ramírez","Cevicos","La Cueva","Los Mameyejos"
"Cibao Sur","Sanchez Ramírez","Cevicos","Sabana Grande","El Caño"
"Cibao Sur","Sanchez Ramírez","Cevicos","Sabana Grande","La Colecita Arriba"
"Cibao Sur","Sanchez Ramírez","Cevicos","Sabana Grande","Los Haitises"
"Cibao Sur","Sanchez Ramírez","Cevicos","Sabana Grande","Los Peralejos"
"Cibao Sur","Sanchez Ramírez","Cevicos","Sabana Grande","Primera Boca"
"Cibao Sur","Sanchez Ramírez","Cevicos","Sabana Grande","Sabana Chiquita"
"Cibao Sur","Sanchez Ramírez","Cevicos","Sabana Grande","Sabana Grande"
"Cibao Sur","Sanchez Ramírez","Cevicos","Sabana Grande","Sabaneta"
"Cibao Sur","Sanchez Ramírez","Cotuí","Cotuí","Acapulco"
"Cibao Sur","Sanchez Ramírez","Cotuí","Cotuí","El Centro"
"Cibao Sur","Sanchez Ramírez","Cotuí","Cotuí","El Dorado"
"Cibao Sur","Sanchez Ramírez","Cotuí","Cotuí","El Hato"
"Cibao Sur","Sanchez Ramírez","Cotuí","Cotuí","El Limpio"
"Cibao Sur","Sanchez Ramírez","Cotuí","Cotuí","El Paraíso"
"Cibao Sur","Sanchez Ramírez","Cotuí","Cotuí","El Tamarindo"
"Cibao Sur","Sanchez Ramírez","Cotuí","Cotuí","El Tanque"
"Cibao Sur","Sanchez Ramírez","Cotuí","Cotuí","Hicaco o El Alto de la Batata"
"Cibao Sur","Sanchez Ramírez","Cotuí","Cotuí","Juan Pablo Duarte"
"Cibao Sur","Sanchez Ramírez","Cotuí","Cotuí","La Altagracia al Norte"
"Cibao Sur","Sanchez Ramírez","Cotuí","Cotuí","La Altagracia ll"
"Cibao Sur","Sanchez Ramírez","Cotuí","Cotuí","La Colonia o Lindo"
"Cibao Sur","Sanchez Ramírez","Cotuí","Cotuí","La Cruz"
"Cibao Sur","Sanchez Ramírez","Cotuí","Cotuí","La Esperanza"
"Cibao Sur","Sanchez Ramírez","Cotuí","Cotuí","La Estancia"
"Cibao Sur","Sanchez Ramírez","Cotuí","Cotuí","La Fortaleza"
"Cibao Sur","Sanchez Ramírez","Cotuí","Cotuí","La Gallera"
"Cibao Sur","Sanchez Ramírez","Cotuí","Cotuí","La Policia o Urbanización Palma Real"
"Cibao Sur","Sanchez Ramírez","Cotuí","Cotuí","La Yuca"
"Cibao Sur","Sanchez Ramírez","Cotuí","Cotuí","Las Colinas"
"Cibao Sur","Sanchez Ramírez","Cotuí","Cotuí","Las Flores"
"Cibao Sur","Sanchez Ramírez","Cotuí","Cotuí","Las Yaguas"
"Cibao Sur","Sanchez Ramírez","Cotuí","Cotuí","Libertad"
"Cibao Sur","Sanchez Ramírez","Cotuí","Cotuí","Los Cajuiles"
"Cibao Sur","Sanchez Ramírez","Cotuí","Cotuí","Los Cocos"
"Cibao Sur","Sanchez Ramírez","Cotuí","Cotuí","Los Españoles"
"Cibao Sur","Sanchez Ramírez","Cotuí","Cotuí","Los Multi"
"Cibao Sur","Sanchez Ramírez","Cotuí","Cotuí","Los Pinos"
"Cibao Sur","Sanchez Ramírez","Cotuí","Cotuí","Los Pomos"
"Cibao Sur","Sanchez Ramírez","Cotuí","Cotuí","Los Tocones"
"Cibao Sur","Sanchez Ramírez","Cotuí","Cotuí","Olímpico"
"Cibao Sur","Sanchez Ramírez","Cotuí","Cotuí","Plan Piloto"
"Cibao Sur","Sanchez Ramírez","Cotuí","Cotuí","Pueblo Nuevo"
"Cibao Sur","Sanchez Ramírez","Cotuí","Cotuí","Residencial Brisas del Coral"
"Cibao Sur","Sanchez Ramírez","Cotuí","Cotuí","Residencial Don Pedro"
"Cibao Sur","Sanchez Ramírez","Cotuí","Cotuí","Rosario Dominicana (Los Mineros)"
"Cibao Sur","Sanchez Ramírez","Cotuí","Cotuí","Sabana al Medio"
"Cibao Sur","Sanchez Ramírez","Cotuí","Cotuí","San Martín"
"Cibao Sur","Sanchez Ramírez","Cotuí","Cotuí","Santa Fe"
"Cibao Sur","Sanchez Ramírez","Cotuí","Cotuí","Santa Rosa"
"Cibao Sur","Sanchez Ramírez","Cotuí","Cotuí","Urbanización Elfa"
"Cibao Sur","Sanchez Ramírez","Cotuí","Cotuí","Urbanización Los Maestros"
"Cibao Sur","Sanchez Ramírez","Cotuí","Cotuí","Villa del Sol I"
"Cibao Sur","Sanchez Ramírez","Cotuí","Cotuí","Vista del Valle"
"Cibao Sur","Sanchez Ramírez","Cotuí","Hatillo","Colorado"
"Cibao Sur","Sanchez Ramírez","Cotuí","Hatillo","El Coco"
"Cibao Sur","Sanchez Ramírez","Cotuí","Hatillo","El Plátano"
"Cibao Sur","Sanchez Ramírez","Cotuí","Hatillo","Hatillo"
"Cibao Sur","Sanchez Ramírez","Cotuí","Hatillo","La Trinchera"
"Cibao Sur","Sanchez Ramírez","Cotuí","Hatillo","Los Cacaos"
"Cibao Sur","Sanchez Ramírez","Cotuí","Hatillo","Los Ranchos"
"Cibao Sur","Sanchez Ramírez","Cotuí","Hatillo","Monte Negro"
"Cibao Sur","Sanchez Ramírez","Cotuí","Hatillo","Palo de Cuaba"
"Cibao Sur","Sanchez Ramírez","Cotuí","Hatillo","Pueblo Viejo"
"Cibao Sur","Sanchez Ramírez","Cotuí","Hatillo","Rancho Abajo"
"Cibao Sur","Sanchez Ramírez","Cotuí","Hatillo","Sabana Verde"
"Cibao Sur","Sanchez Ramírez","Cotuí","Hatillo","San Juan"
"Cibao Sur","Sanchez Ramírez","Cotuí","Hatillo","Zinc"
"Cibao Sur","Sanchez Ramírez","Cotuí","Los Cerros","Cruce Maguaca"
"Cibao Sur","Sanchez Ramírez","Cotuí","Los Cerros","Duey Grande"
"Cibao Sur","Sanchez Ramírez","Cotuí","Los Cerros","Duey Pequeño"
"Cibao Sur","Sanchez Ramírez","Cotuí","Los Cerros","El Limón"
"Cibao Sur","Sanchez Ramírez","Cotuí","Los Cerros","Jiminillo"
"Cibao Sur","Sanchez Ramírez","Cotuí","Los Cerros","Jobo Claro"
"Cibao Sur","Sanchez Ramírez","Cotuí","Los Cerros","La Cabirma"
"Cibao Sur","Sanchez Ramírez","Cotuí","Los Cerros","La Llanada"
"Cibao Sur","Sanchez Ramírez","Cotuí","Los Cerros","La Sabana"
"Cibao Sur","Sanchez Ramírez","Cotuí","Los Cerros","La Yaya"
"Cibao Sur","Sanchez Ramírez","Cotuí","Los Cerros","Los Callejones"
"Cibao Sur","Sanchez Ramírez","Cotuí","Los Cerros","Los Capaces"
"Cibao Sur","Sanchez Ramírez","Cotuí","Los Cerros","Los Cerros de Duey"
"Cibao Sur","Sanchez Ramírez","Cotuí","Los Cerros","Sabana de Duey"
"Cibao Sur","Sanchez Ramírez","Cotuí","Los Cerros","Sabana Verde"
"Cibao Sur","Sanchez Ramírez","Cotuí","Los Cerros","Villa Raza"
"Cibao Sur","Sanchez Ramírez","Cotuí","Sabana Grande Abajo","Benito"
"Cibao Sur","Sanchez Ramírez","Cotuí","Sabana Grande Abajo","Caño Hondo"
"Cibao Sur","Sanchez Ramírez","Cotuí","Sabana Grande Abajo","Castillo"
"Cibao Sur","Sanchez Ramírez","Cotuí","Sabana Grande Abajo","El Guanábano"
"Cibao Sur","Sanchez Ramírez","Cotuí","Sabana Grande Abajo","El Hato"
"Cibao Sur","Sanchez Ramírez","Cotuí","Sabana Grande Abajo","Jibe"
"Cibao Sur","Sanchez Ramírez","Cotuí","Sabana Grande Abajo","La Bomba"
"Cibao Sur","Sanchez Ramírez","Cotuí","Sabana Grande Abajo","La Ceiba"
"Cibao Sur","Sanchez Ramírez","Cotuí","Sabana Grande Abajo","La Lechosa"
"Cibao Sur","Sanchez Ramírez","Cotuí","Sabana Grande Abajo","La Marga"
"Cibao Sur","Sanchez Ramírez","Cotuí","Sabana Grande Abajo","La Palmita"
"Cibao Sur","Sanchez Ramírez","Cotuí","Sabana Grande Abajo","La Rosa - La Colonia"
"Cibao Sur","Sanchez Ramírez","Cotuí","Sabana Grande Abajo","La Tusa"
"Cibao Sur","Sanchez Ramírez","Cotuí","Sabana Grande Abajo","La Zumbadora"
"Cibao Sur","Sanchez Ramírez","Cotuí","Sabana Grande Abajo","Las Palmillas"
"Cibao Sur","Sanchez Ramírez","Cotuí","Sabana Grande Abajo","Monte Claro"
"Cibao Sur","Sanchez Ramírez","Cotuí","Sabana Grande Abajo","Rincón Hato"
"Cibao Sur","Sanchez Ramírez","Cotuí","Sabana Grande Abajo","Sabana Grande Abajo"
"Cibao Sur","Sanchez Ramírez","Cotuí","Sabana Grande Abajo","Sabana Grande de Saballo"
"Cibao Sur","Sanchez Ramírez","Cotuí","Sabana Grande Abajo","Valle Grande"
"Cibao Sur","Sanchez Ramírez","Cotuí","Quita Sueño","El Club"
"Cibao Sur","Sanchez Ramírez","Cotuí","Quita Sueño","El Tanque o Quijá Quieta"
"Cibao Sur","Sanchez Ramírez","Cotuí","Quita Sueño","La Escuela"
"Cibao Sur","Sanchez Ramírez","Cotuí","Quita Sueño","La Isleta"
"Cibao Sur","Sanchez Ramírez","Cotuí","Quita Sueño","Las Cruces o La Cantera"
"Cibao Sur","Sanchez Ramírez","Cotuí","Las Cruces","El Broque"
"Cibao Sur","Sanchez Ramírez","Cotuí","Las Cruces","La Yabacoa"
"Cibao Sur","Sanchez Ramírez","Cotuí","Las Cruces","Las Cruces"
"Cibao Sur","Sanchez Ramírez","Cotuí","La Estancia","Buenos Aires"
"Cibao Sur","Sanchez Ramírez","Cotuí","La Estancia","Capacho"
"Cibao Sur","Sanchez Ramírez","Cotuí","La Estancia","La Estancia"
"Cibao Sur","Sanchez Ramírez","Cotuí","Los Transformadores","La Bomba"
"Cibao Sur","Sanchez Ramírez","Cotuí","Caballero","La Sabana"
"Cibao Sur","Sanchez Ramírez","Cotuí","Sabana de Caballero","Arroyo Laja"
"Cibao Sur","Sanchez Ramírez","Cotuí","Sabana de Caballero","El Samo"
"Cibao Sur","Sanchez Ramírez","Cotuí","Sabana de Caballero","El Yujo"
"Cibao Sur","Sanchez Ramírez","Cotuí","Sabana de Caballero","La Búcara"
"Cibao Sur","Sanchez Ramírez","Cotuí","Sabana de Caballero","La Sabana"
"Cibao Sur","Sanchez Ramírez","Cotuí","Sabana de Caballero","Las Tres Ceibas"
"Cibao Sur","Sanchez Ramírez","Cotuí","Sabana de Caballero","Los Jaguales"
"Cibao Sur","Sanchez Ramírez","Cotuí","Sabana de Caballero","Yujo Abajo"
"Cibao Sur","Sanchez Ramírez","Cotuí","Los Palmaritos","El Rincón"
"Cibao Sur","Sanchez Ramírez","Cotuí","Los Palmaritos","Loma Arriba"
"Cibao Sur","Sanchez Ramírez","Cotuí","Los Palmaritos","Los Leones"
"Cibao Sur","Sanchez Ramírez","Cotuí","Los Palmaritos","Los Palmaritos"
"Cibao Sur","Sanchez Ramírez","Cotuí","Los Palmaritos","Pie de Loma"
"Cibao Sur","Sanchez Ramírez","Cotuí","Atalaya","Atalaya Abajo"
"Cibao Sur","Sanchez Ramírez","Cotuí","Atalaya","Atalaya Arriba"
"Cibao Sur","Sanchez Ramírez","Cotuí","Atalaya","El Llano"
"Cibao Sur","Sanchez Ramírez","Cotuí","Atalaya","El Ocho (El 8)"
"Cibao Sur","Sanchez Ramírez","Cotuí","Atalaya","Loma del Gallo"
"Cibao Sur","Sanchez Ramírez","Cotuí","Atalaya","Los Guzmán"
"Cibao Sur","Sanchez Ramírez","Cotuí","La Sabana de Comedero","Comedero"
"Cibao Sur","Sanchez Ramírez","Cotuí","Los Barraquitos","Barraquito"
"Cibao Sur","Sanchez Ramírez","Cotuí","Los Barraquitos","Cascajal"
"Cibao Sur","Sanchez Ramírez","Cotuí","Los Barraquitos","El Guao"
"Cibao Sur","Sanchez Ramírez","Cotuí","Los Barraquitos","Higo Gordo"
"Cibao Sur","Sanchez Ramírez","Cotuí","Los Barraquitos","Las Cidra"
"Cibao Sur","Sanchez Ramírez","Cotuí","Los Barraquitos","Reinoso"
"Cibao Sur","Sanchez Ramírez","Cotuí","Los Barraquitos","Rodeo"
"Cibao Sur","Sanchez Ramírez","Cotuí","Los Pinos","Comedero Arriba"
"Cibao Sur","Sanchez Ramírez","Cotuí","Los Pinos","La Zarza"
"Cibao Sur","Sanchez Ramírez","Cotuí","Los Pinos","Los Cafés"
"Cibao Sur","Sanchez Ramírez","Cotuí","Los Pinos","Los Catuanes"
"Cibao Sur","Sanchez Ramírez","Cotuí","Los Pinos","Los Pinos"
"Cibao Sur","Sanchez Ramírez","Cotuí","Los Pinos","Sabana Postrera"
"Cibao Sur","Sanchez Ramírez","Cotuí","Los Caboríes","Alto del Samo"
"Cibao Sur","Sanchez Ramírez","Cotuí","Los Caboríes","El Diviso"
"Cibao Sur","Sanchez Ramírez","Cotuí","Los Caboríes","El Rinconazo"
"Cibao Sur","Sanchez Ramírez","Cotuí","Los Caboríes","Haití La Cueva"
"Cibao Sur","Sanchez Ramírez","Cotuí","Los Caboríes","La Loma de Comedero"
"Cibao Sur","Sanchez Ramírez","Cotuí","Los Caboríes","La Majagua"
"Cibao Sur","Sanchez Ramírez","Cotuí","Los Caboríes","Los Caboríes"
"Cibao Sur","Sanchez Ramírez","Cotuí","Platanal","Guardarraya"
"Cibao Sur","Sanchez Ramírez","Cotuí","Platanal","Platanal"
"Cibao Sur","Sanchez Ramírez","Cotuí","Platanal","Barico"
"Cibao Sur","Sanchez Ramírez","Cotuí","Platanal","El Aguacatico"
"Cibao Sur","Sanchez Ramírez","Cotuí","Platanal","El Tope o Sabana Arriba"
"Cibao Sur","Sanchez Ramírez","Cotuí","Platanal","La Culebra"
"Cibao Sur","Sanchez Ramírez","Cotuí","Platanal","Loma Colorada (El Polvaso)"
"Cibao Sur","Sanchez Ramírez","Cotuí","Platanal","Matías"
"Cibao Sur","Sanchez Ramírez","Cotuí","Platanal","Platanal"
"Cibao Sur","Sanchez Ramírez","Cotuí","Alto de Casiano","Boca de Jibes"
"Cibao Sur","Sanchez Ramírez","Cotuí","Alto de Casiano","Camino Real (Alto de Casiano)"
"Cibao Sur","Sanchez Ramírez","Cotuí","Alto de Casiano","El Rancho"
"Cibao Sur","Sanchez Ramírez","Cotuí","Alto de Casiano","La Vuelta"
"Cibao Sur","Sanchez Ramírez","Cotuí","Chacuey","Chacuey"
"Cibao Sur","Sanchez Ramírez","Cotuí","Chacuey","El Aguacate"
"Cibao Sur","Sanchez Ramírez","Cotuí","Chacuey","El Puente"
"Cibao Sur","Sanchez Ramírez","Cotuí","Chacuey","Sabana Abajo"
"Cibao Sur","Sanchez Ramírez","Cotuí","Chacuey","Sabana Arriba"
"Cibao Sur","Sanchez Ramírez","Cotuí","Babarí","Babarí"
"Cibao Sur","Sanchez Ramírez","Cotuí","Babarí","Don Miguel"
"Cibao Sur","Sanchez Ramírez","Cotuí","Zambrana Abajo","Zambrana Abajo"
"Cibao Sur","Sanchez Ramírez","Cotuí","El Limpio","Guardianón"
"Cibao Sur","Sanchez Ramírez","Cotuí","El Limpio","Jobo Claro"
"Cibao Sur","Sanchez Ramírez","Cotuí","El Limpio","La Atravesada"
"Cibao Sur","Sanchez Ramírez","Cotuí","El Limpio","Los Corocitos"
"Cibao Sur","Sanchez Ramírez","Cotuí","El Limpio","Mariscao"
"Cibao Sur","Sanchez Ramírez","Cotuí","El Limpio","Sabana Rey"
"Cibao Sur","Sanchez Ramírez","Cotuí","El Limpio","San Isidro"
"Cibao Sur","Sanchez Ramírez","Cotuí","Zambrana Arriba","Algarrobal"
"Cibao Sur","Sanchez Ramírez","Cotuí","Zambrana Arriba","Cumba"
"Cibao Sur","Sanchez Ramírez","Cotuí","Zambrana Arriba","Gurabo"
"Cibao Sur","Sanchez Ramírez","Cotuí","Zambrana Arriba","La Cueva"
"Cibao Sur","Sanchez Ramírez","Cotuí","Zambrana Arriba","La Jagua Mocha"
"Cibao Sur","Sanchez Ramírez","Cotuí","Zambrana Arriba","La Placeta"
"Cibao Sur","Sanchez Ramírez","Cotuí","Zambrana Arriba","Las Dos Palmas"
"Cibao Sur","Sanchez Ramírez","Cotuí","Zambrana Arriba","Las Lajas"
"Cibao Sur","Sanchez Ramírez","Cotuí","Zambrana Arriba","Las Tres Bocas"
"Cibao Sur","Sanchez Ramírez","Cotuí","Zambrana Arriba","Zambrana Arriba"
"Cibao Sur","Sanchez Ramírez","Cotuí","Sabana Larga","Sabana Larga Abajo"
"Cibao Sur","Sanchez Ramírez","Cotuí","Sabana Larga","Sabana Larga Arriba"
"Cibao Sur","Sanchez Ramírez","Cotuí","Chacuey Maldonado Arriba","Arroyo Grande"
"Cibao Sur","Sanchez Ramírez","Cotuí","Chacuey Maldonado Arriba","El Corozo"
"Cibao Sur","Sanchez Ramírez","Cotuí","Chacuey Maldonado Arriba","El Jamito"
"Cibao Sur","Sanchez Ramírez","Cotuí","Chacuey Maldonado Arriba","El Limón"
"Cibao Sur","Sanchez Ramírez","Cotuí","Chacuey Maldonado Arriba","La Atravesada"
"Cibao Sur","Sanchez Ramírez","Cotuí","Chacuey Maldonado Arriba","La Caoba"
"Cibao Sur","Sanchez Ramírez","Cotuí","Chacuey Maldonado Arriba","La Culata"
"Cibao Sur","Sanchez Ramírez","Cotuí","Chacuey Maldonado Arriba","La Hondonada"
"Cibao Sur","Sanchez Ramírez","Cotuí","Chacuey Maldonado Arriba","La Jabilla"
"Cibao Sur","Sanchez Ramírez","Cotuí","Chacuey Maldonado Arriba","La Jagua"
"Cibao Sur","Sanchez Ramírez","Cotuí","Chacuey Maldonado Arriba","La Llanada"
"Cibao Sur","Sanchez Ramírez","Cotuí","Chacuey Maldonado Arriba","La Placeta"
"Cibao Sur","Sanchez Ramírez","Cotuí","Chacuey Maldonado Arriba","Las Lajas"
"Cibao Sur","Sanchez Ramírez","Cotuí","Chacuey Maldonado Arriba","Loma de la Gallina"
"Cibao Sur","Sanchez Ramírez","Cotuí","Chacuey Maldonado Arriba","Los Jobos"
"Cibao Sur","Sanchez Ramírez","Cotuí","Chacuey Maldonado Arriba","Los Pomos"
"Cibao Sur","Sanchez Ramírez","Cotuí","Chacuey Maldonado Arriba","Los Tres Pasos de Chacuey"
"Cibao Sur","Sanchez Ramírez","Cotuí","Chacuey Maldonado Arriba","Los Yagrumos"
"Cibao Sur","Sanchez Ramírez","Cotuí","Chacuey Maldonado Arriba","Naranjos"
"Cibao Sur","Sanchez Ramírez","Cotuí","Chacuey Maldonado Arriba","Tojín"
"Cibao Sur","Sanchez Ramírez","Cotuí","Las Lagunas","Arroyo Vuelta"
"Cibao Sur","Sanchez Ramírez","Cotuí","Las Lagunas","El Higo"
"Cibao Sur","Sanchez Ramírez","Cotuí","Las Lagunas","El Rayo"
"Cibao Sur","Sanchez Ramírez","Cotuí","Las Lagunas","El Yagal"
"Cibao Sur","Sanchez Ramírez","Cotuí","Las Lagunas","Fátima - La Bascua"
"Cibao Sur","Sanchez Ramírez","Cotuí","Las Lagunas","La Piñita"
"Cibao Sur","Sanchez Ramírez","Cotuí","Las Lagunas","La Quebradita"
"Cibao Sur","Sanchez Ramírez","Cotuí","Las Lagunas","Las Lagunas"
"Cibao Sur","Sanchez Ramírez","Cotuí","Las Lagunas","Las Tres Bocas II"
"Cibao Sur","Sanchez Ramírez","Cotuí","Las Lagunas","Los Naranjos"
"Cibao Sur","Sanchez Ramírez","Cotuí","Las Lagunas","Maguaca"
"Cibao Sur","Sanchez Ramírez","Cotuí","Las Lagunas","Pepe Pérez - Cuchilla"
"Cibao Sur","Sanchez Ramírez","Cotuí","Las Lagunas","Piedra Imán"
"Cibao Sur","Sanchez Ramírez","Cotuí","Tocoa","Tocoa"
"Cibao Sur","Sanchez Ramírez","Fantino","Fantino","Capotillo"
"Cibao Sur","Sanchez Ramírez","Fantino","Fantino","El Malecón"
"Cibao Sur","Sanchez Ramírez","Fantino","Fantino","El Puentecito o Cumajón"
"Cibao Sur","Sanchez Ramírez","Fantino","Fantino","Juan Pablo Duarte"
"Cibao Sur","Sanchez Ramírez","Fantino","Fantino","La Altagracia"
"Cibao Sur","Sanchez Ramírez","Fantino","Fantino","La Esperanza"
"Cibao Sur","Sanchez Ramírez","Fantino","Fantino","Las Flores"
"Cibao Sur","Sanchez Ramírez","Fantino","Fantino","Libertad o Juan Castaño"
"Cibao Sur","Sanchez Ramírez","Fantino","Fantino","Los Maestros"
"Cibao Sur","Sanchez Ramírez","Fantino","Fantino","Los Multi"
"Cibao Sur","Sanchez Ramírez","Fantino","Fantino","Residencial Aurora"
"Cibao Sur","Sanchez Ramírez","Fantino","Fantino","Urbanización Eduvil"
"Cibao Sur","Sanchez Ramírez","Fantino","Fantino","Urbanización Los Rosarios"
"Cibao Sur","Sanchez Ramírez","Fantino","San Miguel","Alto del Pino"
"Cibao Sur","Sanchez Ramírez","Fantino","San Miguel","Bacumi"
"Cibao Sur","Sanchez Ramírez","Fantino","San Miguel","Cojobal"
"Cibao Sur","Sanchez Ramírez","Fantino","San Miguel","Comedero Abajo"
"Cibao Sur","Sanchez Ramírez","Fantino","San Miguel","El Corozo"
"Cibao Sur","Sanchez Ramírez","Fantino","San Miguel","Hato Mayor o La Laja"
"Cibao Sur","Sanchez Ramírez","Fantino","San Miguel","La Piedra"
"Cibao Sur","Sanchez Ramírez","Fantino","San Miguel","Los Cayucos"
"Cibao Sur","Sanchez Ramírez","Fantino","San Miguel","Los Puentecitos"
"Cibao Sur","Sanchez Ramírez","Fantino","San Miguel","Patria Nueva"
"Cibao Sur","Sanchez Ramírez","Fantino","San Miguel","San Miguel Abajo"
"Cibao Sur","Sanchez Ramírez","Fantino","San Miguel","San Miguel Arriba"
"Cibao Sur","Sanchez Ramírez","Fantino","Sierra Prieta","Baton Caliente"
"Cibao Sur","Sanchez Ramírez","Fantino","Sierra Prieta","Blanco (El Pinito)"
"Cibao Sur","Sanchez Ramírez","Fantino","Sierra Prieta","Camú - Proyecto Canaán"
"Cibao Sur","Sanchez Ramírez","Fantino","Sierra Prieta","Don Juan"
"Cibao Sur","Sanchez Ramírez","Fantino","Sierra Prieta","El Can"
"Cibao Sur","Sanchez Ramírez","Fantino","Sierra Prieta","El Hoyo del Can"
"Cibao Sur","Sanchez Ramírez","Fantino","Sierra Prieta","La Ceniza"
"Cibao Sur","Sanchez Ramírez","Fantino","Sierra Prieta","La Conce"
"Cibao Sur","Sanchez Ramírez","Fantino","Sierra Prieta","La Guácara"
"Cibao Sur","Sanchez Ramírez","Fantino","Sierra Prieta","La Reforma"
"Cibao Sur","Sanchez Ramírez","Fantino","Sierra Prieta","La Sabana del Hato"
"Cibao Sur","Sanchez Ramírez","Fantino","Sierra Prieta","Los Bejucos"
"Cibao Sur","Sanchez Ramírez","Fantino","Sierra Prieta","Los Capaces"
"Cibao Sur","Sanchez Ramírez","Fantino","Sierra Prieta","Los Corozos (Cara Sucia)"
"Cibao Sur","Sanchez Ramírez","Fantino","Sierra Prieta","Piña al Medio"
"Cibao Sur","Sanchez Ramírez","Fantino","Sierra Prieta","Piña Vieja"
"Cibao Sur","Sanchez Ramírez","Fantino","Sierra Prieta","Sierra Prieta"
"Cibao Sur","Sanchez Ramírez","Villa La Mata","Villa La Mata","El Cruce"
"Cibao Sur","Sanchez Ramírez","Villa La Mata","Villa La Mata","El Limpio o La Cigua"
"Cibao Sur","Sanchez Ramírez","Villa La Mata","Villa La Mata","El Parque"
"Cibao Sur","Sanchez Ramírez","Villa La Mata","Villa La Mata","INDRHI"
"Cibao Sur","Sanchez Ramírez","Villa La Mata","Villa La Mata","Inespre"
"Cibao Sur","Sanchez Ramírez","Villa La Mata","Villa La Mata","La Escuela"
"Cibao Sur","Sanchez Ramírez","Villa La Mata","Villa La Mata","La Unión"
"Cibao Sur","Sanchez Ramírez","Villa La Mata","Villa La Mata","Los Goyos"
"Cibao Sur","Sanchez Ramírez","Villa La Mata","Villa La Mata","Los Higüeros"
"Cibao Sur","Sanchez Ramírez","Villa La Mata","Villa La Mata","Monte Adentro"
"Cibao Sur","Sanchez Ramírez","Villa La Mata","Villa La Mata","Paz y Amor"
"Cibao Sur","Sanchez Ramírez","Villa La Mata","Los Corozos","Agua Sarca"
"Cibao Sur","Sanchez Ramírez","Villa La Mata","Los Corozos","El Pozo"
"Cibao Sur","Sanchez Ramírez","Villa La Mata","Los Corozos","La Laja"
"Cibao Sur","Sanchez Ramírez","Villa La Mata","Los Corozos","La Piñita"
"Cibao Sur","Sanchez Ramírez","Villa La Mata","Los Corozos","La Recta"
"Cibao Sur","Sanchez Ramírez","Villa La Mata","Los Corozos","Los Corozos"
"Cibao Sur","Sanchez Ramírez","Villa La Mata","Los Corozos","Monte Abajo"
"Cibao Sur","Sanchez Ramírez","Villa La Mata","Los Corozos","Santa Pola"
"Cibao Sur","Sanchez Ramírez","Villa La Mata","Los Corozos","Trifurcación"
"Cibao Sur","Sanchez Ramírez","Villa La Mata","Los Corozos","Vereda de Yuna"
"Cibao Sur","Sanchez Ramírez","Villa La Mata","La Bija","Cabeza de Toro"
"Cibao Sur","Sanchez Ramírez","Villa La Mata","La Bija","La Bija"
"Cibao Sur","Sanchez Ramírez","Villa La Mata","La Bija","La Chinola"
"Cibao Sur","Sanchez Ramírez","Villa La Mata","La Bija","Mata de Conuco"
"Cibao Sur","Sanchez Ramírez","Villa La Mata","La Bija","Pueblo Nuevo"
"Cibao Sur","Sanchez Ramírez","Villa La Mata","La Soledad","El Charco"
"Cibao Sur","Sanchez Ramírez","Villa La Mata","La Soledad","La Cuba"
"Cibao Sur","Sanchez Ramírez","Villa La Mata","La Soledad","La Pangola"
"Cibao Sur","Sanchez Ramírez","Villa La Mata","La Soledad","La Soledad"
"Cibao Sur","Sanchez Ramírez","Villa La Mata","La Soledad","Monte Río"
"Cibao Sur","Sanchez Ramírez","Villa La Mata","La Soledad","Pueblo Nuevo"
"Cibao Sur","Sanchez Ramírez","Villa La Mata","La Piedra","Boca de Camú"
"Cibao Sur","Sanchez Ramírez","Villa La Mata","La Piedra","Guire (Aguirre)"
"Cibao Sur","Sanchez Ramírez","Villa La Mata","La Piedra","Higüerito - La Factoría"
"Cibao Sur","Sanchez Ramírez","Villa La Mata","La Piedra","La Bija"
"Cibao Sur","Sanchez Ramírez","Villa La Mata","La Piedra","La Piedra"
"Cibao Sur","Sanchez Ramírez","Villa La Mata","La Piedra","Puente de Camú"
"Cibao Sur","Sanchez Ramírez","Villa La Mata","El Canal Mayor","Cabeza de Toro"
"Cibao Sur","Sanchez Ramírez","Villa La Mata","El Canal Mayor","El Canal"
"Cibao Sur","Sanchez Ramírez","Villa La Mata","El Canal Mayor","Hato Viejo"
"Cibao Sur","Sanchez Ramírez","Villa La Mata","El Canal Mayor","Malmelí (Maimely)"
"Cibao Sur","Sanchez Ramírez","Villa La Mata","El Canal Mayor","Mata de Conuco"
"Cibao Sur","Sanchez Ramírez","Villa La Mata","Angelina","Cruce de Angelina o Guachupita"
"Cibao Sur","Sanchez Ramírez","Villa La Mata","Angelina","La Cruz de Angelina"
"Cibao Sur","Sanchez Ramírez","Villa La Mata","Cruce de Angelina","El Batey o La Paloma"
"Cibao Sur","Sanchez Ramírez","Villa La Mata","Cruce de Angelina","El Cruce de Angelina"
"Cibao Sur","Sanchez Ramírez","Villa La Mata","Cruce de Angelina","Guachupita"
"Cibao Sur","Sanchez Ramírez","Villa La Mata","Padre Fantino","El Pescozón (Sector Padre Fantino)"
"Cibao Sur","Sanchez Ramírez","Villa La Mata","Padre Fantino","Pacho Pegao"
"Cibao Sur","Sanchez Ramírez","Villa La Mata","Padre Fantino","Puncha Maquito"
"Cibao Sur","Sanchez Ramírez","Villa La Mata","Padre Fantino","Sector IAD"
"Cibao Sur","Sanchez Ramírez","Villa La Mata","La Cruz de Angelina","Hoyo de Oro"
"Cibao Sur","Sanchez Ramírez","Villa La Mata","La Cruz de Angelina","Hoyo Grande"
"Cibao Sur","Sanchez Ramírez","Villa La Mata","La Cruz de Angelina","Los Cafecitos"
"Cibao Sur","Sanchez Ramírez","Villa La Mata","La Cruz de Angelina","Los Castellanos"
"Cibao Sur","Sanchez Ramírez","Villa La Mata","La Cruz de Angelina","Los Cocos"
"Cibao Sur","Sanchez Ramírez","Villa La Mata","La Cruz de Angelina","Rincón Moreno"
"Cibao Sur","Sanchez Ramírez","Villa La Mata","La Cruz de Angelina","Río Viejo"
"Cibao Sur","Sanchez Ramírez","Villa La Mata","El Limoncito","Barrio Lindo"
"Cibao Sur","Sanchez Ramírez","Villa La Mata","El Limoncito","El Limoncito"
"Cibao Sur","Sanchez Ramírez","Villa La Mata","El Limoncito","El Remolino"
"Cibao Sur","Sanchez Ramírez","Villa La Mata","El Limoncito","El Tanque"
"Cibao Sur","Sanchez Ramírez","Villa La Mata","El Limoncito","La Fortuna"
"Cibao Sur","Sanchez Ramírez","Villa La Mata","Hernando Alonzo","El Caserío o Hernando Alonzo"
"Cibao Sur","Sanchez Ramírez","Villa La Mata","La Guamita","Boma"
"Cibao Sur","Sanchez Ramírez","Villa La Mata","La Guamita","Las Auyamas"
"Cibao Sur","Sanchez Ramírez","Villa La Mata","La Guamita","Las Guamitas"
"Cibao Sur","Sanchez Ramírez","Villa La Mata","La Guamita","Loma del Burro"
"Cibao Sur","Sanchez Ramírez","Villa La Mata","La Guamita","Rincón Grande"
"Cibao Sur","Sanchez Ramírez","Villa La Mata","La Cana","Canas Abajo"
"Cibao Sur","Sanchez Ramírez","Villa La Mata","La Cana","Canas al Medio"
"Cibao Sur","Sanchez Ramírez","Villa La Mata","La Cana","Canas Arriba"
"Cibao Sur","Sanchez Ramírez","Villa La Mata","La Cana","Monte Abajo"
"Cibao Sur","Sanchez Ramírez","Villa La Mata","Hernando Alonzo","El Aguacate"
"Cibao Sur","Sanchez Ramírez","Villa La Mata","Hernando Alonzo","El Caserío"
"Cibao Sur","Sanchez Ramírez","Villa La Mata","Hernando Alonzo","El Hato"
"Cibao Sur","Sanchez Ramírez","Villa La Mata","Hernando Alonzo","El Hoyo"
"Cibao Sur","Sanchez Ramírez","Villa La Mata","Hernando Alonzo","El Hundidero"
"Cibao Sur","Sanchez Ramírez","Villa La Mata","Hernando Alonzo","Loma El Peñón"
"Cibao Sur","Sanchez Ramírez","Villa La Mata","Hernando Alonzo","Los Botados"
"Cibao Sur","Sanchez Ramírez","Villa La Mata","Hernando Alonzo","Los Brazos"
"Cibao Sur","Sanchez Ramírez","Villa La Mata","Hernando Alonzo","Los Cerros"
"Cibao Sur","Sanchez Ramírez","Villa La Mata","Hernando Alonzo","Los Conucones"
"Cibao Sur","Sanchez Ramírez","Villa La Mata","Hernando Alonzo","Pisaña"
"Cibao Sur","Sanchez Ramírez","Villa La Mata","Hernando Alonzo","Punta Larga"
"Cibao Sur","Sanchez Ramírez","Villa La Mata","Hernando Alonzo","Quebrada Honda"
"Cibao Sur","Sanchez Ramírez","Villa La Mata","Hernando Alonzo","Rodeo o Hernando Alonzo Abajo"
"Cibao Sur","Sanchez Ramírez","Villa La Mata","Hernando Alonzo","Sabana de Meladito"
"El Valle","Elías Piña","Bánica","Bánica","Centro del Pueblo"
"El Valle","Elías Piña","Bánica","Bánica","La Planta o El Gajo"
"El Valle","Elías Piña","Bánica","Bánica","La Recta"
"El Valle","Elías Piña","Bánica","Las Cañitas","Blas"
"El Valle","Elías Piña","Bánica","Las Cañitas","El Escarbadero"
"El Valle","Elías Piña","Bánica","Las Cañitas","El Mamoncito"
"El Valle","Elías Piña","Bánica","Las Cañitas","El Papayo"
"El Valle","Elías Piña","Bánica","Las Cañitas","Las Cañitas"
"El Valle","Elías Piña","Bánica","Las Cañitas","Los Memisos"
"El Valle","Elías Piña","Bánica","Las Cañitas","María Isabel"
"El Valle","Elías Piña","Bánica","Las Cañitas","Rincón Grande"
"El Valle","Elías Piña","Bánica","Tabacal","El Caobal"
"El Valle","Elías Piña","Bánica","Tabacal","La Cruz"
"El Valle","Elías Piña","Bánica","Tabacal","Los Pinos"
"El Valle","Elías Piña","Bánica","Tabacal","Tabacal"
"El Valle","Elías Piña","Bánica","Rastrillo","Espinosa"
"El Valle","Elías Piña","Bánica","Sabana Cruz","Centro del Pueblo"
"El Valle","Elías Piña","Bánica","Sabana Cruz","El Guayabo"
"El Valle","Elías Piña","Bánica","Sabana Cruz","El Mamoncito"
"El Valle","Elías Piña","Bánica","Sabana Cruz","El Peligro"
"El Valle","Elías Piña","Bánica","Sabana Cruz","Los Jobitos"
"El Valle","Elías Piña","Bánica","Sabana Cruz","Sabana Cruz"
"El Valle","Elías Piña","Bánica","Sabana Cruz","San Andrés"
"El Valle","Elías Piña","Bánica","Guayabal","Guayabal"
"El Valle","Elías Piña","Bánica","Guayabal","Hato Viejo"
"El Valle","Elías Piña","Bánica","Guayabal","Pilón"
"El Valle","Elías Piña","Bánica","Guaroa","Guaroa"
"El Valle","Elías Piña","Bánica","Guaroa","Manyaya"
"El Valle","Elías Piña","Bánica","El Fondo","El Fondo de Sabana Cruz"
"El Valle","Elías Piña","Bánica","El Fondo","Los Cercadillos"
"El Valle","Elías Piña","Bánica","El Fondo","Sabana Grande"
"El Valle","Elías Piña","Bánica","Sabana Higüero","Higüero"
"El Valle","Elías Piña","Bánica","Higüerito","Arroyo Salado"
"El Valle","Elías Piña","Bánica","Higüerito","Blas Martínez"
"El Valle","Elías Piña","Bánica","Higüerito","La Corcovada"
"El Valle","Elías Piña","Bánica","Higüerito","La Lajita"
"El Valle","Elías Piña","Bánica","Higüerito","La Mina"
"El Valle","Elías Piña","Bánica","Higüerito","Las Chupaderas"
"El Valle","Elías Piña","Bánica","Higüerito","Las Herraduras (La Herradura)"
"El Valle","Elías Piña","Bánica","Higüerito","Los Campechitos"
"El Valle","Elías Piña","Bánica","Higüerito","Los Pinalitos"
"El Valle","Elías Piña","Bánica","Higüerito","Mata Bonita"
"El Valle","Elías Piña","Bánica","Los Yareyes","Clavellina"
"El Valle","Elías Piña","Bánica","Los Yareyes","El Anón"
"El Valle","Elías Piña","Bánica","Los Yareyes","El Campeche (Los Yareyes)"
"El Valle","Elías Piña","Bánica","Los Yareyes","El Palistal"
"El Valle","Elías Piña","Bánica","Los Yareyes","La Peña"
"El Valle","Elías Piña","Bánica","Los Yareyes","Los Pinitos"
"El Valle","Elías Piña","Bánica","Los Yareyes","Los Yareyes"
"El Valle","Elías Piña","Bánica","El Cantón","Charco Colorado"
"El Valle","Elías Piña","Bánica","El Cantón","El Cantón"
"El Valle","Elías Piña","Bánica","El Cantón","El Charco"
"El Valle","Elías Piña","Bánica","El Cantón","El Pon"
"El Valle","Elías Piña","Bánica","El Cantón","El Vallecito"
"El Valle","Elías Piña","Bánica","El Cantón","Hato Viejo"
"El Valle","Elías Piña","Bánica","El Cantón","La Majuana"
"El Valle","Elías Piña","Bánica","El Cantón","La Viajaca"
"El Valle","Elías Piña","Bánica","El Cantón","Los Boquerones"
"El Valle","Elías Piña","Bánica","El Cantón","Palma Sola"
"El Valle","Elías Piña","Bánica","El Cantón","Sabana del Pino"
"El Valle","Elías Piña","Bánica","El Cantón","Sabana en Medio"
"El Valle","Elías Piña","Bánica","El Cantón","Sabana Mula"
"El Valle","Elías Piña","Bánica","Cabeza de la Sabana","Arroyo Seco"
"El Valle","Elías Piña","Bánica","Cabeza de la Sabana","La Cana"
"El Valle","Elías Piña","Bánica","Cabeza de la Sabana","La Caya"
"El Valle","Elías Piña","Bánica","Cabeza de la Sabana","Los Brito"
"El Valle","Elías Piña","Bánica","Cabeza de la Sabana","Naranjo (El Naranjo)"
"El Valle","Elías Piña","Comendador","Comendador","Aduana"
"El Valle","Elías Piña","Comendador","Comendador","Ana Patria Martínez"
"El Valle","Elías Piña","Comendador","Comendador","Centro del Pueblo"
"El Valle","Elías Piña","Comendador","Comendador","Cristo Salvador"
"El Valle","Elías Piña","Comendador","Comendador","El Cementerio"
"El Valle","Elías Piña","Comendador","Comendador","El Play"
"El Valle","Elías Piña","Comendador","Comendador","Galindo"
"El Valle","Elías Piña","Comendador","Comendador","La Antena"
"El Valle","Elías Piña","Comendador","Comendador","La Delicia"
"El Valle","Elías Piña","Comendador","Comendador","La Hortensia"
"El Valle","Elías Piña","Comendador","Comendador","La Virgen"
"El Valle","Elías Piña","Comendador","Comendador","Lavador Norte"
"El Valle","Elías Piña","Comendador","Comendador","Los Paulinos"
"El Valle","Elías Piña","Comendador","Comendador","Villa Progreso"
"El Valle","Elías Piña","Comendador","Los Rinconcitos","Los Rinconcitos"
"El Valle","Elías Piña","Comendador","Los Rinconcitos","Sabana Campo"
"El Valle","Elías Piña","Comendador","Los Rinconcitos","Sabana Yegua"
"El Valle","Elías Piña","Comendador","Puello","Afortunada"
"El Valle","Elías Piña","Comendador","Puello","Corral de Marcos"
"El Valle","Elías Piña","Comendador","Puello","Cruce de Malena"
"El Valle","Elías Piña","Comendador","Puello","El Carril"
"El Valle","Elías Piña","Comendador","Puello","Hato Nuevo"
"El Valle","Elías Piña","Comendador","Puello","La Margarita"
"El Valle","Elías Piña","Comendador","Puello","Lambederos"
"El Valle","Elías Piña","Comendador","Puello","Pozo Hondo"
"El Valle","Elías Piña","Comendador","Puello","Puello"
"El Valle","Elías Piña","Comendador","La Jagua","Cruce de Mundito"
"El Valle","Elías Piña","Comendador","La Jagua","La Jagua"
"El Valle","Elías Piña","Comendador","Juan Felipe","Caobal"
"El Valle","Elías Piña","Comendador","Juan Felipe","Juan Felipe"
"El Valle","Elías Piña","Comendador","Juan Felipe","Los Callejones"
"El Valle","Elías Piña","Comendador","Juan Felipe","Los Jengibres Arriba"
"El Valle","Elías Piña","Comendador","Macasía","Carrera Verde"
"El Valle","Elías Piña","Comendador","Macasía","El Hoyo"
"El Valle","Elías Piña","Comendador","Macasía","El Morro"
"El Valle","Elías Piña","Comendador","Macasía","Las dos Bocas"
"El Valle","Elías Piña","Comendador","Macasía","Macasía"
"El Valle","Elías Piña","Comendador","Las Patillas","Carrera de Sierra"
"El Valle","Elías Piña","Comendador","Las Patillas","El Carrizal"
"El Valle","Elías Piña","Comendador","Las Patillas","La Cabra - El Cerro"
"El Valle","Elías Piña","Comendador","Las Patillas","La Ceiba"
"El Valle","Elías Piña","Comendador","Las Patillas","Las Patillas"
"El Valle","Elías Piña","Comendador","Las Patillas","Los Corocitos"
"El Valle","Elías Piña","Comendador","El Pino","El Pino"
"El Valle","Elías Piña","Comendador","El Pino","Guazumal"
"El Valle","Elías Piña","Comendador","El Pino","La Barranca"
"El Valle","Elías Piña","Comendador","El Pino","La Cuna"
"El Valle","Elías Piña","Comendador","El Pino","Mata Bonita"
"El Valle","Elías Piña","Comendador","El Pino","Rancho del Negro"
"El Valle","Elías Piña","Comendador","Pinzón","El Duan"
"El Valle","Elías Piña","Comendador","Pinzón","El Hueso"
"El Valle","Elías Piña","Comendador","Pinzón","La Lomita"
"El Valle","Elías Piña","Comendador","Pinzón","Lucazada"
"El Valle","Elías Piña","Comendador","Pinzón","Pinzón"
"El Valle","Elías Piña","Comendador","Pinzón","Prudencio"
"El Valle","Elías Piña","Comendador","Pinzón","Roncador"
"El Valle","Elías Piña","Comendador","Sabana Larga","Sabana Larga"
"El Valle","Elías Piña","Comendador","Sabana Larga","Escondidito"
"El Valle","Elías Piña","Comendador","Sabana Larga","La Rosa"
"El Valle","Elías Piña","Comendador","Angostura","Angostura"
"El Valle","Elías Piña","Comendador","Angostura","Junquito"
"El Valle","Elías Piña","Comendador","Angostura","Los Cocuyos"
"El Valle","Elías Piña","Comendador","Angostura","Los Córbanos"
"El Valle","Elías Piña","Comendador","Angostura","Los Jobazos"
"El Valle","Elías Piña","Comendador","Angostura","Monte Grande"
"El Valle","Elías Piña","Comendador","Angostura","Piedra Hincada"
"El Valle","Elías Piña","Comendador","Hato Viejo","Candelón (El Candelón)"
"El Valle","Elías Piña","Comendador","Hato Viejo","Cañada Grande"
"El Valle","Elías Piña","Comendador","Hato Viejo","El Batey"
"El Valle","Elías Piña","Comendador","Hato Viejo","Hato Viejo"
"El Valle","Elías Piña","Comendador","Potroso","La Cotorra"
"El Valle","Elías Piña","Comendador","Potroso","La Mina"
"El Valle","Elías Piña","Comendador","Potroso","La Mina Arriba"
"El Valle","Elías Piña","Comendador","Potroso","Ojo de Agua"
"El Valle","Elías Piña","Comendador","Potroso","Potroso"
"El Valle","Elías Piña","Comendador","Potroso","Tierra Honda (Tierra Hundida)"
"El Valle","Elías Piña","Comendador","Potro Blanco","El Barrero"
"El Valle","Elías Piña","Comendador","Potro Blanco","El Salto"
"El Valle","Elías Piña","Comendador","Potro Blanco","La Estrelleta"
"El Valle","Elías Piña","Comendador","Potro Blanco","Potro Blanco"
"El Valle","Elías Piña","Comendador","Potro Blanco","Sabaneta"
"El Valle","Elías Piña","Comendador","Guayabo","Guayabo"
"El Valle","Elías Piña","Comendador","Guayabo","Lavador Sur"
"El Valle","Elías Piña","Comendador","Guayabo","Los Mangos"
"El Valle","Elías Piña","Comendador","Guayabo","Militar"
"El Valle","Elías Piña","Comendador","Guazumal","Guazumal Abajo"
"El Valle","Elías Piña","Comendador","Guazumal","Guazumal Arriba"
"El Valle","Elías Piña","Comendador","Guazumal","Meseta del Pino"
"El Valle","Elías Piña","Comendador","Guazumal","Palermo"
"El Valle","Elías Piña","Comendador","Isidro Martínez","Isidro Martínez"
"El Valle","Elías Piña","Comendador","Isidro Martínez","La Lajita de Antonio Moreta"
"El Valle","Elías Piña","Comendador","Isidro Martínez","Palo Grande"
"El Valle","Elías Piña","Comendador","Isidro Martínez","Zobacón (Sobacón)"
"El Valle","Elías Piña","Comendador","Isidro Martínez","Zobacón Abajo (Sobacón Abajo)"
"El Valle","Elías Piña","Comendador","Isidro Martínez","Zobacón Arriba (Sobacón Arriba)"
"El Valle","Elías Piña","Comendador","La Meseta","El Cedro"
"El Valle","Elías Piña","Comendador","La Meseta","Guardia Vieja"
"El Valle","Elías Piña","Comendador","La Meseta","La Meseta (Sabana de Guayabo)"
"El Valle","Elías Piña","Comendador","La Meseta","La Meseta Abajo"
"El Valle","Elías Piña","Comendador","La Meseta","La Meseta Arriba"
"El Valle","Elías Piña","Comendador","La Meseta","La Tinaja o Tinajita"
"El Valle","Elías Piña","El Llano","El Llano","El Llano"
"El Valle","Elías Piña","El Llano","Reboso","El Chivo (Guazumal - El Chivo)"
"El Valle","Elías Piña","El Llano","Reboso","El Mamoncito"
"El Valle","Elías Piña","El Llano","Reboso","Los Fundos (El Fundo)"
"El Valle","Elías Piña","El Llano","Reboso","Media Luna"
"El Valle","Elías Piña","El Llano","Reboso","Palma Cana"
"El Valle","Elías Piña","El Llano","Reboso","Palo Grande"
"El Valle","Elías Piña","El Llano","Reboso","Palo Seco"
"El Valle","Elías Piña","El Llano","Reboso","Piedra Hincada"
"El Valle","Elías Piña","El Llano","Reboso","Reboso - Pontón de el Llano"
"El Valle","Elías Piña","El Llano","Guanito","Guanito"
"El Valle","Elías Piña","El Llano","Guanito","Guanito"
"El Valle","Elías Piña","El Llano","Guanito","Juan Cano"
"El Valle","Elías Piña","El Llano","Guanito","La Lajita"
"El Valle","Elías Piña","El Llano","Guanito","Los Arroyos"
"El Valle","Elías Piña","El Llano","Guanito","Venancio"
"El Valle","Elías Piña","El Llano","Las Lagunas","El Aguacate"
"El Valle","Elías Piña","El Llano","Las Lagunas","El Hoyo"
"El Valle","Elías Piña","El Llano","Las Lagunas","El Valle"
"El Valle","Elías Piña","El Llano","Las Lagunas","Las Lagunas"
"El Valle","Elías Piña","El Llano","Las Lagunas","Los Pinalitos"
"El Valle","Elías Piña","El Llano","Las Lagunas","Plan Café"
"El Valle","Elías Piña","El Llano","Las Lagunas","Rosa de la Piedra"
"El Valle","Elías Piña","El Llano","Blanco","Blanco"
"El Valle","Elías Piña","El Llano","Blanco","Bruno"
"El Valle","Elías Piña","El Llano","Blanco","Cerro Mico"
"El Valle","Elías Piña","El Llano","Blanco","El Coco"
"El Valle","Elías Piña","El Llano","Blanco","El Yayal"
"El Valle","Elías Piña","El Llano","Blanco","La Lista"
"El Valle","Elías Piña","El Llano","Blanco","La Nunuta"
"El Valle","Elías Piña","El Llano","Blanco","Matadero"
"El Valle","Elías Piña","El Llano","Blanco","Sabaneta"
"El Valle","Elías Piña","Hondo Valle","Hondo Valle","Centro del Pueblo"
"El Valle","Elías Piña","Hondo Valle","Hondo Valle","El Cruce"
"El Valle","Elías Piña","Hondo Valle","Hondo Valle","Guachupita"
"El Valle","Elías Piña","Hondo Valle","Hondo Valle","La Colonia"
"El Valle","Elías Piña","Hondo Valle","Hondo Valle","Los Majaos"
"El Valle","Elías Piña","Hondo Valle","Aniceto Martínez","Aniceto Martínez"
"El Valle","Elías Piña","Hondo Valle","Aniceto Martínez","Cañada de Miguel"
"El Valle","Elías Piña","Hondo Valle","Aniceto Martínez","El Barrero"
"El Valle","Elías Piña","Hondo Valle","Aniceto Martínez","El Hoyazo"
"El Valle","Elías Piña","Hondo Valle","Aniceto Martínez","Guardia del Café (La Peña)"
"El Valle","Elías Piña","Hondo Valle","Aniceto Martínez","Junquito"
"El Valle","Elías Piña","Hondo Valle","Aniceto Martínez","Las 204"
"El Valle","Elías Piña","Hondo Valle","Aniceto Martínez","Los Palos de Burro"
"El Valle","Elías Piña","Hondo Valle","Aniceto Martínez","Palo Prieto"
"El Valle","Elías Piña","Hondo Valle","Aniceto Martínez","Piedra Blanca o Sobacón"
"El Valle","Elías Piña","Hondo Valle","Aniceto Martínez","Yerba Buena"
"El Valle","Elías Piña","Hondo Valle","Rancho de Pedro","Agua del Higo"
"El Valle","Elías Piña","Hondo Valle","Rancho de Pedro","Boca del Botado"
"El Valle","Elías Piña","Hondo Valle","Rancho de Pedro","Calimete"
"El Valle","Elías Piña","Hondo Valle","Rancho de Pedro","El Beyugal"
"El Valle","Elías Piña","Hondo Valle","Rancho de Pedro","El Cedro"
"El Valle","Elías Piña","Hondo Valle","Rancho de Pedro","El Pino"
"El Valle","Elías Piña","Hondo Valle","Rancho de Pedro","Escondido"
"El Valle","Elías Piña","Hondo Valle","Rancho de Pedro","La Bestia"
"El Valle","Elías Piña","Hondo Valle","Rancho de Pedro","La Fruta"
"El Valle","Elías Piña","Hondo Valle","Rancho de Pedro","La Fuente"
"El Valle","Elías Piña","Hondo Valle","Rancho de Pedro","La Rosa (Rancho de Pedro)"
"El Valle","Elías Piña","Hondo Valle","Rancho de Pedro","La Siembra"
"El Valle","Elías Piña","Hondo Valle","Rancho de Pedro","La Vuelta del Chivo"
"El Valle","Elías Piña","Hondo Valle","Rancho de Pedro","Lagunita"
"El Valle","Elías Piña","Hondo Valle","Rancho de Pedro","Las Cañitas"
"El Valle","Elías Piña","Hondo Valle","Rancho de Pedro","Loma de Febrillet"
"El Valle","Elías Piña","Hondo Valle","Rancho de Pedro","Los Botados"
"El Valle","Elías Piña","Hondo Valle","Rancho de Pedro","Los Botados de La Caña"
"El Valle","Elías Piña","Hondo Valle","Rancho de Pedro","Los Botados de La Reserva"
"El Valle","Elías Piña","Hondo Valle","Rancho de Pedro","Los Botados de Victoria"
"El Valle","Elías Piña","Hondo Valle","Rancho de Pedro","Los Callejones"
"El Valle","Elías Piña","Hondo Valle","Rancho de Pedro","Los Chicharrones"
"El Valle","Elías Piña","Hondo Valle","Rancho de Pedro","Los Guayabos"
"El Valle","Elías Piña","Hondo Valle","Rancho de Pedro","Los Jaquelles"
"El Valle","Elías Piña","Hondo Valle","Rancho de Pedro","Los Magueyes"
"El Valle","Elías Piña","Hondo Valle","Rancho de Pedro","Los Naranjos"
"El Valle","Elías Piña","Hondo Valle","Rancho de Pedro","Los Pajaritos"
"El Valle","Elías Piña","Hondo Valle","Rancho de Pedro","Los Rincones"
"El Valle","Elías Piña","Hondo Valle","Rancho de Pedro","Palo Blanco"
"El Valle","Elías Piña","Hondo Valle","Rancho de Pedro","Rancho de Pedro"
"El Valle","Elías Piña","Hondo Valle","Rancho de Pedro","Tasajera"
"El Valle","Elías Piña","Hondo Valle","Rancho de La Guardia","Rancho de La Guardia"
"El Valle","Elías Piña","Hondo Valle","Los Guineos","El Caliche (Plan Café o El Caliche)"
"El Valle","Elías Piña","Hondo Valle","Los Guineos","El Ranchito (Los Ranchitos)"
"El Valle","Elías Piña","Hondo Valle","Los Guineos","Las Lagunas"
"El Valle","Elías Piña","Hondo Valle","Los Guineos","Los Guineos"
"El Valle","Elías Piña","Hondo Valle","Los Guineos","Primer Rancho Arriba"
"El Valle","Elías Piña","Hondo Valle","La Sahonada","El Puertón"
"El Valle","Elías Piña","Hondo Valle","La Sahonada","La Sahonada"
"El Valle","Elías Piña","Hondo Valle","La Sahonada","La Sahonada Arriba"
"El Valle","Elías Piña","Hondo Valle","La Sahonada","Los Marranitos"
"El Valle","Elías Piña","Hondo Valle","Rancho de la Guardia","El Pedregal"
"El Valle","Elías Piña","Hondo Valle","Rancho de la Guardia","El Pozo"
"El Valle","Elías Piña","Hondo Valle","Rancho de la Guardia","Gajo del Gacho"
"El Valle","Elías Piña","Hondo Valle","Rancho de la Guardia","Guayabal"
"El Valle","Elías Piña","Hondo Valle","Rancho de la Guardia","La Fuente Arriba"
"El Valle","Elías Piña","Hondo Valle","Rancho de la Guardia","Los Naranjos"
"El Valle","Elías Piña","Hondo Valle","Rancho de la Guardia","Manaclar"
"El Valle","Elías Piña","Hondo Valle","Rancho de la Guardia","Pinal Redondo"
"El Valle","Elías Piña","Juan Santiago","Juan Santiago","Juan Santiago"
"El Valle","Elías Piña","Juan Santiago","Juan Santiago","Cañada de Cilantro"
"El Valle","Elías Piña","Juan Santiago","Juan Santiago","El Guayacal"
"El Valle","Elías Piña","Juan Santiago","Juan Santiago","Guardia del Café"
"El Valle","Elías Piña","Juan Santiago","Juan Santiago","Las Canas"
"El Valle","Elías Piña","Juan Santiago","Juan Santiago","Los Palmaritos"
"El Valle","Elías Piña","Juan Santiago","Juan Santiago","Majagualito"
"El Valle","Elías Piña","Juan Santiago","Juan Santiago","Naranjo Dulce"
"El Valle","Elías Piña","Juan Santiago","Juan Santiago","Sabana de Chen"
"El Valle","Elías Piña","Juan Santiago","Juan Santiago","Sabana de Jengibre"
"El Valle","Elías Piña","Juan Santiago","Juan de La Cruz","Cañada del Barrero"
"El Valle","Elías Piña","Juan Santiago","Juan de La Cruz","Joco Viejo"
"El Valle","Elías Piña","Juan Santiago","Juan de La Cruz","La Tinaja"
"El Valle","Elías Piña","Juan Santiago","Juan de La Cruz","Sabana Calvario"
"El Valle","Elías Piña","Juan Santiago","Juan de La Cruz","Sabana Cuna"
"El Valle","Elías Piña","Juan Santiago","Juan de La Cruz","Sonador o Juan de La Cruz"
"El Valle","Elías Piña","Juan Santiago","Sabana de la Loma","Cabeza de Toro"
"El Valle","Elías Piña","Juan Santiago","Sabana de la Loma","Cañada Bejuco"
"El Valle","Elías Piña","Juan Santiago","Sabana de la Loma","Domingo"
"El Valle","Elías Piña","Juan Santiago","Sabana de la Loma","Juan García"
"El Valle","Elías Piña","Juan Santiago","Sabana de la Loma","La Búcara"
"El Valle","Elías Piña","Juan Santiago","Sabana de la Loma","Los Pilones"
"El Valle","Elías Piña","Juan Santiago","Sabana de la Loma","Madre Vieja"
"El Valle","Elías Piña","Juan Santiago","Sabana de la Loma","Sabana de la Loma"
"El Valle","Elías Piña","Juan Santiago","Sabana de la Loma","Sabana Larga"
"El Valle","Elías Piña","Juan Santiago","Monte Mayor","Asiento Miguel"
"El Valle","Elías Piña","Juan Santiago","Monte Mayor","Las Mesas"
"El Valle","Elías Piña","Juan Santiago","Monte Mayor","Los Caños"
"El Valle","Elías Piña","Juan Santiago","Monte Mayor","Los Conucos"
"El Valle","Elías Piña","Juan Santiago","Monte Mayor","Majagual"
"El Valle","Elías Piña","Juan Santiago","Monte Mayor","Monte Mayor o Cerro Mico"
"El Valle","Elías Piña","Juan Santiago","Monte Mayor","Santiaguito"
"El Valle","Elías Piña","Pedro Santana","Pedro Santana","Azul"
"El Valle","Elías Piña","Pedro Santana","Pedro Santana","Centro de la Ciudad"
"El Valle","Elías Piña","Pedro Santana","Pedro Santana","El Tanque"
"El Valle","Elías Piña","Pedro Santana","Pedro Santana","La E o La Escuela"
"El Valle","Elías Piña","Pedro Santana","Pedro Santana","Los Patios"
"El Valle","Elías Piña","Pedro Santana","Pedro Santana","Militar"
"El Valle","Elías Piña","Pedro Santana","Pedro Santana","Nuevo"
"El Valle","Elías Piña","Pedro Santana","La Palma","Cerro San Francisco"
"El Valle","Elías Piña","Pedro Santana","La Palma","Damajagua"
"El Valle","Elías Piña","Pedro Santana","La Palma","El Córbano"
"El Valle","Elías Piña","Pedro Santana","La Palma","La Descubierta"
"El Valle","Elías Piña","Pedro Santana","La Palma","Las Palmas"
"El Valle","Elías Piña","Pedro Santana","La Palma","Los Cajuilitos"
"El Valle","Elías Piña","Pedro Santana","La Palma","Los Cercadillos"
"El Valle","Elías Piña","Pedro Santana","La Palma","Los Chicharrones"
"El Valle","Elías Piña","Pedro Santana","El Hoyo","Bartolo"
"El Valle","Elías Piña","Pedro Santana","El Hoyo","El Barrero"
"El Valle","Elías Piña","Pedro Santana","El Hoyo","El Hoyo"
"El Valle","Elías Piña","Pedro Santana","El Hoyo","Guayuyal"
"El Valle","Elías Piña","Pedro Santana","El Hoyo","La Racimera"
"El Valle","Elías Piña","Pedro Santana","El Hoyo","La Yamayas"
"El Valle","Elías Piña","Pedro Santana","El Hoyo","Los Gritos"
"El Valle","Elías Piña","Pedro Santana","El Hoyo","Pesquero"
"El Valle","Elías Piña","Pedro Santana","El Hoyo","Valentín Las Yayas"
"El Valle","Elías Piña","Pedro Santana","Guayajayuco","Carata"
"El Valle","Elías Piña","Pedro Santana","Guayajayuco","Guayajayuco"
"El Valle","Elías Piña","Pedro Santana","Guayajayuco","Hoyo Prieto"
"El Valle","Elías Piña","Pedro Santana","Guayajayuco","La Zurza"
"El Valle","Elías Piña","Pedro Santana","Guayajayuco","Los Amaceyes"
"El Valle","Elías Piña","Pedro Santana","Guayajayuco","Los Cedros"
"El Valle","Elías Piña","Pedro Santana","Guayajayuco","Los Dajaos"
"El Valle","Elías Piña","Pedro Santana","Guayajayuco","Pulio"
"El Valle","Elías Piña","Pedro Santana","Guayajayuco","Rancho Higüero"
"El Valle","Elías Piña","Pedro Santana","Guayajayuco","Rosso"
"El Valle","Elías Piña","Pedro Santana","Guayajayuco","Sombrero"
"El Valle","Elías Piña","Pedro Santana","Nicolás (Joca)","Arroyo Grande"
"El Valle","Elías Piña","Pedro Santana","Nicolás (Joca)","El Morro"
"El Valle","Elías Piña","Pedro Santana","Nicolás (Joca)","El Pomito"
"El Valle","Elías Piña","Pedro Santana","Nicolás (Joca)","El Tocino de Joca"
"El Valle","Elías Piña","Pedro Santana","Nicolás (Joca)","La Cueva"
"El Valle","Elías Piña","Pedro Santana","Nicolás (Joca)","Las Canas - El Estrecho"
"El Valle","Elías Piña","Pedro Santana","Nicolás (Joca)","Los Tocones"
"El Valle","Elías Piña","Pedro Santana","Nicolás (Joca)","Nicolás o Joca"
"El Valle","Elías Piña","Pedro Santana","Río Limpio","Río Limpio"
"El Valle","Elías Piña","Pedro Santana","Río Limpio","La Guázara"
"El Valle","Elías Piña","Pedro Santana","Río Limpio","La Palma"
"El Valle","Elías Piña","Pedro Santana","Río Limpio","La Tayota"
"El Valle","Elías Piña","Pedro Santana","Río Limpio","Los Guandules"
"El Valle","Elías Piña","Pedro Santana","Río Limpio","Los Pinitos"
"El Valle","Elías Piña","Pedro Santana","Río Limpio","Piedra Blanca"
"El Valle","Elías Piña","Pedro Santana","Río Limpio","Ravinzal"
"El Valle","Elías Piña","Pedro Santana","Río Limpio","Río Bonito"
"El Valle","Elías Piña","Pedro Santana","La Sierrecita","Cañada de Piedra"
"El Valle","Elías Piña","Pedro Santana","La Sierrecita","Cañada Negra"
"El Valle","Elías Piña","Pedro Santana","La Sierrecita","El Cayuco"
"El Valle","Elías Piña","Pedro Santana","La Sierrecita","El Hoyo Sanjuanero"
"El Valle","Elías Piña","Pedro Santana","La Sierrecita","Francisco José"
"El Valle","Elías Piña","Pedro Santana","La Sierrecita","La Cidra - La Ginita"
"El Valle","Elías Piña","Pedro Santana","La Sierrecita","La Guama"
"El Valle","Elías Piña","Pedro Santana","La Sierrecita","La Llanadita"
"El Valle","Elías Piña","Pedro Santana","La Sierrecita","La Nasa"
"El Valle","Elías Piña","Pedro Santana","La Sierrecita","La Sierrecita"
"El Valle","Elías Piña","Pedro Santana","La Sierrecita","La Tayota"
"El Valle","Elías Piña","Pedro Santana","La Sierrecita","Patricio"
"El Valle","Elías Piña","Pedro Santana","La Sierrecita","Rancho Tomás"
"El Valle","Elías Piña","Pedro Santana","La Sierrecita","Rancho Valdez"
"El Valle","Elías Piña","Pedro Santana","Billiguín","Billiguín"
"El Valle","Elías Piña","Pedro Santana","Billiguín","Botoncillos"
"El Valle","Elías Piña","Pedro Santana","Billiguín","Caramana"
"El Valle","Elías Piña","Pedro Santana","Billiguín","El Jengibre"
"El Valle","Elías Piña","Pedro Santana","Billiguín","La Atravesada"
"El Valle","Elías Piña","Pedro Santana","Billiguín","La Horqueta"
"El Valle","Elías Piña","Pedro Santana","Billiguín","La Peña"
"El Valle","Elías Piña","Pedro Santana","Billiguín","La Siembrita"
"El Valle","Elías Piña","Pedro Santana","Billiguín","Los Corocitos"
"El Valle","Elías Piña","Pedro Santana","Billiguín","Majagualito"
"El Valle","Elías Piña","Pedro Santana","Billiguín","Pachutico"
"El Valle","Elías Piña","Pedro Santana","Billiguín","Rincón"
"El Valle","San Juan","Bohechío","Bohechío","Centro del Pueblo o El Medio"
"El Valle","San Juan","Bohechío","Bohechío","El Barrio"
"El Valle","San Juan","Bohechío","Bohechío","El Gajo de Sabana"
"El Valle","San Juan","Bohechío","Bohechío","El Manguito"
"El Valle","San Juan","Bohechío","Bohechío","El Tocón"
"El Valle","San Juan","Bohechío","Bohechío","Los Luciano"
"El Valle","San Juan","Bohechío","Arroyo Cano","La Calabaza"
"El Valle","San Juan","Bohechío","Arroyo Cano","Los Abreu"
"El Valle","San Juan","Bohechío","Arroyo Cano","Los Corcino"
"El Valle","San Juan","Bohechío","Arroyo Cano","Los Luciano"
"El Valle","San Juan","Bohechío","Arroyo Cano","Los Sánchez"
"El Valle","San Juan","Bohechío","Arroyo Cano","Villa Flores"
"El Valle","San Juan","Bohechío","Arroyo Cano","Arroyo Cano"
"El Valle","San Juan","Bohechío","Arroyo Cano","Boca del Arroyo"
"El Valle","San Juan","Bohechío","Arroyo Cano","Las Avispas"
"El Valle","San Juan","Bohechío","Arroyo Cano","Los Guayabos"
"El Valle","San Juan","Bohechío","Arroyo Cano","Los Severinos"
"El Valle","San Juan","Bohechío","Los Montasitos","Bajo Corozo"
"El Valle","San Juan","Bohechío","Los Montasitos","Bajo Mulato (Gajo Mulato)"
"El Valle","San Juan","Bohechío","Los Montasitos","El Corozo"
"El Valle","San Juan","Bohechío","Los Montasitos","El Jengibre"
"El Valle","San Juan","Bohechío","Los Montasitos","El Naranjo"
"El Valle","San Juan","Bohechío","Los Montasitos","Los Haitises"
"El Valle","San Juan","Bohechío","Los Montasitos","Los Limones"
"El Valle","San Juan","Bohechío","Los Montasitos","Los Montasitos"
"El Valle","San Juan","Bohechío","Buena Vista","Buena Vista"
"El Valle","San Juan","Bohechío","La Loma","El Guanal"
"El Valle","San Juan","Bohechío","La Loma","El Tabacal"
"El Valle","San Juan","Bohechío","La Loma","La Patilla"
"El Valle","San Juan","Bohechío","La Loma","Los Abeyes"
"El Valle","San Juan","Bohechío","Buena Vista","Buena Vista"
"El Valle","San Juan","Bohechío","Buena Vista","El Coco"
"El Valle","San Juan","Bohechío","Buena Vista","Los Naranjos"
"El Valle","San Juan","Bohechío","Buena Vista","Yaque (Loma del Yaque)"
"El Valle","San Juan","Bohechío","El Palmar","El Palmar"
"El Valle","San Juan","Bohechío","El Palmar","Gajo Largo"
"El Valle","San Juan","Bohechío","El Palmar","La Piedra"
"El Valle","San Juan","Bohechío","El Palmar","La Vereda"
"El Valle","San Juan","Bohechío","El Palmar","San Francisco"
"El Valle","San Juan","Bohechío","La Guama","El Aguacate"
"El Valle","San Juan","Bohechío","La Guama","El Arroyón"
"El Valle","San Juan","Bohechío","La Guama","El Guayuyal"
"El Valle","San Juan","Bohechío","La Guama","El Pilón"
"El Valle","San Juan","Bohechío","La Guama","El Ranchito"
"El Valle","San Juan","Bohechío","La Guama","La Guama"
"El Valle","San Juan","Bohechío","La Guama","La Palmita"
"El Valle","San Juan","Bohechío","La Guama","Los Corocitos"
"El Valle","San Juan","Bohechío","La Guama","Los Cueros"
"El Valle","San Juan","Bohechío","La Guama","Monte Grande"
"El Valle","San Juan","El Cercado","El Cercado","Centro del Pueblo"
"El Valle","San Juan","El Cercado","El Cercado","Chino"
"El Valle","San Juan","El Cercado","El Cercado","El Jobito"
"El Valle","San Juan","El Cercado","El Cercado","Las Marías"
"El Valle","San Juan","El Cercado","El Cercado","Los Cachimbos o Villa Esperanza"
"El Valle","San Juan","El Cercado","El Cercado","Placer Bonito"
"El Valle","San Juan","El Cercado","El Pinar","Cuero de Puerco"
"El Valle","San Juan","El Cercado","El Pinar","El Barrero"
"El Valle","San Juan","El Cercado","El Pinar","El Capacito"
"El Valle","San Juan","El Cercado","El Pinar","El Cercado Abajo (Cercado Abajo)"
"El Valle","San Juan","El Cercado","El Pinar","El Guanal"
"El Valle","San Juan","El Cercado","El Pinar","El Hatico"
"El Valle","San Juan","El Cercado","El Pinar","El Majagual"
"El Valle","San Juan","El Cercado","El Pinar","El Palmar"
"El Valle","San Juan","El Cercado","El Pinar","El Pinar"
"El Valle","San Juan","El Cercado","El Pinar","El Puertecito"
"El Valle","San Juan","El Cercado","El Pinar","El Quemado"
"El Valle","San Juan","El Cercado","El Pinar","El Silencio"
"El Valle","San Juan","El Cercado","El Pinar","Guardarraya"
"El Valle","San Juan","El Cercado","El Pinar","Guatapanal"
"El Valle","San Juan","El Cercado","El Pinar","Hueco-Hoyo de la Piedra"
"El Valle","San Juan","El Cercado","El Pinar","La Ermita - La Hermida"
"El Valle","San Juan","El Cercado","El Pinar","La Guama"
"El Valle","San Juan","El Cercado","El Pinar","La Horqueta"
"El Valle","San Juan","El Cercado","El Pinar","La Jagüita"
"El Valle","San Juan","El Cercado","El Pinar","La Meseta"
"El Valle","San Juan","El Cercado","El Pinar","La Monteadita"
"El Valle","San Juan","El Cercado","El Pinar","La Mulata"
"El Valle","San Juan","El Cercado","El Pinar","La Palmita"
"El Valle","San Juan","El Cercado","El Pinar","La Palmita II"
"El Valle","San Juan","El Cercado","El Pinar","La Rancha"
"El Valle","San Juan","El Cercado","El Pinar","La Vereda"
"El Valle","San Juan","El Cercado","El Pinar","Las dos Matas"
"El Valle","San Juan","El Cercado","El Pinar","Los Brito"
"El Valle","San Juan","El Cercado","El Pinar","Los Caimoníes"
"El Valle","San Juan","El Cercado","El Pinar","Los Manantiales"
"El Valle","San Juan","El Cercado","El Pinar","Los Naranjitos"
"El Valle","San Juan","El Cercado","El Pinar","Los Paredones"
"El Valle","San Juan","El Cercado","El Pinar","Mata de Palma"
"El Valle","San Juan","El Cercado","El Pinar","Pedro Alejandro"
"El Valle","San Juan","El Cercado","El Pinar","Rancho Viejo"
"El Valle","San Juan","El Cercado","El Pinar","Rincón Largo"
"El Valle","San Juan","El Cercado","El Pinar","Sabana Bonita"
"El Valle","San Juan","El Cercado","El Pinar","Sabana de la Rancha"
"El Valle","San Juan","El Cercado","La Ciénaga","Agua Fresca"
"El Valle","San Juan","El Cercado","La Ciénaga","Boca del Humo"
"El Valle","San Juan","El Cercado","La Ciénaga","El Guayabal"
"El Valle","San Juan","El Cercado","La Ciénaga","El Montazo"
"El Valle","San Juan","El Cercado","La Ciénaga","El Palmar"
"El Valle","San Juan","El Cercado","La Ciénaga","El Rebo"
"El Valle","San Juan","El Cercado","La Ciénaga","Guayabo Dulce"
"El Valle","San Juan","El Cercado","La Ciénaga","Joco Viejo"
"El Valle","San Juan","El Cercado","La Ciénaga","La Ciénaga"
"El Valle","San Juan","El Cercado","La Ciénaga","La Coraza"
"El Valle","San Juan","El Cercado","La Ciénaga","La Culebra"
"El Valle","San Juan","El Cercado","La Ciénaga","La Damaya - La Damaija"
"El Valle","San Juan","El Cercado","La Ciénaga","La Guázara (Guázara)"
"El Valle","San Juan","El Cercado","La Ciénaga","La Guázara Abajo"
"El Valle","San Juan","El Cercado","La Ciénaga","La Mocha"
"El Valle","San Juan","El Cercado","La Ciénaga","La Navaja"
"El Valle","San Juan","El Cercado","La Ciénaga","Los Arroyos"
"El Valle","San Juan","El Cercado","La Ciénaga","Los Botados"
"El Valle","San Juan","El Cercado","La Ciénaga","Los Campeches"
"El Valle","San Juan","El Cercado","La Ciénaga","Los Jazmines"
"El Valle","San Juan","El Cercado","La Ciénaga","Pinar del Cuello"
"El Valle","San Juan","El Cercado","La Ciénaga","Pinar Grande"
"El Valle","San Juan","El Cercado","La Ciénaga","Pinar Sucio"
"El Valle","San Juan","El Cercado","La Ciénaga","Siembra Vieja"
"El Valle","San Juan","El Cercado","La Ciénaga","Tierra Hundida"
"El Valle","San Juan","El Cercado","Derrumbadero","Derrumbadero"
"El Valle","San Juan","El Cercado","Derrumbadero","Bártolo"
"El Valle","San Juan","El Cercado","Derrumbadero","El Jazmín"
"El Valle","San Juan","El Cercado","Derrumbadero","El Jobillo"
"El Valle","San Juan","El Cercado","Derrumbadero","La Raíz"
"El Valle","San Juan","El Cercado","Derrumbadero","Loma al Medio"
"El Valle","San Juan","El Cercado","Derrumbadero","Los Cerros"
"El Valle","San Juan","El Cercado","Derrumbadero","Los Pomorosos"
"El Valle","San Juan","El Cercado","Derrumbadero","Majagual"
"El Valle","San Juan","El Cercado","Derrumbadero","Monte Grande"
"El Valle","San Juan","El Cercado","Derrumbadero","Paso Viejo"
"El Valle","San Juan","El Cercado","Damián","Damián"
"El Valle","San Juan","El Cercado","Damián","Pinalito"
"El Valle","San Juan","El Cercado","El Centro","La Cruz de Vicente"
"El Valle","San Juan","El Cercado","El Centro","La Sabana"
"El Valle","San Juan","El Cercado","Gajo de Pedro","Cañada del Río (La Cañada del Río)"
"El Valle","San Juan","El Cercado","Gajo de Pedro","Gajo de Pedro"
"El Valle","San Juan","El Cercado","Gajo de Pedro","Los Hinojos"
"El Valle","San Juan","El Cercado","Gajo de Pedro","Placer Bonito de Pedro"
"El Valle","San Juan","El Cercado","Vallecito","Sabana del Lino"
"El Valle","San Juan","El Cercado","Vallecito","Vallecito (El Vallecito)"
"El Valle","San Juan","El Cercado","Batista","Batista o Centro del Pueblo"
"El Valle","San Juan","El Cercado","Pinar de la Cana","El Barrerito"
"El Valle","San Juan","El Cercado","Pinar de la Cana","El Maniercito"
"El Valle","San Juan","El Cercado","Pinar de la Cana","Los Tablones"
"El Valle","San Juan","El Cercado","Pinar de la Cana","Pinar de la Cana"
"El Valle","San Juan","El Cercado","Abras las Yayas","Abras las Yayas"
"El Valle","San Juan","El Cercado","Abras las Yayas","El Guamalito"
"El Valle","San Juan","El Cercado","Abras las Yayas","Lagunitas (Lagunita)"
"El Valle","San Juan","El Cercado","Abras las Yayas","Los Naranjos"
"El Valle","San Juan","El Cercado","Batista","El Barrero"
"El Valle","San Juan","El Cercado","Batista","El Caimonial"
"El Valle","San Juan","El Cercado","Batista","El Palmar"
"El Valle","San Juan","El Cercado","Batista","Tierrita Blanca"
"El Valle","San Juan","Juan de Herrera","Juan de Herrera","Buena Vista"
"El Valle","San Juan","Juan de Herrera","Juan de Herrera","Centro del Pueblo"
"El Valle","San Juan","Juan de Herrera","Juan de Herrera","De Luz"
"El Valle","San Juan","Juan de Herrera","Juan de Herrera","Ensanche La Rubia"
"El Valle","San Juan","Juan de Herrera","Juan de Herrera","Los Billeteros"
"El Valle","San Juan","Juan de Herrera","Juan de Herrera","Nueva Esperanza o Proyecto 3"
"El Valle","San Juan","Juan de Herrera","Juan de Herrera","Proyecto 1 o Maximiliano Perdomo"
"El Valle","San Juan","Juan de Herrera","Los Montones","Cufi"
"El Valle","San Juan","Juan de Herrera","Los Montones","Gajo de los Caballos"
"El Valle","San Juan","Juan de Herrera","Los Montones","La Lima"
"El Valle","San Juan","Juan de Herrera","Los Montones","Loma Verde"
"El Valle","San Juan","Juan de Herrera","Los Montones","Los Balleteros"
"El Valle","San Juan","Juan de Herrera","Los Montones","Los Montones"
"El Valle","San Juan","Juan de Herrera","Juan de Herrera","Berrinche"
"El Valle","San Juan","Juan de Herrera","Juan de Herrera","Buena Vista"
"El Valle","San Juan","Juan de Herrera","Juan de Herrera","Corral de los Indios"
"El Valle","San Juan","Juan de Herrera","Juan de Herrera","La Peña"
"El Valle","San Juan","Juan de Herrera","Juan de Herrera","Las Ovejas"
"El Valle","San Juan","Juan de Herrera","Juan de Herrera","Los Mameyes"
"El Valle","San Juan","Juan de Herrera","Juan de Herrera","Sabana de la Vaca"
"El Valle","San Juan","Juan de Herrera","Jínova","Jínova Arriba"
"El Valle","San Juan","Juan de Herrera","Jínova","Cañada de Luis"
"El Valle","San Juan","Juan de Herrera","Jínova","El Donao"
"El Valle","San Juan","Juan de Herrera","Jínova","Jínova Abajo"
"El Valle","San Juan","Juan de Herrera","Jínova","Jínova al Medio"
"El Valle","San Juan","Juan de Herrera","Jínova","Las Cabirmas"
"El Valle","San Juan","Juan de Herrera","Jínova","Los Botados"
"El Valle","San Juan","Juan de Herrera","Jínova","Mata Aroma"
"El Valle","San Juan","Juan de Herrera","Jínova","Mata Ratón"
"El Valle","San Juan","Juan de Herrera","Sosa","El Hoyo"
"El Valle","San Juan","Juan de Herrera","Sosa","La Sabana"
"El Valle","San Juan","Juan de Herrera","Sosa","Las Carreras"
"El Valle","San Juan","Juan de Herrera","Sosa","Piedra Blanca"
"El Valle","San Juan","Juan de Herrera","Sosa","San Ramón"
"El Valle","San Juan","Juan de Herrera","Sosa","Solorín"
"El Valle","San Juan","Juan de Herrera","Sosa","Sosa"
"El Valle","San Juan","Juan de Herrera","Jaquimeyes","Jaquimeye (Jaquimeyes)"
"El Valle","San Juan","Juan de Herrera","Corbanal","Corbanal"
"El Valle","San Juan","Las Matas de Farfán","Las Matas de Farfán","Blanco o José Francisco Peña Gómez"
"El Valle","San Juan","Las Matas de Farfán","Las Matas de Farfán","Centro del Pueblo"
"El Valle","San Juan","Las Matas de Farfán","Las Matas de Farfán","El Cajuil"
"El Valle","San Juan","Las Matas de Farfán","Las Matas de Farfán","Hermanas Mirabal"
"El Valle","San Juan","Las Matas de Farfán","Las Matas de Farfán","La Cruz"
"El Valle","San Juan","Las Matas de Farfán","Las Matas de Farfán","La Manicera"
"El Valle","San Juan","Las Matas de Farfán","Las Matas de Farfán","La Mina"
"El Valle","San Juan","Las Matas de Farfán","Las Matas de Farfán","Los Barrancones"
"El Valle","San Juan","Las Matas de Farfán","Las Matas de Farfán","Pueblo Nuevo"
"El Valle","San Juan","Las Matas de Farfán","Las Matas de Farfán","Residencial El Cristo"
"El Valle","San Juan","Las Matas de Farfán","Las Matas de Farfán","Villa Carmen o La Gallera"
"El Valle","San Juan","Las Matas de Farfán","Las Matas de Farfán","Villa Esperanza o Villa Fátima"
"El Valle","San Juan","Las Matas de Farfán","La Estancia","Año Nuevo"
"El Valle","San Juan","Las Matas de Farfán","La Estancia","Bayamón"
"El Valle","San Juan","Las Matas de Farfán","La Estancia","Cabeza de Bestia"
"El Valle","San Juan","Las Matas de Farfán","La Estancia","Carrera de Burro"
"El Valle","San Juan","Las Matas de Farfán","La Estancia","Carrera de Higüero"
"El Valle","San Juan","Las Matas de Farfán","La Estancia","Comedero Bayo"
"El Valle","San Juan","Las Matas de Farfán","La Estancia","El Barrero"
"El Valle","San Juan","Las Matas de Farfán","La Estancia","El Batey"
"El Valle","San Juan","Las Matas de Farfán","La Estancia","El Mamón"
"El Valle","San Juan","Las Matas de Farfán","La Estancia","Guayabo"
"El Valle","San Juan","Las Matas de Farfán","La Estancia","La Estancia"
"El Valle","San Juan","Las Matas de Farfán","La Estancia","La Flor"
"El Valle","San Juan","Las Matas de Farfán","La Estancia","La Marinuela"
"El Valle","San Juan","Las Matas de Farfán","La Estancia","La Meseta"
"El Valle","San Juan","Las Matas de Farfán","La Estancia","Los Aquino"
"El Valle","San Juan","Las Matas de Farfán","La Estancia","Los Corbanitos"
"El Valle","San Juan","Las Matas de Farfán","La Estancia","Los Corrales"
"El Valle","San Juan","Las Matas de Farfán","La Estancia","Los Corralitos"
"El Valle","San Juan","Las Matas de Farfán","La Estancia","Los Fundos Viejos"
"El Valle","San Juan","Las Matas de Farfán","La Estancia","Los Memisos"
"El Valle","San Juan","Las Matas de Farfán","La Estancia","Monte Arriba"
"El Valle","San Juan","Las Matas de Farfán","La Estancia","Moronte"
"El Valle","San Juan","Las Matas de Farfán","La Estancia","Petronica"
"El Valle","San Juan","Las Matas de Farfán","La Estancia","Piedra de Amolar"
"El Valle","San Juan","Las Matas de Farfán","La Estancia","Ramón Castillo"
"El Valle","San Juan","Las Matas de Farfán","La Estancia","Sabana Sierra o Las Mulas"
"El Valle","San Juan","Las Matas de Farfán","La Estancia","San José"
"El Valle","San Juan","Las Matas de Farfán","La Estancia","Tumba Coco"
"El Valle","San Juan","Las Matas de Farfán","Yabonico","Cabezada"
"El Valle","San Juan","Las Matas de Farfán","Yabonico","Calabozo"
"El Valle","San Juan","Las Matas de Farfán","Yabonico","Campocho"
"El Valle","San Juan","Las Matas de Farfán","Yabonico","Cañada Honda"
"El Valle","San Juan","Las Matas de Farfán","Yabonico","Carrera Bonita"
"El Valle","San Juan","Las Matas de Farfán","Yabonico","Carrera de Limón"
"El Valle","San Juan","Las Matas de Farfán","Yabonico","Carrera de Palma"
"El Valle","San Juan","Las Matas de Farfán","Yabonico","Catanamatías"
"El Valle","San Juan","Las Matas de Farfán","Yabonico","Corral Falso"
"El Valle","San Juan","Las Matas de Farfán","Yabonico","El Alto"
"El Valle","San Juan","Las Matas de Farfán","Yabonico","El Alto de La Pastilla"
"El Valle","San Juan","Las Matas de Farfán","Yabonico","El Carrizal"
"El Valle","San Juan","Las Matas de Farfán","Yabonico","El Corozal"
"El Valle","San Juan","Las Matas de Farfán","Yabonico","El Pajonal (Pajonal)"
"El Valle","San Juan","Las Matas de Farfán","Yabonico","El Pando"
"El Valle","San Juan","Las Matas de Farfán","Yabonico","El Placer"
"El Valle","San Juan","Las Matas de Farfán","Yabonico","El Rodeo"
"El Valle","San Juan","Las Matas de Farfán","Yabonico","Gajo del Loco"
"El Valle","San Juan","Las Matas de Farfán","Yabonico","La Artemisa o La Altamisa"
"El Valle","San Juan","Las Matas de Farfán","Yabonico","La Cabuya"
"El Valle","San Juan","Las Matas de Farfán","Yabonico","La China"
"El Valle","San Juan","Las Matas de Farfán","Yabonico","La Ciénaga"
"El Valle","San Juan","Las Matas de Farfán","Yabonico","La Enea"
"El Valle","San Juan","Las Matas de Farfán","Yabonico","La Isabelita"
"El Valle","San Juan","Las Matas de Farfán","Yabonico","La Laguna"
"El Valle","San Juan","Las Matas de Farfán","Yabonico","La Lomita"
"El Valle","San Juan","Las Matas de Farfán","Yabonico","La Regadera"
"El Valle","San Juan","Las Matas de Farfán","Yabonico","La Sierra"
"El Valle","San Juan","Las Matas de Farfán","Yabonico","Los Barreros"
"El Valle","San Juan","Las Matas de Farfán","Yabonico","Los Botados"
"El Valle","San Juan","Las Matas de Farfán","Yabonico","Los Cercadillos"
"El Valle","San Juan","Las Matas de Farfán","Yabonico","Los Copeyes o La Cabezada"
"El Valle","San Juan","Las Matas de Farfán","Yabonico","Los Corocitos"
"El Valle","San Juan","Las Matas de Farfán","Yabonico","Los Derramaderos"
"El Valle","San Juan","Las Matas de Farfán","Yabonico","Los Jobillos"
"El Valle","San Juan","Las Matas de Farfán","Yabonico","Montada o Monte Ara"
"El Valle","San Juan","Las Matas de Farfán","Yabonico","Palos Amargos"
"El Valle","San Juan","Las Matas de Farfán","Yabonico","Pan de Azúcar"
"El Valle","San Juan","Las Matas de Farfán","Yabonico","Primer Sabana"
"El Valle","San Juan","Las Matas de Farfán","Yabonico","Sabana de Cómelo o de Comer"
"El Valle","San Juan","Las Matas de Farfán","Yabonico","Sabana de Guano"
"El Valle","San Juan","Las Matas de Farfán","Yabonico","Sabana en Medio (Catanamatías)"
"El Valle","San Juan","Las Matas de Farfán","Yabonico","Sabana en Medio (Los Copeyes)"
"El Valle","San Juan","Las Matas de Farfán","Yabonico","Sabana Tuna"
"El Valle","San Juan","Las Matas de Farfán","Yabonico","Saladillos"
"El Valle","San Juan","Las Matas de Farfán","Yabonico","Severino"
"El Valle","San Juan","Las Matas de Farfán","Yabonico","Tres Mangas"
"El Valle","San Juan","Las Matas de Farfán","Yabonico","Yabonico"
"El Valle","San Juan","Las Matas de Farfán","Las Carreras","Carrera Conuco"
"El Valle","San Juan","Las Matas de Farfán","Las Carreras","El Hoyo"
"El Valle","San Juan","Las Matas de Farfán","Las Carreras","El Pedregal"
"El Valle","San Juan","Las Matas de Farfán","Las Carreras","El Pozo"
"El Valle","San Juan","Las Matas de Farfán","Las Carreras","El Quemado"
"El Valle","San Juan","Las Matas de Farfán","Las Carreras","Guazumal"
"El Valle","San Juan","Las Matas de Farfán","Las Carreras","Hato Rosario"
"El Valle","San Juan","Las Matas de Farfán","Las Carreras","Juan Brown"
"El Valle","San Juan","Las Matas de Farfán","Las Carreras","La Angola"
"El Valle","San Juan","Las Matas de Farfán","Las Carreras","La Facunda"
"El Valle","San Juan","Las Matas de Farfán","Las Carreras","La Jagua"
"El Valle","San Juan","Las Matas de Farfán","Las Carreras","La Lomita"
"El Valle","San Juan","Las Matas de Farfán","Las Carreras","La Mocha"
"El Valle","San Juan","Las Matas de Farfán","Las Carreras","La Siembra"
"El Valle","San Juan","Las Matas de Farfán","Las Carreras","La Tuna"
"El Valle","San Juan","Las Matas de Farfán","Las Carreras","Los Aposentos"
"El Valle","San Juan","Las Matas de Farfán","Las Carreras","Los Botados"
"El Valle","San Juan","Las Matas de Farfán","Las Carreras","Los Cerritos"
"El Valle","San Juan","Las Matas de Farfán","Las Carreras","Los Córbanos"
"El Valle","San Juan","Las Matas de Farfán","Las Carreras","Los Corrales"
"El Valle","San Juan","Las Matas de Farfán","Las Carreras","Los Jabosos"
"El Valle","San Juan","Las Matas de Farfán","Las Carreras","Los Peñascos"
"El Valle","San Juan","Las Matas de Farfán","Las Carreras","Los Potrocarreras"
"El Valle","San Juan","Las Matas de Farfán","Las Carreras","Naranjo (El Naranjo)"
"El Valle","San Juan","Las Matas de Farfán","Las Carreras","Punta Caña"
"El Valle","San Juan","Las Matas de Farfán","Las Carreras","Sabana Bonita"
"El Valle","San Juan","Las Matas de Farfán","Matayaya","Matayaya o El Batey"
"El Valle","San Juan","Las Matas de Farfán","Las Carreras","Arroyo Saya (Arroyo Zayas)"
"El Valle","San Juan","Las Matas de Farfán","Las Carreras","El Almácigo"
"El Valle","San Juan","Las Matas de Farfán","Las Carreras","El Corte"
"El Valle","San Juan","Las Matas de Farfán","Las Carreras","El Muey"
"El Valle","San Juan","Las Matas de Farfán","Las Carreras","La Loma"
"El Valle","San Juan","Las Matas de Farfán","Las Carreras","Las Carreras"
"El Valle","San Juan","Las Matas de Farfán","Las Carreras","Palma Cana"
"El Valle","San Juan","Las Matas de Farfán","Cocinera","Cajuil Blanco (El Cajuil Blanco)"
"El Valle","San Juan","Las Matas de Farfán","Cocinera","Cajuil Prieto (El Cajuil Prieto)"
"El Valle","San Juan","Las Matas de Farfán","Cocinera","Cocinera"
"El Valle","San Juan","Las Matas de Farfán","Cocinera","El Barrerito (Km 4)"
"El Valle","San Juan","Las Matas de Farfán","Cocinera","Guaraguao"
"El Valle","San Juan","Las Matas de Farfán","Cocinera","Guayabo"
"El Valle","San Juan","Las Matas de Farfán","Cocinera","La Bigia (La Vigía)"
"El Valle","San Juan","Las Matas de Farfán","Cocinera","Las Carreras de Ceiba"
"El Valle","San Juan","Las Matas de Farfán","Cocinera","Los Cerros"
"El Valle","San Juan","Las Matas de Farfán","Cocinera","Rancho de Juana"
"El Valle","San Juan","Las Matas de Farfán","Los Jobos","Arroyo Salado"
"El Valle","San Juan","Las Matas de Farfán","Los Jobos","El Pino"
"El Valle","San Juan","Las Matas de Farfán","Los Jobos","Guanito"
"El Valle","San Juan","Las Matas de Farfán","Los Jobos","La Baitoíta Arriba"
"El Valle","San Juan","Las Matas de Farfán","Los Jobos","La Jagüita"
"El Valle","San Juan","Las Matas de Farfán","Los Jobos","La Pocilga"
"El Valle","San Juan","Las Matas de Farfán","Los Jobos","Laguna Prieta"
"El Valle","San Juan","Las Matas de Farfán","Los Jobos","Las Auyamas"
"El Valle","San Juan","Las Matas de Farfán","Los Jobos","Las Carreras"
"El Valle","San Juan","Las Matas de Farfán","Los Jobos","Los Cimarrones"
"El Valle","San Juan","Las Matas de Farfán","Los Jobos","Los Jobos"
"El Valle","San Juan","Las Matas de Farfán","Los Jobos","Mangil Abajo"
"El Valle","San Juan","Las Matas de Farfán","Los Jobos","Miguel Martínez"
"El Valle","San Juan","Las Matas de Farfán","Los Jobos","Río del Padre"
"El Valle","San Juan","Las Matas de Farfán","Olivero","Cuero de Gente"
"El Valle","San Juan","Las Matas de Farfán","Olivero","El Guanal"
"El Valle","San Juan","Las Matas de Farfán","Olivero","El Salto"
"El Valle","San Juan","Las Matas de Farfán","Olivero","Estrelleta (Los Calabozos)"
"El Valle","San Juan","Las Matas de Farfán","Olivero","Los Alejos (Los Alejo)"
"El Valle","San Juan","Las Matas de Farfán","Olivero","Los Cercadillos"
"El Valle","San Juan","Las Matas de Farfán","Olivero","Los Fundos de Olivero"
"El Valle","San Juan","Las Matas de Farfán","Olivero","Los Hoyos"
"El Valle","San Juan","Las Matas de Farfán","Olivero","Los Molinos"
"El Valle","San Juan","Las Matas de Farfán","Olivero","Luis Simón"
"El Valle","San Juan","Las Matas de Farfán","Olivero","Sabana Bonita"
"El Valle","San Juan","Las Matas de Farfán","Matayaya","Buena Vista"
"El Valle","San Juan","Las Matas de Farfán","Matayaya","Cara Linda"
"El Valle","San Juan","Las Matas de Farfán","Matayaya","Carrera de Marcos"
"El Valle","San Juan","Las Matas de Farfán","Matayaya","El Cruce"
"El Valle","San Juan","Las Matas de Farfán","Matayaya","El Mamón"
"El Valle","San Juan","Las Matas de Farfán","Matayaya","La Hoya"
"El Valle","San Juan","Las Matas de Farfán","Matayaya","Matayaya"
"El Valle","San Juan","Las Matas de Farfán","Carrera de Yeguas","Carrera de Yeguas"
"El Valle","San Juan","Las Matas de Farfán","Carrera de Yeguas","Calabozo"
"El Valle","San Juan","Las Matas de Farfán","Carrera de Yeguas","Candelones"
"El Valle","San Juan","Las Matas de Farfán","Carrera de Yeguas","Cañada Grande"
"El Valle","San Juan","Las Matas de Farfán","Carrera de Yeguas","Copey Sano"
"El Valle","San Juan","Las Matas de Farfán","Carrera de Yeguas","Guardarraya"
"El Valle","San Juan","Las Matas de Farfán","Carrera de Yeguas","Guayabo"
"El Valle","San Juan","Las Matas de Farfán","Carrera de Yeguas","Guayacán"
"El Valle","San Juan","Las Matas de Farfán","Carrera de Yeguas","Hoyo Prieto"
"El Valle","San Juan","Las Matas de Farfán","Carrera de Yeguas","Las Manaclas"
"El Valle","San Juan","Las Matas de Farfán","Carrera de Yeguas","Leandro"
"El Valle","San Juan","Las Matas de Farfán","Carrera de Yeguas","Loma Sabana de la Sierra"
"El Valle","San Juan","Las Matas de Farfán","Carrera de Yeguas","Los Trozos"
"El Valle","San Juan","Las Matas de Farfán","Carrera de Yeguas","Mata de los Caos"
"El Valle","San Juan","Las Matas de Farfán","Carrera de Yeguas","Media Luna"
"El Valle","San Juan","Las Matas de Farfán","Carrera de Yeguas","Pinal Claro"
"El Valle","San Juan","Las Matas de Farfán","Carrera de Yeguas","Tabacal"
"El Valle","San Juan","Las Matas de Farfán","Caña Segura","Caña Segura"
"El Valle","San Juan","Las Matas de Farfán","Pozo Hondo","Cañada de Antonio"
"El Valle","San Juan","Las Matas de Farfán","Pozo Hondo","Los Ladrillos"
"El Valle","San Juan","Las Matas de Farfán","Pozo Hondo","Los Limones"
"El Valle","San Juan","Las Matas de Farfán","Pozo Hondo","Pozo Hondo"
"El Valle","San Juan","Las Matas de Farfán","Ranchito","Alto de Las Flores o Alto de la Paloma"
"El Valle","San Juan","Las Matas de Farfán","Ranchito","Los Guayuyos"
"El Valle","San Juan","Las Matas de Farfán","Ranchito","Palma Sola"
"El Valle","San Juan","Las Matas de Farfán","Ranchito","Paso Fuerte"
"El Valle","San Juan","Las Matas de Farfán","Ranchito","Ranchito"
"El Valle","San Juan","Las Matas de Farfán","Ranchito","Vallecito"
"El Valle","San Juan","Las Matas de Farfán","Escondido","El Guanábano"
"El Valle","San Juan","Las Matas de Farfán","Escondido","Escondido"
"El Valle","San Juan","Las Matas de Farfán","Escondido","La Cruz"
"El Valle","San Juan","Las Matas de Farfán","Escondido","Las Piedras"
"El Valle","San Juan","Las Matas de Farfán","Escondido","Sabaneta"
"El Valle","San Juan","Las Matas de Farfán","Yacahueque","Yacahueque"
"El Valle","San Juan","San Juan","San Juan de La Maguana","Antonio Ronzino"
"El Valle","San Juan","San Juan","San Juan de La Maguana","Centro del Pueblo"
"El Valle","San Juan","San Juan","San Juan de La Maguana","Circunvalación"
"El Valle","San Juan","San Juan","San Juan de La Maguana","Córbano Sur"
"El Valle","San Juan","San Juan","San Juan de La Maguana","Cristo Rey"
"El Valle","San Juan","San Juan","San Juan de La Maguana","El Córbano Norte"
"El Valle","San Juan","San Juan","San Juan de La Maguana","Ensanche La Fe"
"El Valle","San Juan","San Juan","San Juan de La Maguana","Entrada de Jínova o La Cabirma"
"El Valle","San Juan","San Juan","San Juan de La Maguana","Guachupita"
"El Valle","San Juan","San Juan","San Juan de La Maguana","Hermanas Mirabal, Campo de Aviación o Anacaona"
"El Valle","San Juan","San Juan","San Juan de La Maguana","La Mesopotamia"
"El Valle","San Juan","San Juan","San Juan de La Maguana","Lucero o Villa Chávez"
"El Valle","San Juan","San Juan","San Juan de La Maguana","Manoguayabo"
"El Valle","San Juan","San Juan","San Juan de La Maguana","Montes de Oca"
"El Valle","San Juan","San Juan","San Juan de La Maguana","Quijá Quieta"
"El Valle","San Juan","San Juan","San Juan de La Maguana","Urbanización Estrella"
"El Valle","San Juan","San Juan","San Juan de La Maguana","Urbanización Villa Real"
"El Valle","San Juan","San Juan","San Juan de La Maguana","Villa Alexandra"
"El Valle","San Juan","San Juan","San Juan de La Maguana","Villa Felicia o Los Gringos"
"El Valle","San Juan","San Juan","San Juan de La Maguana","Villa Flores"
"El Valle","San Juan","San Juan","San Juan de La Maguana","Villa Liberación o Campo de Aviación"
"El Valle","San Juan","San Juan","Chalona","Barranca"
"El Valle","San Juan","San Juan","Chalona","Buena Vista"
"El Valle","San Juan","San Juan","Chalona","Catambu"
"El Valle","San Juan","San Juan","Chalona","Chalona Abajo"
"El Valle","San Juan","San Juan","Chalona","Cuenda Abajo"
"El Valle","San Juan","San Juan","Chalona","Cuenda Arriba"
"El Valle","San Juan","San Juan","Chalona","El Aromal"
"El Valle","San Juan","San Juan","Chalona","El Batey"
"El Valle","San Juan","San Juan","Chalona","El Rodeo"
"El Valle","San Juan","San Juan","Chalona","Hato Viejo o Santomé"
"El Valle","San Juan","San Juan","Chalona","La Boca de Estancia"
"El Valle","San Juan","San Juan","Chalona","La Cuenda"
"El Valle","San Juan","San Juan","Chalona","Las Ciénagas"
"El Valle","San Juan","San Juan","Chalona","Las dos Zanjas"
"El Valle","San Juan","San Juan","Chalona","Los Fundos"
"El Valle","San Juan","San Juan","Chalona","Los Mameyes"
"El Valle","San Juan","San Juan","Chalona","Los Rincones"
"El Valle","San Juan","San Juan","Chalona","Los Tamarindos"
"El Valle","San Juan","San Juan","Chalona","Magueyal o El Caobal"
"El Valle","San Juan","San Juan","Chalona","Mangil"
"El Valle","San Juan","San Juan","Chalona","Tierra Nueva (Suárez)"
"El Valle","San Juan","San Juan","Cañafístol","Cañafístol"
"El Valle","San Juan","San Juan","Cañafístol","El Coco"
"El Valle","San Juan","San Juan","Cañafístol","El Palmar"
"El Valle","San Juan","San Juan","Cañafístol","La Vera del Río"
"El Valle","San Juan","San Juan","Cañafístol","Mendieta"
"El Valle","San Juan","San Juan","Cañafístol","Tomanina"
"El Valle","San Juan","San Juan","Mogollón","Campo de Aviación"
"El Valle","San Juan","San Juan","Mogollón","El Pergano"
"El Valle","San Juan","San Juan","Mogollón","El Toro Lado"
"El Valle","San Juan","San Juan","Mogollón","El Uno"
"El Valle","San Juan","San Juan","Mogollón","Higüerito o Lucero"
"El Valle","San Juan","San Juan","Mogollón","La Cidra"
"El Valle","San Juan","San Juan","Mogollón","La Ciénaga"
"El Valle","San Juan","San Juan","Mogollón","Lavapiés"
"El Valle","San Juan","San Juan","Mogollón","Los Cerros"
"El Valle","San Juan","San Juan","Mogollón","María Dionicia"
"El Valle","San Juan","San Juan","Mogollón","Mogollón"
"El Valle","San Juan","San Juan","Mogollón","Montes del Estado"
"El Valle","San Juan","San Juan","Mogollón","Sajoncito"
"El Valle","San Juan","San Juan","Guazumal","Guazumal"
"El Valle","San Juan","San Juan","Guazumal","Las Cañas"
"El Valle","San Juan","San Juan","Guazumal","Los Capaces"
"El Valle","San Juan","San Juan","Pedro Corto","Pedro Corto"
"El Valle","San Juan","San Juan","Mabrígida","Agua Hedionda"
"El Valle","San Juan","San Juan","Mabrígida","Cabeza del Muerto"
"El Valle","San Juan","San Juan","Mabrígida","Carrera de Naranjo"
"El Valle","San Juan","San Juan","Mabrígida","La Sierra"
"El Valle","San Juan","San Juan","Mabrígida","Mabrígida"
"El Valle","San Juan","San Juan","Pedro Corto","Carretera de Naranjo"
"El Valle","San Juan","San Juan","Pedro Corto","Columna Abajo"
"El Valle","San Juan","San Juan","Pedro Corto","Columna Arriba"
"El Valle","San Juan","San Juan","Pedro Corto","El Llanito"
"El Valle","San Juan","San Juan","Pedro Corto","Hato Viejo"
"El Valle","San Juan","San Juan","Pedro Corto","Javillal (Jovayal)"
"El Valle","San Juan","San Juan","Pedro Corto","Kilómetros 11 al 15"
"El Valle","San Juan","San Juan","Pedro Corto","La Sabana"
"El Valle","San Juan","San Juan","Pedro Corto","La Urca"
"El Valle","San Juan","San Juan","Pedro Corto","Los Sajones"
"El Valle","San Juan","San Juan","Pedro Corto","Media Cara"
"El Valle","San Juan","San Juan","Pedro Corto","Nicaragua"
"El Valle","San Juan","San Juan","Pedro Corto","Pedro Sánchez"
"El Valle","San Juan","San Juan","Pedro Corto","Piedra Blanca (Caimonices)"
"El Valle","San Juan","San Juan","Pedro Corto","Rincón Bellacos (Rincón Bellaco)"
"El Valle","San Juan","San Juan","Pedro Corto","Tierra Dura"
"El Valle","San Juan","San Juan","Punta Caña","Arroyo Loro"
"El Valle","San Juan","San Juan","Punta Caña","El Guanal o La Meseta"
"El Valle","San Juan","San Juan","Punta Caña","El Sillón"
"El Valle","San Juan","San Juan","Punta Caña","Gargaguar"
"El Valle","San Juan","San Juan","Punta Caña","Guanábano"
"El Valle","San Juan","San Juan","Punta Caña","Hato Abajo"
"El Valle","San Juan","San Juan","Punta Caña","La Ceja"
"El Valle","San Juan","San Juan","Punta Caña","La Urca"
"El Valle","San Juan","San Juan","Punta Caña","Las Espinas"
"El Valle","San Juan","San Juan","Punta Caña","Los Almácigos"
"El Valle","San Juan","San Juan","Punta Caña","Los Mates"
"El Valle","San Juan","San Juan","Punta Caña","Los Pozuelos"
"El Valle","San Juan","San Juan","Punta Caña","Punta Caña o Los Cerros"
"El Valle","San Juan","San Juan","Punta Caña","Sabana en Medio"
"El Valle","San Juan","San Juan","La Ceiba","Habanero"
"El Valle","San Juan","San Juan","La Ceiba","La Ceiba"
"El Valle","San Juan","San Juan","Sabaneta","Sabaneta o Centro del Pueblo"
"El Valle","San Juan","San Juan","Carpintero","Carpintero"
"El Valle","San Juan","San Juan","Carpintero","Los Batones"
"El Valle","San Juan","San Juan","Río Arriba del Norte","Arroyo Limón"
"El Valle","San Juan","San Juan","Río Arriba del Norte","El Palero"
"El Valle","San Juan","San Juan","Río Arriba del Norte","El Quemado"
"El Valle","San Juan","San Juan","Río Arriba del Norte","El Rodeo"
"El Valle","San Juan","San Juan","Río Arriba del Norte","Guayabo"
"El Valle","San Juan","San Juan","Río Arriba del Norte","Guayayal"
"El Valle","San Juan","San Juan","Río Arriba del Norte","Hondo Valle"
"El Valle","San Juan","San Juan","Río Arriba del Norte","Jaquime"
"El Valle","San Juan","San Juan","Río Arriba del Norte","La Ciénaga Vieja"
"El Valle","San Juan","San Juan","Río Arriba del Norte","Lamedero"
"El Valle","San Juan","San Juan","Río Arriba del Norte","Las Auyamas"
"El Valle","San Juan","San Juan","Río Arriba del Norte","Los Mineros"
"El Valle","San Juan","San Juan","Río Arriba del Norte","Los Pinalitos"
"El Valle","San Juan","San Juan","Río Arriba del Norte","Parque Nacional José del Carmen Ramírez"
"El Valle","San Juan","San Juan","Río Arriba del Norte","San Pedro"
"El Valle","San Juan","San Juan","Río Arriba del Norte","Valencio"
"El Valle","San Juan","San Juan","Los Gajitos","Boca de los Arroyos"
"El Valle","San Juan","San Juan","Los Gajitos","El Chicharrón"
"El Valle","San Juan","San Juan","Los Gajitos","El Tablón"
"El Valle","San Juan","San Juan","Los Gajitos","El Yayal"
"El Valle","San Juan","San Juan","Los Gajitos","Gajo del Bohío"
"El Valle","San Juan","San Juan","Los Gajitos","Guardarraya"
"El Valle","San Juan","San Juan","Los Gajitos","La Lima"
"El Valle","San Juan","San Juan","Los Gajitos","La Potrica"
"El Valle","San Juan","San Juan","Los Gajitos","Los Gajitos"
"El Valle","San Juan","San Juan","Los Gajitos","Los Ingénitos"
"El Valle","San Juan","San Juan","Los Gajitos","Los Jaimines"
"El Valle","San Juan","San Juan","Los Gajitos","Majagual"
"El Valle","San Juan","San Juan","Los Gajitos","Seboruco"
"El Valle","San Juan","San Juan","La Ciénaga","El Manguito"
"El Valle","San Juan","San Juan","La Ciénaga","Hoyo Prieto"
"El Valle","San Juan","San Juan","La Ciénaga","La Ciénaga"
"El Valle","San Juan","San Juan","La Ciénaga","La Guama"
"El Valle","San Juan","San Juan","La Ciénaga","La Higüera"
"El Valle","San Juan","San Juan","La Ciénaga","La Rosa"
"El Valle","San Juan","San Juan","La Ciénaga","Los Tomates"
"El Valle","San Juan","San Juan","La Ciénaga","Palo del Viento"
"El Valle","San Juan","San Juan","La Ciénaga","Piedra Blanca"
"El Valle","San Juan","San Juan","La Lometa","La Lometa"
"El Valle","San Juan","San Juan","Los Arroyos","La Cañita"
"El Valle","San Juan","San Juan","Los Arroyos","Los Arroyos"
"El Valle","San Juan","San Juan","Sabana Alta","Los Burros"
"El Valle","San Juan","San Juan","Sabana Alta","Sabana Alta"
"El Valle","San Juan","San Juan","Juan Álvarez","El Papayo"
"El Valle","San Juan","San Juan","Juan Álvarez","Juan Álvarez"
"El Valle","San Juan","San Juan","Juan Álvarez","Kilómetro 11"
"El Valle","San Juan","San Juan","Juan Álvarez","Kilómetro 12"
"El Valle","San Juan","San Juan","Juan Álvarez","Mijo o Kilómetro 13"
"El Valle","San Juan","San Juan","Juan Álvarez","Puente Mijo"
"El Valle","San Juan","San Juan","Los Vallaondito (Los Bayahondito)","El Cajón"
"El Valle","San Juan","San Juan","Los Vallaondito (Los Bayahondito)","Los Sajones o El Sajón"
"El Valle","San Juan","San Juan","Los Vallaondito (Los Bayahondito)","Los Vallaondito (Los Bayahondito)"
"El Valle","San Juan","San Juan","Los Vallaondito (Los Bayahondito)","Nicaragua"
"El Valle","San Juan","San Juan","Los Vallaondito (Los Bayahondito)","Sabana Piedra"
"El Valle","San Juan","San Juan","El Rosario","El Rosario Arriba"
"El Valle","San Juan","San Juan","El Rosario","Rosario Abajo"
"El Valle","San Juan","San Juan","El Rosario","Rosario al Medio"
"El Valle","San Juan","San Juan","Pueblo Nuevo","El Cerro"
"El Valle","San Juan","San Juan","Pueblo Nuevo","El Hato"
"El Valle","San Juan","San Juan","Pueblo Nuevo","El Rosario"
"El Valle","San Juan","San Juan","Pueblo Nuevo","La Basura"
"El Valle","San Juan","San Juan","Pueblo Nuevo","La Culata"
"El Valle","San Juan","San Juan","Pueblo Nuevo","La Herradura"
"El Valle","San Juan","San Juan","Pueblo Nuevo","La Palma (Las Palmas)"
"El Valle","San Juan","San Juan","Pueblo Nuevo","La Primer Agua"
"El Valle","San Juan","San Juan","Pueblo Nuevo","La Toronja"
"El Valle","San Juan","San Juan","Pueblo Nuevo","Las Yayas"
"El Valle","San Juan","San Juan","Pueblo Nuevo","Los Cambrones"
"El Valle","San Juan","San Juan","Pueblo Nuevo","Los Corbanitos (Caobita)"
"El Valle","San Juan","San Juan","Pueblo Nuevo","Macote"
"El Valle","San Juan","San Juan","Pueblo Nuevo","Manoguayabo o Los Caños"
"El Valle","San Juan","San Juan","Pueblo Nuevo","Mascotillo"
"El Valle","San Juan","San Juan","Pueblo Nuevo","Pueblo Nuevo"
"El Valle","San Juan","San Juan","Pueblo Nuevo","Rincón Abajo"
"El Valle","San Juan","San Juan","Pueblo Nuevo","Rincón de Ají"
"El Valle","San Juan","San Juan","Pueblo Nuevo","Villa Filda"
"El Valle","San Juan","San Juan","Cardón","Arenoso"
"El Valle","San Juan","San Juan","Cardón","Cardón"
"El Valle","San Juan","San Juan","El Capá","Agua Prieta"
"El Valle","San Juan","San Juan","El Capá","Casilla"
"El Valle","San Juan","San Juan","El Capá","El Caney"
"El Valle","San Juan","San Juan","El Capá","El Capá"
"El Valle","San Juan","San Juan","El Capá","El Carril"
"El Valle","San Juan","San Juan","El Capá","El Copey o Rancho Copey"
"El Valle","San Juan","San Juan","El Capá","El Puente"
"El Valle","San Juan","San Juan","El Capá","Los Charcos"
"El Valle","San Juan","San Juan","El Capá","Los Lechosos"
"El Valle","San Juan","San Juan","Hato del Padre","Hato del Padre"
"El Valle","San Juan","San Juan","El Cajuil","Arroyo Viejo"
"El Valle","San Juan","San Juan","El Cajuil","Conojo (Dormidero al Medio)"
"El Valle","San Juan","San Juan","El Cajuil","El Cajuil"
"El Valle","San Juan","San Juan","El Cajuil","El Córbano"
"El Valle","San Juan","San Juan","El Cajuil","El Prado"
"El Valle","San Juan","San Juan","El Cajuil","La Garita"
"El Valle","San Juan","San Juan","El Cajuil","Los Callejones"
"El Valle","San Juan","San Juan","El Cajuil","Los Caños"
"El Valle","San Juan","San Juan","El Cajuil","Los Portugueses"
"El Valle","San Juan","San Juan","El Cajuil","Los Ríos"
"El Valle","San Juan","San Juan","El Cajuil","Tierra Prieta"
"El Valle","San Juan","San Juan","La Higüera","Asiento de Luisa"
"El Valle","San Juan","San Juan","La Higüera","El Ciruelito"
"El Valle","San Juan","San Juan","La Higüera","El Ciruelo"
"El Valle","San Juan","San Juan","La Higüera","La Higüera"
"El Valle","San Juan","San Juan","La Higüera","La Mayita (La Mallita)"
"El Valle","San Juan","San Juan","Arroyo Loro","Arroyo Loro"
"El Valle","San Juan","San Juan","Arroyo Loro","Kilómetro 12 Norte (La Hurca)"
"El Valle","San Juan","San Juan","Arroyo Loro","La Otra Vera"
"El Valle","San Juan","San Juan","Arroyo Loro","Magueyar Norte"
"El Valle","San Juan","San Juan","Guanito","Buena Fortuna"
"El Valle","San Juan","San Juan","Guanito","El Cerro"
"El Valle","San Juan","San Juan","Guanito","Guanito o Centro del Pueblo"
"El Valle","San Juan","San Juan","Guanito","La Espargata"
"El Valle","San Juan","San Juan","Guanito","Altos de los Melones (Cerro de los Melones o Las Tunas)"
"El Valle","San Juan","San Juan","Guanito","Cayucal (El Tunal)"
"El Valle","San Juan","San Juan","Guanito","El Proyecto"
"El Valle","San Juan","San Juan","Los Bancos","Los Bancos"
"El Valle","San Juan","San Juan","Los Bancos","Los Bancos Abajo"
"El Valle","San Juan","San Juan","Los Bancos","Los Bancos Viejos"
"El Valle","San Juan","San Juan","Los Bancos","Los Burros"
"El Valle","San Juan","San Juan","Los Bancos","Los Papayos"
"El Valle","San Juan","San Juan","La Jagua","La Jagua"
"El Valle","San Juan","San Juan","La Jagua","El Abejón"
"El Valle","San Juan","San Juan","La Jagua","El Naranjo"
"El Valle","San Juan","San Juan","La Jagua","El Palmar"
"El Valle","San Juan","San Juan","La Jagua","El Pinar"
"El Valle","San Juan","San Juan","La Jagua","La Zurza"
"El Valle","San Juan","San Juan","La Jagua","Las Cañitas"
"El Valle","San Juan","San Juan","La Jagua","Los Botaos"
"El Valle","San Juan","San Juan","La Jagua","Los Cercadillos"
"El Valle","San Juan","San Juan","El Hatico","Cardo Prieto"
"El Valle","San Juan","San Juan","El Hatico","El Guanal"
"El Valle","San Juan","San Juan","El Hatico","El Hatico"
"El Valle","San Juan","San Juan","El Hatico","Guayabo Dulce"
"El Valle","San Juan","San Juan","El Hatico","Hato Maíz"
"El Valle","San Juan","San Juan","El Hatico","La Agüita"
"El Valle","San Juan","San Juan","El Hatico","Los Gajos Largos"
"El Valle","San Juan","San Juan","El Hatico","Los Montes Frescos"
"El Valle","San Juan","San Juan","El Hatico","Los Rincones"
"El Valle","San Juan","San Juan","El Hatico","Los Vallecitos"
"El Valle","San Juan","San Juan","El Cerrito","Caimito"
"El Valle","San Juan","San Juan","El Cerrito","Dajai"
"El Valle","San Juan","San Juan","El Cerrito","El Cerrito"
"El Valle","San Juan","San Juan","El Cerrito","La Isleta"
"El Valle","San Juan","San Juan","El Cerrito","La Roda"
"El Valle","San Juan","San Juan","Guayabal","Caracol"
"El Valle","San Juan","San Juan","Guayabal","El Guayabal"
"El Valle","San Juan","San Juan","Guayabal","El Rodeo"
"El Valle","San Juan","San Juan","Guayabal","La Meseta"
"El Valle","San Juan","San Juan","Guayabal","Palo Quemao"
"El Valle","San Juan","San Juan","Guayabal","Sabana Larga"
"El Valle","San Juan","San Juan","Las Maguanas-Hato Nuevo","Maguana Abajo"
"El Valle","San Juan","San Juan","Pasatiempo","Los Santiles"
"El Valle","San Juan","San Juan","Pasatiempo","Matadero"
"El Valle","San Juan","San Juan","Pasatiempo","Pasatiempo Abajo"
"El Valle","San Juan","San Juan","Pasatiempo","Pasatiempo Arriba"
"El Valle","San Juan","San Juan","Higüerito","Higüerito"
"El Valle","San Juan","San Juan","Higüerito","Loma del Chivo"
"El Valle","San Juan","San Juan","Higüerito","Los Cerros"
"El Valle","San Juan","San Juan","Higüerito","Pozo Prieto"
"El Valle","San Juan","San Juan","Dormidero","Corralito"
"El Valle","San Juan","San Juan","Dormidero","Dormidero"
"El Valle","San Juan","San Juan","Dormidero","La Meseta"
"El Valle","San Juan","San Juan","Hato Nuevo","Hato Nuevo"
"El Valle","San Juan","San Juan","Hato Nuevo","La Cana de Hato Nuevo"
"El Valle","San Juan","San Juan","Hato Nuevo","La Piña"
"El Valle","San Juan","San Juan","Hato Nuevo","Los Cerros de Hato Nuevo"
"El Valle","San Juan","San Juan","Hato Nuevo","Los Piñones"
"El Valle","San Juan","San Juan","Hato Nuevo","Maguana al Medio"
"El Valle","San Juan","San Juan","Hato Nuevo","Maguana Arriba"
"El Valle","San Juan","San Juan","Hato Nuevo","Migaja (La Migaja)"
"El Valle","San Juan","San Juan","Las Charcas de María Nova","Las Charcas de María Nova"
"El Valle","San Juan","San Juan","Loma de Babor","Agua de Ratón"
"El Valle","San Juan","San Juan","Loma de Babor","El Cafecito"
"El Valle","San Juan","San Juan","Loma de Babor","El Columpio"
"El Valle","San Juan","San Juan","Loma de Babor","El Guanal"
"El Valle","San Juan","San Juan","Loma de Babor","El Vallecito"
"El Valle","San Juan","San Juan","Loma de Babor","La Guardarraya"
"El Valle","San Juan","San Juan","Loma de Babor","La Laguna de Sabana"
"El Valle","San Juan","San Juan","Loma de Babor","La Sabanita Redonda"
"El Valle","San Juan","San Juan","Loma de Babor","Las Nueces"
"El Valle","San Juan","San Juan","Loma de Babor","Loma de Babor"
"El Valle","San Juan","San Juan","Las Charcas Viejas","El Vallecito"
"El Valle","San Juan","San Juan","Las Charcas Viejas","Kilómetro 12 Sur"
"El Valle","San Juan","San Juan","Las Charcas Viejas","La Alcantarilla"
"El Valle","San Juan","San Juan","Las Charcas Viejas","La Lomita"
"El Valle","San Juan","San Juan","Las Charcas Viejas","La Rigolita"
"El Valle","San Juan","San Juan","Las Charcas Viejas","La Verma - La Berma (El Guanal)"
"El Valle","San Juan","San Juan","Las Charcas Viejas","Las Charcas Viejas"
"El Valle","San Juan","San Juan","Las Charcas Viejas","Loma de Babor o Alto de Las Flores"
"El Valle","San Juan","San Juan","Las Charcas Viejas","Maguana"
"El Valle","San Juan","San Juan","Las Charcas Viejas","Pedro Martín"
"El Valle","San Juan","San Juan","Las Charcas Viejas","Tierrita Blanca"
"El Valle","San Juan","San Juan","Babor Abajo","Babor Abajo"
"El Valle","San Juan","San Juan","Babor Abajo","Babor Afuera o Babor Arriba"
"El Valle","San Juan","San Juan","Babor Abajo","El Charco Bonito"
"El Valle","San Juan","San Juan","Babor Abajo","La Pascuaza o La Pascuala"
"El Valle","San Juan","San Juan","Babor Abajo","Lo Votao (Los Votao (Los Botados)"
"El Valle","San Juan","San Juan","Babor Abajo","Los Caimonices"
"El Valle","San Juan","San Juan","Babor Abajo","Madregil o Madre Gil"
"El Valle","San Juan","San Juan","Las Zanjas","Las Zanjas"
"El Valle","San Juan","San Juan","El Cacheo","Carrera del Pino"
"El Valle","San Juan","San Juan","El Cacheo","Cativo"
"El Valle","San Juan","San Juan","El Cacheo","El Arroyo Grande"
"El Valle","San Juan","San Juan","El Cacheo","El Cacheo"
"El Valle","San Juan","San Juan","El Cacheo","El Yugal (El Palmarito)"
"El Valle","San Juan","San Juan","El Cacheo","La Meseta"
"El Valle","San Juan","San Juan","La Florida","Arroyo Chiquito"
"El Valle","San Juan","San Juan","La Florida","El Corozo"
"El Valle","San Juan","San Juan","La Florida","El Guarico"
"El Valle","San Juan","San Juan","La Florida","El Quemao o El Quemao de Santiago"
"El Valle","San Juan","San Juan","La Florida","La Florida"
"El Valle","San Juan","San Juan","La Florida","La Sabana o Las Sabanas"
"El Valle","San Juan","San Juan","La Florida","Loma Verde"
"El Valle","San Juan","San Juan","Las Zanjas","El Jobo"
"El Valle","San Juan","San Juan","Las Zanjas","Fondo Viejo"
"El Valle","San Juan","San Juan","Las Zanjas","La Peña"
"El Valle","San Juan","San Juan","Las Zanjas","Las Zanjas"
"El Valle","San Juan","San Juan","Las Zanjas","Los Granadillos"
"El Valle","San Juan","San Juan","Las Charcas de Garabito","Ático o El Hático"
"El Valle","San Juan","San Juan","Las Charcas de Garabito","El Candelón"
"El Valle","San Juan","San Juan","Las Charcas de Garabito","El Rodeo"
"El Valle","San Juan","San Juan","Las Charcas de Garabito","Las Charcas de Garabito"
"El Valle","San Juan","San Juan","Las Charcas de Garabito","Los Lamederos"
"El Valle","San Juan","San Juan","El Batey","Batey Chiquito"
"El Valle","San Juan","San Juan","El Batey","Cañitas Batey (Cañitas)"
"El Valle","San Juan","San Juan","El Batey","El Batey"
"El Valle","San Juan","San Juan","El Batey","El Otro Lado"
"El Valle","San Juan","San Juan","El Batey","Las Auyamas"
"El Valle","San Juan","San Juan","El Batey","Los Orozcos"
"El Valle","San Juan","San Juan","El Batey","Pedro Ramón"
"El Valle","San Juan","San Juan","El Kilómetro 9","Bayahondo"
"El Valle","San Juan","San Juan","El Kilómetro 9","Cañada Seca"
"El Valle","San Juan","San Juan","El Kilómetro 9","El Conuco"
"El Valle","San Juan","San Juan","El Kilómetro 9","El Kilómetro 9"
"El Valle","San Juan","San Juan","El Kilómetro 9","Kilómetro 6"
"El Valle","San Juan","San Juan","El Kilómetro 9","La Finca"
"El Valle","San Juan","Vallejuelo","Vallejuelo","El Bolsillo, La Curvita o El Abanico"
"El Valle","San Juan","Vallejuelo","Vallejuelo","El Diez"
"El Valle","San Juan","Vallejuelo","Vallejuelo","El Hato o Centro del Pueblo"
"El Valle","San Juan","Vallejuelo","Vallejuelo","La Colonia"
"El Valle","San Juan","Vallejuelo","Vallejuelo","Las Clavellinas"
"El Valle","San Juan","Vallejuelo","Vallejuelo","Las Flores o Carrera de Yeguas"
"El Valle","San Juan","Vallejuelo","Vallejuelo","Lindo"
"El Valle","San Juan","Vallejuelo","Vallejuelo","Los Fundos"
"El Valle","San Juan","Vallejuelo","Vallejuelo","Los Pinos"
"El Valle","San Juan","Vallejuelo","Río Arriba del Sur","Cañada de Palma"
"El Valle","San Juan","Vallejuelo","Río Arriba del Sur","Cañafístol"
"El Valle","San Juan","Vallejuelo","Río Arriba del Sur","Capulín"
"El Valle","San Juan","Vallejuelo","Río Arriba del Sur","El Barrero"
"El Valle","San Juan","Vallejuelo","Río Arriba del Sur","El Guayabo"
"El Valle","San Juan","Vallejuelo","Río Arriba del Sur","El Pozo de Limón"
"El Valle","San Juan","Vallejuelo","Río Arriba del Sur","La Altamisa"
"El Valle","San Juan","Vallejuelo","Río Arriba del Sur","La Rosa"
"El Valle","San Juan","Vallejuelo","Río Arriba del Sur","Las Cañitas"
"El Valle","San Juan","Vallejuelo","Río Arriba del Sur","Los Fundos"
"El Valle","San Juan","Vallejuelo","Río Arriba del Sur","Los Pozos"
"El Valle","San Juan","Vallejuelo","Río Arriba del Sur","Palma Caña"
"El Valle","San Juan","Vallejuelo","Río Arriba del Sur","Pedro Sánchez"
"El Valle","San Juan","Vallejuelo","Río Arriba del Sur","Río Arriba del Sur"
"El Valle","San Juan","Vallejuelo","Río Arriba del Sur","Sabana Grande"
"El Valle","San Juan","Vallejuelo","Río Arriba del Sur","Sonador"
"El Valle","San Juan","Vallejuelo","Jorjillo","Azul"
"El Valle","San Juan","Vallejuelo","Jorjillo","Rodeo"
"El Valle","San Juan","Vallejuelo","Jorjillo","Cabeza del Rodeo"
"El Valle","San Juan","Vallejuelo","Jorjillo","El Rodeo"
"El Valle","San Juan","Vallejuelo","Jorjillo","La Caobita"
"El Valle","San Juan","Vallejuelo","Jorjillo","La Ceiba"
"El Valle","San Juan","Vallejuelo","Jorjillo","La Patilla"
"El Valle","San Juan","Vallejuelo","Jorjillo","La Siembrita (La Siembra)"
"El Valle","San Juan","Vallejuelo","Jorjillo","Maisabel (May Isabel)"
"El Valle","San Juan","Vallejuelo","Jorjillo","Pie Cano"
"El Valle","San Juan","Vallejuelo","Cañada del Café","Cañada del Café"
"El Valle","San Juan","Vallejuelo","Carrera de Puerta","Carrera de Puerta"
"Enriquillo","Baoruco","Galván","Galván","El Muey"
"Enriquillo","Baoruco","Galván","Galván","Galván"
"Enriquillo","Baoruco","Galván","Galván","La Piedra"
"Enriquillo","Baoruco","Galván","Galván","Los Hierros"
"Enriquillo","Baoruco","Galván","Galván","Los Multi de Galván"
"Enriquillo","Baoruco","Galván","Galván","Sábila Arriba (Zábila Arriba)"
"Enriquillo","Baoruco","Galván","El Mamón","Carpintero"
"Enriquillo","Baoruco","Galván","El Mamón","El Mamón"
"Enriquillo","Baoruco","Galván","El Mamón","El Millo"
"Enriquillo","Baoruco","Galván","El Mamón","La Guama"
"Enriquillo","Baoruco","Galván","El Mamón","La Mina"
"Enriquillo","Baoruco","Galván","El Mamón","Las Sábilas"
"Enriquillo","Baoruco","Galván","El Mamón","Los Angelitos"
"Enriquillo","Baoruco","Galván","El Mamón","Los Cerros"
"Enriquillo","Baoruco","Galván","El Mamón","Muerto Sentado"
"Enriquillo","Baoruco","Galván","El Mamón","Palo Alto"
"Enriquillo","Baoruco","Galván","El Mamón","Placer Bonito"
"Enriquillo","Baoruco","Galván","El Rodeo (Majagual)","Majagual"
"Enriquillo","Baoruco","Galván","Las Tejas","Batey San Rafael"
"Enriquillo","Baoruco","Galván","Las Tejas","Batista"
"Enriquillo","Baoruco","Galván","Las Tejas","Cabirmal"
"Enriquillo","Baoruco","Galván","Las Tejas","El Rodeo"
"Enriquillo","Baoruco","Galván","Las Tejas","Gliteria"
"Enriquillo","Baoruco","Galván","Las Tejas","La Rosa o Gran Plena"
"Enriquillo","Baoruco","Galván","Las Tejas","Las Flores"
"Enriquillo","Baoruco","Galván","Las Tejas","Las Tejas"
"Enriquillo","Baoruco","Galván","Las Tejas","Los Arroyitos"
"Enriquillo","Baoruco","Galván","Las Tejas","Los Botaditos"
"Enriquillo","Baoruco","Galván","Las Tejas","Los Guazarales"
"Enriquillo","Baoruco","Galván","Las Tejas","Mundito"
"Enriquillo","Baoruco","Galván","El Salado","El Salado"
"Enriquillo","Baoruco","Galván","Tamarindo","Boca del Palmar"
"Enriquillo","Baoruco","Galván","Tamarindo","Cachón Viejo"
"Enriquillo","Baoruco","Galván","Tamarindo","Cerro al Medio"
"Enriquillo","Baoruco","Galván","Tamarindo","El Salado"
"Enriquillo","Baoruco","Galván","Tamarindo","Guaragurito"
"Enriquillo","Baoruco","Galván","Tamarindo","Los Cocos"
"Enriquillo","Baoruco","Galván","Tamarindo","Moruno"
"Enriquillo","Baoruco","Galván","Tamarindo","Preparo"
"Enriquillo","Baoruco","Galván","Tamarindo","Saladito"
"Enriquillo","Baoruco","Galván","Tamarindo","Tamarindo"
"Enriquillo","Baoruco","Los Ríos","Los Ríos","Centro del Pueblo o La Q"
"Enriquillo","Baoruco","Los Ríos","Los Ríos","El Cachimbo"
"Enriquillo","Baoruco","Los Ríos","Los Ríos","El Cerro"
"Enriquillo","Baoruco","Los Ríos","Los Ríos","Hato Nuevo"
"Enriquillo","Baoruco","Los Ríos","Los Ríos","La Picantina (El Otro Lado)"
"Enriquillo","Baoruco","Los Ríos","Los Ríos","Lengua Azul"
"Enriquillo","Baoruco","Los Ríos","Los Ríos","Los Guandules"
"Enriquillo","Baoruco","Los Ríos","Los Ríos","Pavón"
"Enriquillo","Baoruco","Los Ríos","Higo de la Cruz","Agua de la Palma (La Recta)"
"Enriquillo","Baoruco","Los Ríos","Higo de la Cruz","Barrerita"
"Enriquillo","Baoruco","Los Ríos","Higo de la Cruz","El Pino"
"Enriquillo","Baoruco","Los Ríos","Higo de la Cruz","Higo de la Cruz"
"Enriquillo","Baoruco","Los Ríos","Higo de la Cruz","La Guamita"
"Enriquillo","Baoruco","Los Ríos","Higo de la Cruz","La Madera"
"Enriquillo","Baoruco","Los Ríos","Higo de la Cruz","La Rosa"
"Enriquillo","Baoruco","Los Ríos","Higo de la Cruz","Los Bleos"
"Enriquillo","Baoruco","Los Ríos","Higo de la Cruz","Los Higos"
"Enriquillo","Baoruco","Los Ríos","Higo de la Cruz","Monte Bonito"
"Enriquillo","Baoruco","Los Ríos","Higo de la Cruz","Pino Fresco"
"Enriquillo","Baoruco","Los Ríos","Los Mosquitos","El Toro"
"Enriquillo","Baoruco","Los Ríos","Los Mosquitos","La Finca"
"Enriquillo","Baoruco","Los Ríos","Los Mosquitos","La Plena"
"Enriquillo","Baoruco","Los Ríos","Los Mosquitos","La Sierra"
"Enriquillo","Baoruco","Los Ríos","Los Mosquitos","Los Mosquitos"
"Enriquillo","Baoruco","Los Ríos","Los Mosquitos","Los Palos del Burro"
"Enriquillo","Baoruco","Los Ríos","Los Mosquitos","Pinalito"
"Enriquillo","Baoruco","Los Ríos","Las Clavellinas","Alto Velo"
"Enriquillo","Baoruco","Los Ríos","Las Clavellinas","Boca de Pala"
"Enriquillo","Baoruco","Los Ríos","Las Clavellinas","Cuba"
"Enriquillo","Baoruco","Los Ríos","Las Clavellinas","Las Clavellinas"
"Enriquillo","Baoruco","Los Ríos","Las Clavellinas","Las Flores"
"Enriquillo","Baoruco","Los Ríos","Las Clavellinas","Los Povitos"
"Enriquillo","Baoruco","Los Ríos","Cañada Vieja","Cañada del Rancho"
"Enriquillo","Baoruco","Los Ríos","Cañada Vieja","Cañada Vieja"
"Enriquillo","Baoruco","Los Ríos","Cañada Vieja","Los Amaceyes"
"Enriquillo","Baoruco","Los Ríos","Arroyo Salado","Arroyo Salado"
"Enriquillo","Baoruco","Los Ríos","Arroyo Salado","El Palmarito"
"Enriquillo","Baoruco","Los Ríos","Arroyo Salado","La Cortadera"
"Enriquillo","Baoruco","Neiba","Neiba","Brisas del Norte"
"Enriquillo","Baoruco","Neiba","Neiba","Cachón Seco"
"Enriquillo","Baoruco","Neiba","Neiba","Centro del Pueblo"
"Enriquillo","Baoruco","Neiba","Neiba","Cerro al Medio"
"Enriquillo","Baoruco","Neiba","Neiba","Coronel Francisco Alberto Caamaño"
"Enriquillo","Baoruco","Neiba","Neiba","El Tanque"
"Enriquillo","Baoruco","Neiba","Neiba","La Cuaba"
"Enriquillo","Baoruco","Neiba","Neiba","La Jota"
"Enriquillo","Baoruco","Neiba","Neiba","La Teja"
"Enriquillo","Baoruco","Neiba","Neiba","Las Filipinas"
"Enriquillo","Baoruco","Neiba","Neiba","Las Malvinas"
"Enriquillo","Baoruco","Neiba","Neiba","Los Cocos"
"Enriquillo","Baoruco","Neiba","Neiba","Los Girasoles"
"Enriquillo","Baoruco","Neiba","Neiba","Puerto Plata (INVI)"
"Enriquillo","Baoruco","Neiba","Neiba","Santa Cruz"
"Enriquillo","Baoruco","Neiba","Apolinar Perdomo","Apolinar Perdomo"
"Enriquillo","Baoruco","Neiba","Apolinar Perdomo","Dos Brazos"
"Enriquillo","Baoruco","Neiba","Apolinar Perdomo","El Botado"
"Enriquillo","Baoruco","Neiba","Apolinar Perdomo","El Gajo"
"Enriquillo","Baoruco","Neiba","Apolinar Perdomo","El Hato"
"Enriquillo","Baoruco","Neiba","Apolinar Perdomo","El Pico"
"Enriquillo","Baoruco","Neiba","Apolinar Perdomo","Los Hoyitos"
"Enriquillo","Baoruco","Neiba","Apolinar Perdomo","San Sapito o Agapito"
"Enriquillo","Baoruco","Neiba","El Estero","Cachón Seco"
"Enriquillo","Baoruco","Neiba","El Estero","Cecadal"
"Enriquillo","Baoruco","Neiba","El Estero","El Estero"
"Enriquillo","Baoruco","Neiba","El Estero","La Puentecita"
"Enriquillo","Baoruco","Neiba","El Estero","Ojeda"
"Enriquillo","Baoruco","Neiba","Los Guineos","Las Cañas"
"Enriquillo","Baoruco","Neiba","Los Guineos","Los Guineos"
"Enriquillo","Baoruco","Neiba","Los Guineos","Los Montazos"
"Enriquillo","Baoruco","Neiba","Los Guineos","Los Segundos"
"Enriquillo","Baoruco","Neiba","El Manguito","El Manguito"
"Enriquillo","Baoruco","Neiba","El Manguito","La Colonia"
"Enriquillo","Baoruco","Neiba","El Manguito","La Tala"
"Enriquillo","Baoruco","Neiba","El Manguito","Las Cañas"
"Enriquillo","Baoruco","Neiba","El Manguito","Monte Quemado"
"Enriquillo","Baoruco","Neiba","El Manguito","Plaza Cacique"
"Enriquillo","Baoruco","Neiba","El Manguito","Tabardillo Arriba"
"Enriquillo","Baoruco","Neiba","Las Petacas","El Manaclar"
"Enriquillo","Baoruco","Neiba","Las Petacas","La Gloria"
"Enriquillo","Baoruco","Neiba","Las Petacas","Las Petacas"
"Enriquillo","Baoruco","Neiba","Las Petacas","Los Charquitos"
"Enriquillo","Baoruco","Neiba","Las Petacas","Los Tres Pies"
"Enriquillo","Baoruco","Neiba","Las Petacas","Regadera"
"Enriquillo","Baoruco","Neiba","Las Petacas","Segundo Paso"
"Enriquillo","Baoruco","Neiba","Las Petacas","Viña"
"Enriquillo","Baoruco","Neiba","Los Roas","El Bejucal"
"Enriquillo","Baoruco","Neiba","Los Roas","El Calabozo"
"Enriquillo","Baoruco","Neiba","Los Roas","El Ingenio"
"Enriquillo","Baoruco","Neiba","Los Roas","El Sillón"
"Enriquillo","Baoruco","Neiba","Los Roas","La Lomita"
"Enriquillo","Baoruco","Neiba","Los Roas","Los Fonditos"
"Enriquillo","Baoruco","Neiba","Los Roas","Los Roas"
"Enriquillo","Baoruco","Neiba","Copey","El Aguacate"
"Enriquillo","Baoruco","Neiba","Copey","El Copey"
"Enriquillo","Baoruco","Neiba","Copey","El Mangal"
"Enriquillo","Baoruco","Neiba","Copey","Palmar Bonito"
"Enriquillo","Baoruco","Neiba","Copey","Rancho de Marcos"
"Enriquillo","Baoruco","Neiba","Copey","Timia"
"Enriquillo","Baoruco","Neiba","Copey","Zarabanda"
"Enriquillo","Baoruco","Neiba","El Aguacate","Alto de La Peña"
"Enriquillo","Baoruco","Neiba","El Aguacate","El Aguacate"
"Enriquillo","Baoruco","Neiba","El Aguacate","El Alto"
"Enriquillo","Baoruco","Neiba","El Aguacate","El Fondo"
"Enriquillo","Baoruco","Neiba","El Aguacate","El Pozo"
"Enriquillo","Baoruco","Neiba","El Aguacate","Guayuyal del Aguacate"
"Enriquillo","Baoruco","Neiba","El Aguacate","La Guamita"
"Enriquillo","Baoruco","Neiba","El Aguacate","Los Canes"
"Enriquillo","Baoruco","Neiba","El Aguacate","Los Peñascos"
"Enriquillo","Baoruco","Neiba","El Aguacate","Panchito"
"Enriquillo","Baoruco","Neiba","El Aguacate","Pinalito (Los Pichones)"
"Enriquillo","Baoruco","Neiba","El Aguacate","Rancho Viejo"
"Enriquillo","Baoruco","Neiba","El Palmar","El Palmar"
"Enriquillo","Baoruco","Neiba","Batey I","Batey I"
"Enriquillo","Baoruco","Neiba","Batey 4","Batey 4"
"Enriquillo","Baoruco","Neiba","Batey 4","Batey Cuchillo"
"Enriquillo","Baoruco","Neiba","Batey 5","Batey 5"
"Enriquillo","Baoruco","Neiba","Batey Isabela","Batey 2"
"Enriquillo","Baoruco","Neiba","Batey Isabela","Batey Isabela"
"Enriquillo","Baoruco","Neiba","El Palmar","Batey 3"
"Enriquillo","Baoruco","Neiba","El Palmar","El Palmar"
"Enriquillo","Baoruco","Tamayo","Tamayo","Alto de las Flores"
"Enriquillo","Baoruco","Tamayo","Tamayo","Centro del Pueblo"
"Enriquillo","Baoruco","Tamayo","Tamayo","El Cacique"
"Enriquillo","Baoruco","Tamayo","Tamayo","Hato Nuevo"
"Enriquillo","Baoruco","Tamayo","Tamayo","La Sombra"
"Enriquillo","Baoruco","Tamayo","Tamayo","Los Charquitos"
"Enriquillo","Baoruco","Tamayo","Tamayo","María Montez o Los Cuaba"
"Enriquillo","Baoruco","Tamayo","Tamayo","San José La Cuaba"
"Enriquillo","Baoruco","Tamayo","Barranca","Barranca"
"Enriquillo","Baoruco","Tamayo","Barranca","Honduras"
"Enriquillo","Baoruco","Tamayo","Barranca","Rincón de Ají (Arroyo Seco)"
"Enriquillo","Baoruco","Tamayo","Barranca","San Simón"
"Enriquillo","Baoruco","Tamayo","Barranca","Vuelta Grande"
"Enriquillo","Baoruco","Tamayo","Uvilla","Leonardo González o Los Mulos"
"Enriquillo","Baoruco","Tamayo","Uvilla","Nueva Uvilla"
"Enriquillo","Baoruco","Tamayo","Uvilla","Uvilla Abajo"
"Enriquillo","Baoruco","Tamayo","Uvilla","Uvilla Arriba"
"Enriquillo","Baoruco","Tamayo","El Jobo","El Jobo"
"Enriquillo","Baoruco","Tamayo","Santana","El Cerrito"
"Enriquillo","Baoruco","Tamayo","Santana","El Cerro"
"Enriquillo","Baoruco","Tamayo","Santana","La Cu"
"Enriquillo","Baoruco","Tamayo","Santana","Villa Liberación"
"Enriquillo","Baoruco","Tamayo","Santana","Villa Lorenza"
"Enriquillo","Baoruco","Tamayo","Bayahonda","Altamira"
"Enriquillo","Baoruco","Tamayo","Bayahonda","Bayahonda"
"Enriquillo","Baoruco","Tamayo","Bayahonda","Cachimba"
"Enriquillo","Baoruco","Tamayo","Bayahonda","Los Conuquitos"
"Enriquillo","Baoruco","Tamayo","Bayahonda","San Ramón"
"Enriquillo","Baoruco","Tamayo","Bayahonda","Villa Santana (Batey Santana)"
"Enriquillo","Baoruco","Tamayo","Monserrate o Montserrat","Montserrat"
"Enriquillo","Baoruco","Tamayo","Monserrate o Montserrat","Santa María"
"Enriquillo","Baoruco","Tamayo","Santa María","Santa María"
"Enriquillo","Baoruco","Tamayo","Valle Encantado","El Higo"
"Enriquillo","Baoruco","Tamayo","Cabeza de Toro","Cabeza de Toro"
"Enriquillo","Baoruco","Tamayo","El Granado","Cabeza de Toro"
"Enriquillo","Baoruco","Tamayo","El Granado","El Manguito"
"Enriquillo","Baoruco","Tamayo","El Granado","La Graná"
"Enriquillo","Baoruco","Tamayo","Guanarate","Guanarate"
"Enriquillo","Baoruco","Tamayo","Mena","Mena Abajo"
"Enriquillo","Baoruco","Tamayo","Mena","Mena Arriba"
"Enriquillo","Baoruco","Tamayo","Los Blocks de Mena","Batey Mena o Block de Mena"
"Enriquillo","Baoruco","Tamayo","Los Blocks de Mena","Mena Abajo"
"Enriquillo","Baoruco","Tamayo","Los Blocks de Mena","Mena Arriba"
"Enriquillo","Baoruco","Tamayo","Los Blocks de Mena","Villa Mella"
"Enriquillo","Baoruco","Tamayo","Santa Bárbara El 6","Concho Primo"
"Enriquillo","Baoruco","Tamayo","Santa Bárbara El 6","Las Casitas"
"Enriquillo","Baoruco","Tamayo","Santa Bárbara El 6","Los Barrancones"
"Enriquillo","Baoruco","Tamayo","Santa Bárbara El 6","Los Blocks"
"Enriquillo","Baoruco","Tamayo","La Casita","Concho Primo"
"Enriquillo","Baoruco","Tamayo","La Casita","La Casita"
"Enriquillo","Baoruco","Tamayo","Los Robles","Los Robles"
"Enriquillo","Baoruco","Tamayo","Los Robles","Palo de Leche"
"Enriquillo","Baoruco","Villa Jaragua","Villa Jaragua","Alto Velo"
"Enriquillo","Baoruco","Villa Jaragua","Villa Jaragua","Brisas del Este"
"Enriquillo","Baoruco","Villa Jaragua","Villa Jaragua","Centro del Pueblo"
"Enriquillo","Baoruco","Villa Jaragua","Villa Jaragua","El 10"
"Enriquillo","Baoruco","Villa Jaragua","Villa Jaragua","El Cerro"
"Enriquillo","Baoruco","Villa Jaragua","Villa Jaragua","El Otro Lado"
"Enriquillo","Baoruco","Villa Jaragua","Villa Jaragua","El Palmar"
"Enriquillo","Baoruco","Villa Jaragua","Villa Jaragua","Enriquillo"
"Enriquillo","Baoruco","Villa Jaragua","Villa Jaragua","Fe y Alegría"
"Enriquillo","Baoruco","Villa Jaragua","Villa Jaragua","La Madre"
"Enriquillo","Baoruco","Villa Jaragua","Villa Jaragua","Los Guayacanes"
"Enriquillo","Baoruco","Villa Jaragua","Villa Jaragua","Mecerón"
"Enriquillo","Baoruco","Villa Jaragua","Villa Jaragua","Nuevo"
"Enriquillo","Baoruco","Villa Jaragua","Villa Jaragua","Palenque"
"Enriquillo","Baoruco","Villa Jaragua","Villa Jaragua","Villa Progreso"
"Enriquillo","Baoruco","Villa Jaragua","Villa Jaragua","Vista al Lago o La Bruja"
"Enriquillo","Baoruco","Villa Jaragua","El Barro","Arroyo Salado"
"Enriquillo","Baoruco","Villa Jaragua","El Barro","El Barro"
"Enriquillo","Baoruco","Villa Jaragua","El Barro","El Higüero"
"Enriquillo","Baoruco","Villa Jaragua","El Barro","El Mamey"
"Enriquillo","Baoruco","Villa Jaragua","El Barro","El Meso"
"Enriquillo","Baoruco","Villa Jaragua","El Barro","Guayacanal"
"Enriquillo","Baoruco","Villa Jaragua","El Barro","La Esperanza"
"Enriquillo","Baoruco","Villa Jaragua","El Barro","Las Cortaderas"
"Enriquillo","Baoruco","Villa Jaragua","El Barro","Los Amaceyes"
"Enriquillo","Baoruco","Villa Jaragua","El Barro","Pedro"
"Enriquillo","Baoruco","Villa Jaragua","El Barro","Ronelio Lloyo o Rancho de Goyo"
"Enriquillo","Baoruco","Villa Jaragua","El Barro","Yerba Buena"
"Enriquillo","Baoruco","Villa Jaragua","Las Cañitas","Colorado"
"Enriquillo","Baoruco","Villa Jaragua","Las Cañitas","El Valle"
"Enriquillo","Baoruco","Villa Jaragua","Las Cañitas","Hoyo de Julián"
"Enriquillo","Baoruco","Villa Jaragua","Las Cañitas","La Cidra"
"Enriquillo","Baoruco","Villa Jaragua","Las Cañitas","Las Cañitas"
"Enriquillo","Baoruco","Villa Jaragua","Las Cañitas","Loma de Juanico"
"Enriquillo","Baoruco","Villa Jaragua","Las Cañitas","Meregildo"
"Enriquillo","Baoruco","Villa Jaragua","Las Cañitas","Naranjo"
"Enriquillo","Baoruco","Villa Jaragua","Las Cañitas","Penda"
"Enriquillo","Baoruco","Villa Jaragua","Las Cañitas","Sobacón"
"Enriquillo","Baoruco","Villa Jaragua","Pie de Loma","La Cidra"
"Enriquillo","Baoruco","Villa Jaragua","Pie de Loma","Las Lagunas"
"Enriquillo","Baoruco","Villa Jaragua","Pie de Loma","Majagual Cenizo"
"Enriquillo","Baoruco","Villa Jaragua","Pie de Loma","Pie de Loma"
"Enriquillo","Baoruco","Villa Jaragua","Mata de Naranja","Arroyo Seco (Guayubín)"
"Enriquillo","Baoruco","Villa Jaragua","Mata de Naranja","Cascajar (Cascajal)"
"Enriquillo","Baoruco","Villa Jaragua","Mata de Naranja","El Silencio (Loma del Silencio)"
"Enriquillo","Baoruco","Villa Jaragua","Mata de Naranja","La Cuba"
"Enriquillo","Baoruco","Villa Jaragua","Mata de Naranja","La Cuchilla"
"Enriquillo","Baoruco","Villa Jaragua","Mata de Naranja","Los Hierros"
"Enriquillo","Baoruco","Villa Jaragua","Mata de Naranja","Los Jaricos (Janison)"
"Enriquillo","Baoruco","Villa Jaragua","Mata de Naranja","Los Yaurumos"
"Enriquillo","Baoruco","Villa Jaragua","Mata de Naranja","Mata de Naranja"
"Enriquillo","Baoruco","Villa Jaragua","Mata de Naranja","Monte de la Gallina"
"Enriquillo","Barahona","Barahona","Santa Cruz de Barahona","30 de Mayo o La Policía"
"Enriquillo","Barahona","Barahona","Santa Cruz de Barahona","Alto Velo"
"Enriquillo","Barahona","Barahona","Santa Cruz de Barahona","Baitoíta"
"Enriquillo","Barahona","Barahona","Santa Cruz de Barahona","Blanquizales"
"Enriquillo","Barahona","Barahona","Santa Cruz de Barahona","Camboya"
"Enriquillo","Barahona","Barahona","Santa Cruz de Barahona","Cañada de Papoy"
"Enriquillo","Barahona","Barahona","Santa Cruz de Barahona","Casandra"
"Enriquillo","Barahona","Barahona","Santa Cruz de Barahona","Centro de la Ciudad"
"Enriquillo","Barahona","Barahona","Santa Cruz de Barahona","Cerro de Saladillos o Río Chir"
"Enriquillo","Barahona","Barahona","Santa Cruz de Barahona","Don Bosco"
"Enriquillo","Barahona","Barahona","Santa Cruz de Barahona","El Cacique o Canta La Rana"
"Enriquillo","Barahona","Barahona","Santa Cruz de Barahona","El Naco"
"Enriquillo","Barahona","Barahona","Santa Cruz de Barahona","Enriquillo"
"Enriquillo","Barahona","Barahona","Santa Cruz de Barahona","La Playa"
"Enriquillo","Barahona","Barahona","Santa Cruz de Barahona","La Raqueta"
"Enriquillo","Barahona","Barahona","Santa Cruz de Barahona","Las Flores"
"Enriquillo","Barahona","Barahona","Santa Cruz de Barahona","Los Altos de Blaquizales"
"Enriquillo","Barahona","Barahona","Santa Cruz de Barahona","Los Calieses"
"Enriquillo","Barahona","Barahona","Santa Cruz de Barahona","Los Maestros"
"Enriquillo","Barahona","Barahona","Santa Cruz de Barahona","Mejoramiento Social"
"Enriquillo","Barahona","Barahona","Santa Cruz de Barahona","Palmarito"
"Enriquillo","Barahona","Barahona","Santa Cruz de Barahona","Pueblo Nuevo"
"Enriquillo","Barahona","Barahona","Santa Cruz de Barahona","Savica"
"Enriquillo","Barahona","Barahona","Santa Cruz de Barahona","Villa Chavá o Las Flores (Antiguo Blanquizal)"
"Enriquillo","Barahona","Barahona","Santa Cruz de Barahona","Villa Estela"
"Enriquillo","Barahona","Barahona","Manuel Díaz","Candelaria"
"Enriquillo","Barahona","Barahona","Manuel Díaz","Canta la Rana"
"Enriquillo","Barahona","Barahona","Manuel Díaz","Jeño"
"Enriquillo","Barahona","Barahona","Manuel Díaz","La Raqueta"
"Enriquillo","Barahona","Barahona","Manuel Díaz","Manantial"
"Enriquillo","Barahona","Barahona","Manuel Díaz","Manuel Díaz"
"Enriquillo","Barahona","Barahona","Manuel Díaz","Melen"
"Enriquillo","Barahona","Barahona","Manuel Díaz","Mundito"
"Enriquillo","Barahona","Barahona","Manuel Díaz","Palmingo"
"Enriquillo","Barahona","Barahona","Manuel Díaz","Ralo"
"Enriquillo","Barahona","Barahona","Payaso","Cañada del Agua"
"Enriquillo","Barahona","Barahona","Payaso","El Cajuil"
"Enriquillo","Barahona","Barahona","Payaso","El Fundo"
"Enriquillo","Barahona","Barahona","Payaso","El Petaquero"
"Enriquillo","Barahona","Barahona","Payaso","La Elba"
"Enriquillo","Barahona","Barahona","Payaso","La Saladilla"
"Enriquillo","Barahona","Barahona","Payaso","Las Caritas"
"Enriquillo","Barahona","Barahona","Payaso","Las Mercedes-Finca"
"Enriquillo","Barahona","Barahona","Payaso","Santa Elena"
"Enriquillo","Barahona","Barahona","Payaso","Tres Pies"
"Enriquillo","Barahona","Barahona","El Cachón","Centro del Pueblo o Sector A"
"Enriquillo","Barahona","Barahona","El Cachón","Los Gómez"
"Enriquillo","Barahona","Barahona","El Cachón","Los Papiteros"
"Enriquillo","Barahona","Barahona","Los Callejones","Carpinteros"
"Enriquillo","Barahona","Barahona","Los Callejones","Charco Colorado"
"Enriquillo","Barahona","Barahona","Los Callejones","Cruce de Cabral (Sur)"
"Enriquillo","Barahona","Barahona","Los Callejones","Los Callejones (Sur)"
"Enriquillo","Barahona","Barahona","Los Callejones","Pandié"
"Enriquillo","Barahona","Barahona","Los Callejones","Sulí"
"Enriquillo","Barahona","Barahona","La Guázara","El 3"
"Enriquillo","Barahona","Barahona","La Guázara","El 5"
"Enriquillo","Barahona","Barahona","La Guázara","El Barrio"
"Enriquillo","Barahona","Barahona","La Guázara","La Guázara o Centro del Pueblo"
"Enriquillo","Barahona","Barahona","La Guázara","Los Mameyes"
"Enriquillo","Barahona","Barahona","La Guázara","Villa Abajo"
"Enriquillo","Barahona","Barahona","La Guázara","Villa Arriba"
"Enriquillo","Barahona","Barahona","La Guázara","Charco Prieto"
"Enriquillo","Barahona","Barahona","La Guázara","Cobo (El Cabo)"
"Enriquillo","Barahona","Barahona","La Guázara","El Hoyo"
"Enriquillo","Barahona","Barahona","La Guázara","El Montazo"
"Enriquillo","Barahona","Barahona","La Guázara","José Joaquín"
"Enriquillo","Barahona","Barahona","La Guázara","Los Angelitos"
"Enriquillo","Barahona","Barahona","La Guázara","Pablo Bonito (Palo Bonito)"
"Enriquillo","Barahona","Barahona","La Guázara","Palo Veinte"
"Enriquillo","Barahona","Barahona","La Guázara","Villa Hortensia"
"Enriquillo","Barahona","Barahona","Villa Central","Balaguer"
"Enriquillo","Barahona","Barahona","Villa Central","INVI-CEA"
"Enriquillo","Barahona","Barahona","Villa Central","Jarro Sucio"
"Enriquillo","Barahona","Barahona","Villa Central","Juan Pablo Duarte"
"Enriquillo","Barahona","Barahona","Villa Central","La Factoría"
"Enriquillo","Barahona","Barahona","Villa Central","La Montañita"
"Enriquillo","Barahona","Barahona","Villa Central","La Octava"
"Enriquillo","Barahona","Barahona","Villa Central","La Salina"
"Enriquillo","Barahona","Barahona","Villa Central","Las Avenidas"
"Enriquillo","Barahona","Barahona","Villa Central","Los Agrónomos"
"Enriquillo","Barahona","Barahona","Villa Central","Los Blocks"
"Enriquillo","Barahona","Barahona","Villa Central","Marginal Oeste"
"Enriquillo","Barahona","Barahona","Villa Central","Miramar"
"Enriquillo","Barahona","Barahona","Villa Central","Perpetuo Socorro"
"Enriquillo","Barahona","Barahona","Villa Central","Solares de Milton o María Montez"
"Enriquillo","Barahona","Barahona","Villa Central","Valle Encantado"
"Enriquillo","Barahona","Barahona","Villa Central","Villa Olímpica"
"Enriquillo","Barahona","Barahona","Villa Central","Vista al Mar"
"Enriquillo","Barahona","Cabral","Cabral","16 de Agosto"
"Enriquillo","Barahona","Cabral","Cabral","Abajo"
"Enriquillo","Barahona","Cabral","Cabral","Arriba"
"Enriquillo","Barahona","Cabral","Cabral","Centro del Pueblo"
"Enriquillo","Barahona","Cabral","Cabral","El Guayuyo"
"Enriquillo","Barahona","Cabral","Cabral","El Llano"
"Enriquillo","Barahona","Cabral","Cabral","El Majagual"
"Enriquillo","Barahona","Cabral","Cabral","La Peñuela"
"Enriquillo","Barahona","Cabral","Cabral","Nueva York Chiquito"
"Enriquillo","Barahona","Cabral","Tierra Blanca","Boca Naranjo"
"Enriquillo","Barahona","Cabral","Tierra Blanca","El Aguacate"
"Enriquillo","Barahona","Cabral","Tierra Blanca","El Brisal"
"Enriquillo","Barahona","Cabral","Tierra Blanca","El Firme"
"Enriquillo","Barahona","Cabral","Tierra Blanca","El Fundo"
"Enriquillo","Barahona","Cabral","Tierra Blanca","El Guayuyo"
"Enriquillo","Barahona","Cabral","Tierra Blanca","El Majagual"
"Enriquillo","Barahona","Cabral","Tierra Blanca","El Naranjo"
"Enriquillo","Barahona","Cabral","Tierra Blanca","Garo"
"Enriquillo","Barahona","Cabral","Tierra Blanca","La Cueva"
"Enriquillo","Barahona","Cabral","Tierra Blanca","La Lista"
"Enriquillo","Barahona","Cabral","Tierra Blanca","La Péndula"
"Enriquillo","Barahona","Cabral","Tierra Blanca","Laguna Rincón (Parte)"
"Enriquillo","Barahona","Cabral","Tierra Blanca","Los Hierros"
"Enriquillo","Barahona","Cabral","Tierra Blanca","Revolcadero"
"Enriquillo","Barahona","Cabral","Tierra Blanca","Tierra Blanca"
"Enriquillo","Barahona","El Peñón","El Peñón","Centro del Pueblo"
"Enriquillo","Barahona","El Peñón","El Peñón","El Play"
"Enriquillo","Barahona","El Peñón","El Peñón","La Cú"
"Enriquillo","Barahona","El Peñón","El Peñón","La Gran Parada o Pueblo Abajo"
"Enriquillo","Barahona","El Peñón","El Peñón","Los Ajicitos Sector Arriba"
"Enriquillo","Barahona","El Peñón","El Peñón","Valle Encantado"
"Enriquillo","Barahona","El Peñón","El Peñón","Arenoso"
"Enriquillo","Barahona","El Peñón","El Peñón","Cerro de Richiez"
"Enriquillo","Barahona","El Peñón","El Peñón","El Barrillar"
"Enriquillo","Barahona","El Peñón","El Peñón","El Buey"
"Enriquillo","Barahona","El Peñón","El Peñón","El Memisal"
"Enriquillo","Barahona","El Peñón","El Peñón","La Guazábara"
"Enriquillo","Barahona","El Peñón","El Peñón","La Peronía"
"Enriquillo","Barahona","El Peñón","El Peñón","La Punta del Cerro"
"Enriquillo","Barahona","El Peñón","El Peñón","La Sucesión"
"Enriquillo","Barahona","El Peñón","El Peñón","Laguna Rincón (Parte)"
"Enriquillo","Barahona","El Peñón","El Peñón","Laguneta"
"Enriquillo","Barahona","El Peñón","El Peñón","Las Guineas"
"Enriquillo","Barahona","El Peñón","El Peñón","Los Arraijanes"
"Enriquillo","Barahona","El Peñón","El Peñón","Los Barrancones"
"Enriquillo","Barahona","El Peñón","El Peñón","Los Caños"
"Enriquillo","Barahona","El Peñón","El Peñón","Los Chicones"
"Enriquillo","Barahona","El Peñón","El Peñón","Los Guayuyos"
"Enriquillo","Barahona","El Peñón","El Peñón","Los Higos"
"Enriquillo","Barahona","El Peñón","El Peñón","Los Tomates"
"Enriquillo","Barahona","El Peñón","Peñón Arriba","La Bomba"
"Enriquillo","Barahona","El Peñón","Peñón Arriba","Los Palmaritos"
"Enriquillo","Barahona","El Peñón","Peñón Arriba","Peñón Arriba"
"Enriquillo","Barahona","Enriquillo","Enriquillo","Centro del Pueblo"
"Enriquillo","Barahona","Enriquillo","Enriquillo","El Mamonal"
"Enriquillo","Barahona","Enriquillo","Enriquillo","Los Multis"
"Enriquillo","Barahona","Enriquillo","Enriquillo","Luperón"
"Enriquillo","Barahona","Enriquillo","Enriquillo","Mercedes Alta"
"Enriquillo","Barahona","Enriquillo","Enriquillo","Tamayo"
"Enriquillo","Barahona","Enriquillo","Enriquillo","Villa Progreso"
"Enriquillo","Barahona","Enriquillo","Buena Vista","Buena Vista"
"Enriquillo","Barahona","Enriquillo","Buena Vista","Juan Isidro"
"Enriquillo","Barahona","Enriquillo","Buena Vista","Las Cuatro Bocas"
"Enriquillo","Barahona","Enriquillo","Buena Vista","Los Cocos"
"Enriquillo","Barahona","Enriquillo","Caletón","Caletón"
"Enriquillo","Barahona","Enriquillo","Caletón","Hondo Valle"
"Enriquillo","Barahona","Enriquillo","Caletón","Las Merceditas"
"Enriquillo","Barahona","Enriquillo","Caletón","Los Blancos"
"Enriquillo","Barahona","Enriquillo","Caletón","María Teresa"
"Enriquillo","Barahona","Enriquillo","Caletón","Palmarito"
"Enriquillo","Barahona","Enriquillo","Caletón","Peñalva"
"Enriquillo","Barahona","Enriquillo","El Pino","Charco del Higo"
"Enriquillo","Barahona","Enriquillo","El Pino","Chene"
"Enriquillo","Barahona","Enriquillo","El Pino","Clavellina"
"Enriquillo","Barahona","Enriquillo","El Pino","El Valle"
"Enriquillo","Barahona","Enriquillo","El Pino","La Paz"
"Enriquillo","Barahona","Enriquillo","El Pino","La Torre"
"Enriquillo","Barahona","Enriquillo","El Pino","Solera"
"Enriquillo","Barahona","Enriquillo","Arroyo Dulce","Arroyo Dulce"
"Enriquillo","Barahona","Enriquillo","Arroyo Dulce","Arroyo Dulce Rural"
"Enriquillo","Barahona","Enriquillo","Arroyo Dulce","Bella Vista"
"Enriquillo","Barahona","Enriquillo","Arroyo Dulce","Charco Blanco"
"Enriquillo","Barahona","Enriquillo","Arroyo Dulce","La Sabana de Maniel"
"Enriquillo","Barahona","Enriquillo","Arroyo Dulce","Maniel Viejo"
"Enriquillo","Barahona","Enriquillo","Arroyo Dulce","Mencía"
"Enriquillo","Barahona","Enriquillo","Arroyo Dulce","Paradero en Medio"
"Enriquillo","Barahona","Enriquillo","El Higüero","El Higüero"
"Enriquillo","Barahona","Enriquillo","El Higüero","La Jaiba"
"Enriquillo","Barahona","Enriquillo","El Higüero","Las Palmas"
"Enriquillo","Barahona","Enriquillo","El Higüero","Los Candelones"
"Enriquillo","Barahona","Enriquillo","El Higüero","Masacó"
"Enriquillo","Barahona","Enriquillo","El Higüero","Sabana de las Primeras Yerbas"
"Enriquillo","Barahona","Enriquillo","El Pino","Charco Prieto"
"Enriquillo","Barahona","Enriquillo","El Pino","El Pino"
"Enriquillo","Barahona","Enriquillo","El Pino","El Toro"
"Enriquillo","Barahona","Enriquillo","El Pino","La Guácima (La Guázuma)"
"Enriquillo","Barahona","Enriquillo","El Pino","La Isleta"
"Enriquillo","Barahona","Enriquillo","El Pino","La Vaca"
"Enriquillo","Barahona","Enriquillo","El Pino","Las Palmas"
"Enriquillo","Barahona","Enriquillo","El Naranjal","El Naranjal"
"Enriquillo","Barahona","Enriquillo","El Naranjal","La Cueva de Luis"
"Enriquillo","Barahona","Enriquillo","El Naranjal","La Habitación"
"Enriquillo","Barahona","Fundación","Fundación","Centro del Pueblo"
"Enriquillo","Barahona","Fundación","Fundación","El Abanico"
"Enriquillo","Barahona","Fundación","Fundación","La Cu"
"Enriquillo","Barahona","Fundación","Fundación","La Cuchilla"
"Enriquillo","Barahona","Fundación","Fundación","Nuevo"
"Enriquillo","Barahona","Fundación","Fundación","El Botao"
"Enriquillo","Barahona","Fundación","Fundación","El Centro"
"Enriquillo","Barahona","Fundación","Fundación","El Jobo"
"Enriquillo","Barahona","Fundación","Fundación","Finca de Francisco Matos"
"Enriquillo","Barahona","Fundación","Fundación","La Berleta (Las Placetas)"
"Enriquillo","Barahona","Fundación","Fundación","La Isleta-Caño Arenoso"
"Enriquillo","Barahona","Fundación","Fundación","Los Cañitos"
"Enriquillo","Barahona","Fundación","La Altagracia","La Altagracia"
"Enriquillo","Barahona","Fundación","La Altagracia","Los Algodones"
"Enriquillo","Barahona","Fundación","Pescadería","Colombia (Pekín)"
"Enriquillo","Barahona","Fundación","Pescadería","El Centro"
"Enriquillo","Barahona","Fundación","Pescadería","Korea"
"Enriquillo","Barahona","Fundación","Pescadería","Pueblo Nuevo"
"Enriquillo","Barahona","Fundación","Pescadería","Viejo"
"Enriquillo","Barahona","Fundación","La Hoya","Barrio Nuevo"
"Enriquillo","Barahona","Fundación","La Hoya","El Mamón"
"Enriquillo","Barahona","Fundación","La Hoya","La Hoya"
"Enriquillo","Barahona","Fundación","La Hoya","Los Tres Puentes"
"Enriquillo","Barahona","Fundación","La Hoya","Palmarito de la Hoya"
"Enriquillo","Barahona","Fundación","Hato Viejo","Batey Guayacanes"
"Enriquillo","Barahona","Fundación","Hato Viejo","Finca de Jaime Féliz"
"Enriquillo","Barahona","Fundación","Hato Viejo","Hato Viejo"
"Enriquillo","Barahona","Fundación","Hato Viejo","Las Veras"
"Enriquillo","Barahona","Fundación","Hato Viejo","Los Cocos"
"Enriquillo","Barahona","Fundación","Habanero","Caballero"
"Enriquillo","Barahona","Fundación","Habanero","Cruce de Cabral (Norte)"
"Enriquillo","Barahona","Fundación","Habanero","Habanero"
"Enriquillo","Barahona","Fundación","Habanero","Los Callejones (Norte)"
"Enriquillo","Barahona","Jaquimeyes","Jaquimeyes","Bella Vista"
"Enriquillo","Barahona","Jaquimeyes","Jaquimeyes","Jaquimeyes"
"Enriquillo","Barahona","Jaquimeyes","Jaquimeyes","Jerusalem"
"Enriquillo","Barahona","Jaquimeyes","Jaquimeyes","La Salvia"
"Enriquillo","Barahona","Jaquimeyes","Jaquimeyes","Rincón Cayao"
"Enriquillo","Barahona","Jaquimeyes","Jaquimeyes","Burenes"
"Enriquillo","Barahona","Jaquimeyes","Jaquimeyes","Busú"
"Enriquillo","Barahona","Jaquimeyes","Jaquimeyes","Campo de Caña del CEA"
"Enriquillo","Barahona","Jaquimeyes","Jaquimeyes","El Babor"
"Enriquillo","Barahona","Jaquimeyes","Jaquimeyes","El Curro"
"Enriquillo","Barahona","Jaquimeyes","Jaquimeyes","El Limón"
"Enriquillo","Barahona","Jaquimeyes","Jaquimeyes","El Salado de los Cucuses"
"Enriquillo","Barahona","Jaquimeyes","Jaquimeyes","La Cortadera"
"Enriquillo","Barahona","Jaquimeyes","Jaquimeyes","Puerto Alejandro"
"Enriquillo","Barahona","Jaquimeyes","Jaquimeyes","Yerba de Guinea"
"Enriquillo","Barahona","Jaquimeyes","Palo Alto","Centro del Pueblo"
"Enriquillo","Barahona","Jaquimeyes","Las Palmas","Cruce de Palo Alto"
"Enriquillo","Barahona","Jaquimeyes","Las Palmas","La Arbiña"
"Enriquillo","Barahona","Jaquimeyes","Las Palmas","La Arbiñita"
"Enriquillo","Barahona","Jaquimeyes","Las Palmas","Los Tres Puentes"
"Enriquillo","Barahona","La Ciénaga","La Ciénaga","Bella Vista"
"Enriquillo","Barahona","La Ciénaga","La Ciénaga","Centro Viejo"
"Enriquillo","Barahona","La Ciénaga","La Ciénaga","Cristo Rey o Jarro Sucio"
"Enriquillo","Barahona","La Ciénaga","La Ciénaga","Fudeco"
"Enriquillo","Barahona","La Ciénaga","La Ciénaga","Haití"
"Enriquillo","Barahona","La Ciénaga","La Ciénaga","Nuevo"
"Enriquillo","Barahona","La Ciénaga","Guayuyal","Agüita Blanca"
"Enriquillo","Barahona","La Ciénaga","Guayuyal","Baoruquito"
"Enriquillo","Barahona","La Ciénaga","Guayuyal","Bejucal"
"Enriquillo","Barahona","La Ciénaga","Guayuyal","Charco Blanco"
"Enriquillo","Barahona","La Ciénaga","Guayuyal","Charco del Toro"
"Enriquillo","Barahona","La Ciénaga","Guayuyal","Copey"
"Enriquillo","Barahona","La Ciénaga","Guayuyal","El Cachote"
"Enriquillo","Barahona","La Ciénaga","Guayuyal","Guayuyal"
"Enriquillo","Barahona","La Ciénaga","Guayuyal","Isleta"
"Enriquillo","Barahona","La Ciénaga","Guayuyal","La Agujeta"
"Enriquillo","Barahona","La Ciénaga","Guayuyal","La Canela"
"Enriquillo","Barahona","La Ciénaga","Guayuyal","La Lajita"
"Enriquillo","Barahona","La Ciénaga","Guayuyal","Las Brujas"
"Enriquillo","Barahona","La Ciénaga","Guayuyal","Los Helechos"
"Enriquillo","Barahona","La Ciénaga","Guayuyal","Los Naranjos o Colorados"
"Enriquillo","Barahona","La Ciénaga","Guayuyal","Majagualito"
"Enriquillo","Barahona","La Ciénaga","Guayuyal","Palmarito"
"Enriquillo","Barahona","La Ciénaga","Guayuyal","San Rafael"
"Enriquillo","Barahona","La Ciénaga","Baoruco","Baoruco Abajo"
"Enriquillo","Barahona","La Ciénaga","Baoruco","Baoruco Arriba"
"Enriquillo","Barahona","La Ciénaga","Baoruco","Cañafístola"
"Enriquillo","Barahona","La Ciénaga","Baoruco","El Cacheo"
"Enriquillo","Barahona","La Ciénaga","Baoruco","El Champán"
"Enriquillo","Barahona","La Ciénaga","Baoruco","La Playa"
"Enriquillo","Barahona","La Ciénaga","El Arroyo","El Arroyo"
"Enriquillo","Barahona","La Ciénaga","El Arroyo","Machembe (Chembe)"
"Enriquillo","Barahona","La Ciénaga","La Filipina","La Filipina"
"Enriquillo","Barahona","La Ciénaga","La Filipina","La Trocha"
"Enriquillo","Barahona","La Ciénaga","La Filipina","Los Chupaderos"
"Enriquillo","Barahona","La Ciénaga","La Filipina","Los Hierros"
"Enriquillo","Barahona","La Ciénaga","La Filipina","Sibulebo (Si Vuelvo)"
"Enriquillo","Barahona","La Ciénaga","La Filipina","Travesía"
"Enriquillo","Barahona","La Ciénaga","Baoruco","Calabazas"
"Enriquillo","Barahona","La Ciénaga","Baoruco","El Cacao"
"Enriquillo","Barahona","La Ciénaga","Baoruco","El Membrillo"
"Enriquillo","Barahona","La Ciénaga","Baoruco","El Pelú"
"Enriquillo","Barahona","La Ciénaga","Baoruco","Guancho (Cuacho)"
"Enriquillo","Barahona","La Ciénaga","Baoruco","Guindadero"
"Enriquillo","Barahona","La Ciénaga","Baoruco","Jimbi"
"Enriquillo","Barahona","La Ciénaga","Baoruco","La Péndula"
"Enriquillo","Barahona","La Ciénaga","Baoruco","Las Auyamas"
"Enriquillo","Barahona","La Ciénaga","Baoruco","Las Palmitas"
"Enriquillo","Barahona","La Ciénaga","Baoruco","Los Bienientes"
"Enriquillo","Barahona","La Ciénaga","Baoruco","Los Morones"
"Enriquillo","Barahona","La Ciénaga","Baoruco","Tierra Llana"
"Enriquillo","Barahona","La Ciénaga","Baoruco","Vengan a Ver"
"Enriquillo","Barahona","La Ciénaga","Juan Esteban","Juan Esteban"
"Enriquillo","Barahona","La Ciénaga","Juan Esteban","La Vuelta de Gabino"
"Enriquillo","Barahona","La Ciénaga","Juan Esteban","Las Palmitas"
"Enriquillo","Barahona","La Ciénaga","Juan Esteban","Los Checehenes"
"Enriquillo","Barahona","La Ciénaga","Juan Esteban","Los Franceses"
"Enriquillo","Barahona","La Ciénaga","Juan Esteban","Los Pájaros"
"Enriquillo","Barahona","Las Salinas","Las Salinas","Centro del Pueblo"
"Enriquillo","Barahona","Las Salinas","Las Salinas","Cerros de Santa Lucía"
"Enriquillo","Barahona","Las Salinas","Las Salinas","La Esperanza"
"Enriquillo","Barahona","Las Salinas","Las Salinas","Las Caobas o Jarro Sucio"
"Enriquillo","Barahona","Las Salinas","Las Salinas","Las Flores"
"Enriquillo","Barahona","Las Salinas","Las Salinas","Nuevo"
"Enriquillo","Barahona","Las Salinas","Las Salinas","Santa Rosa o Batey Paja"
"Enriquillo","Barahona","Las Salinas","Lemba","Boquerón"
"Enriquillo","Barahona","Las Salinas","Lemba","Entrada de Lemba"
"Enriquillo","Barahona","Las Salinas","Lemba","Hato Nuevo"
"Enriquillo","Barahona","Las Salinas","Lemba","Las Salinas"
"Enriquillo","Barahona","Las Salinas","Lemba","Lemba"
"Enriquillo","Barahona","Las Salinas","Los Saladillos","El Guayabo"
"Enriquillo","Barahona","Las Salinas","Los Saladillos","Los Saladillos"
"Enriquillo","Barahona","Las Salinas","La Cu","La Cu"
"Enriquillo","Barahona","Paraíso","Paraíso","Altagracia"
"Enriquillo","Barahona","Paraíso","Paraíso","Centro del Pueblo"
"Enriquillo","Barahona","Paraíso","Paraíso","El Play"
"Enriquillo","Barahona","Paraíso","Paraíso","La Caoba"
"Enriquillo","Barahona","Paraíso","Paraíso","La Lajita o Alto Velo"
"Enriquillo","Barahona","Paraíso","Paraíso","La Yagua o La Caya"
"Enriquillo","Barahona","Paraíso","Paraíso","Mejoramiento Social o Los Multi"
"Enriquillo","Barahona","Paraíso","El Platón","Charco Blanco"
"Enriquillo","Barahona","Paraíso","El Platón","Cortico"
"Enriquillo","Barahona","Paraíso","El Platón","El Platón"
"Enriquillo","Barahona","Paraíso","El Platón","Villa Nizao"
"Enriquillo","Barahona","Paraíso","La Lanza Arriba","Agüita Blanca"
"Enriquillo","Barahona","Paraíso","La Lanza Arriba","Gajo de Toro"
"Enriquillo","Barahona","Paraíso","La Lanza Arriba","La Lanza Abajo"
"Enriquillo","Barahona","Paraíso","La Lanza Arriba","La Lanza Arriba"
"Enriquillo","Barahona","Paraíso","Leonardo","Bisán"
"Enriquillo","Barahona","Paraíso","Leonardo","Charco Prieto"
"Enriquillo","Barahona","Paraíso","Leonardo","Chorro de Oro"
"Enriquillo","Barahona","Paraíso","Leonardo","Coco (Caco)"
"Enriquillo","Barahona","Paraíso","Leonardo","Dominica"
"Enriquillo","Barahona","Paraíso","Leonardo","El Palo 30"
"Enriquillo","Barahona","Paraíso","Leonardo","Gachito"
"Enriquillo","Barahona","Paraíso","Leonardo","La Cabirma"
"Enriquillo","Barahona","Paraíso","Leonardo","La Caoba"
"Enriquillo","Barahona","Paraíso","Leonardo","Leonardo"
"Enriquillo","Barahona","Paraíso","Leonardo","Los Guineos"
"Enriquillo","Barahona","Paraíso","Leonardo","Malanga"
"Enriquillo","Barahona","Paraíso","Leonardo","Rancho Antonio"
"Enriquillo","Barahona","Paraíso","Leonardo","Riosito"
"Enriquillo","Barahona","Paraíso","San Rafael","Café las Mujeres"
"Enriquillo","Barahona","Paraíso","San Rafael","San Rafael"
"Enriquillo","Barahona","Paraíso","Los Patos","Los Patos"
"Enriquillo","Barahona","Paraíso","El Maniel","Audón"
"Enriquillo","Barahona","Paraíso","El Maniel","Bejuquero"
"Enriquillo","Barahona","Paraíso","El Maniel","Cresteliando"
"Enriquillo","Barahona","Paraíso","El Maniel","El Fondo"
"Enriquillo","Barahona","Paraíso","El Maniel","El Maniel"
"Enriquillo","Barahona","Paraíso","El Maniel","Laguneta"
"Enriquillo","Barahona","Paraíso","El Maniel","Los Patos"
"Enriquillo","Barahona","Paraíso","El Maniel","Yaurumal"
"Enriquillo","Barahona","Paraíso","Ojeda","Barrio Nuevo"
"Enriquillo","Barahona","Paraíso","Ojeda","La Víbora"
"Enriquillo","Barahona","Paraíso","Ojeda","Ojeda"
"Enriquillo","Barahona","Polo","Polo","Cañada Arriba"
"Enriquillo","Barahona","Polo","Polo","Centro del Pueblo"
"Enriquillo","Barahona","Polo","Polo","La Policía"
"Enriquillo","Barahona","Polo","Polo","Las Flores"
"Enriquillo","Barahona","Polo","Polo","Nuevo"
"Enriquillo","Barahona","Polo","Las Auyamas","Cortico"
"Enriquillo","Barahona","Polo","Las Auyamas","El Charco"
"Enriquillo","Barahona","Polo","Las Auyamas","El Puentecito"
"Enriquillo","Barahona","Polo","Las Auyamas","El Puerto"
"Enriquillo","Barahona","Polo","Las Auyamas","La Monteada"
"Enriquillo","Barahona","Polo","Las Auyamas","Las Auyamas"
"Enriquillo","Barahona","Polo","Las Auyamas","Los Lazos"
"Enriquillo","Barahona","Polo","Las Auyamas","Los Lirios"
"Enriquillo","Barahona","Polo","Las Auyamas","Monteada Nueva"
"Enriquillo","Barahona","Polo","Los Charquitos","Charco Naranjo"
"Enriquillo","Barahona","Polo","Los Charquitos","El Charcos"
"Enriquillo","Barahona","Polo","Los Charquitos","El Higüero"
"Enriquillo","Barahona","Polo","Los Charquitos","La Jo"
"Enriquillo","Barahona","Polo","Los Charquitos","La Tayota"
"Enriquillo","Barahona","Polo","Los Charquitos","Los Charquitos"
"Enriquillo","Barahona","Polo","Los Charquitos","Los Mosquitos"
"Enriquillo","Barahona","Polo","Los Charquitos","Río Arriba"
"Enriquillo","Barahona","Polo","Los Arroyos","Bretón"
"Enriquillo","Barahona","Polo","Los Arroyos","Bretoncito"
"Enriquillo","Barahona","Polo","Los Arroyos","El Limonal"
"Enriquillo","Barahona","Polo","Los Arroyos","José Olivares"
"Enriquillo","Barahona","Polo","Los Arroyos","La Cabuya"
"Enriquillo","Barahona","Polo","Los Arroyos","La Muda"
"Enriquillo","Barahona","Polo","Los Arroyos","La Poza"
"Enriquillo","Barahona","Polo","Los Arroyos","Los Arroyos"
"Enriquillo","Barahona","Polo","Los Arroyos","Los Colorados"
"Enriquillo","Barahona","Polo","Los Arroyos","Polo Arriba"
"Enriquillo","Barahona","Polo","Fondo de Agustín","Fondo Abajo"
"Enriquillo","Barahona","Polo","Fondo de Agustín","Fondo Arriba"
"Enriquillo","Barahona","Polo","Fondo de Agustín","Fondo de Agustín"
"Enriquillo","Barahona","Polo","Fondo de Agustín","Fondo de Aristeo"
"Enriquillo","Barahona","Polo","Fondo de Agustín","Fondo de Benito"
"Enriquillo","Barahona","Polo","Fondo de Agustín","Mata de Maíz"
"Enriquillo","Barahona","Polo","Fondo de Agustín","Santa Cruz"
"Enriquillo","Barahona","Vicente Noble","Vicente Noble","Batey Paja"
"Enriquillo","Barahona","Vicente Noble","Vicente Noble","Centro del Pueblo"
"Enriquillo","Barahona","Vicente Noble","Vicente Noble","Centro Hermoso"
"Enriquillo","Barahona","Vicente Noble","Vicente Noble","Galindo"
"Enriquillo","Barahona","Vicente Noble","Vicente Noble","Guatapanal o Guayacanal (La Puerca)"
"Enriquillo","Barahona","Vicente Noble","Vicente Noble","La Cuarenta"
"Enriquillo","Barahona","Vicente Noble","Vicente Noble","Las Auyamas"
"Enriquillo","Barahona","Vicente Noble","Vicente Noble","Los Agrónomos"
"Enriquillo","Barahona","Vicente Noble","Vicente Noble","Los Maquitos"
"Enriquillo","Barahona","Vicente Noble","Vicente Noble","Los Multi"
"Enriquillo","Barahona","Vicente Noble","Vicente Noble","Nuevo"
"Enriquillo","Barahona","Vicente Noble","Vicente Noble","Placer Bonito"
"Enriquillo","Barahona","Vicente Noble","Vicente Noble","Pueblo Arriba"
"Enriquillo","Barahona","Vicente Noble","Vicente Noble","Viejo"
"Enriquillo","Barahona","Vicente Noble","Canoa","Buenos Aires del Yeso"
"Enriquillo","Barahona","Vicente Noble","Canoa","Canoa"
"Enriquillo","Barahona","Vicente Noble","Bombita","Bombita"
"Enriquillo","Barahona","Vicente Noble","Bombita","Charco de Pancho"
"Enriquillo","Barahona","Vicente Noble","Bombita","Hatico de Platanal"
"Enriquillo","Barahona","Vicente Noble","Bombita","La Colonia"
"Enriquillo","Barahona","Vicente Noble","Bombita","Loma del Curro"
"Enriquillo","Barahona","Vicente Noble","Bombita","Mameicito (Mameycito)"
"Enriquillo","Barahona","Vicente Noble","Bombita","Mamey"
"Enriquillo","Barahona","Vicente Noble","Bombita","Miramar"
"Enriquillo","Barahona","Vicente Noble","Bombita","Paso de Santa"
"Enriquillo","Barahona","Vicente Noble","Quita Coraza","Azul"
"Enriquillo","Barahona","Vicente Noble","Quita Coraza","Coraza o Centro del Pueblo"
"Enriquillo","Barahona","Vicente Noble","Quita Coraza","El Arroyo"
"Enriquillo","Barahona","Vicente Noble","Quita Coraza","La Pista"
"Enriquillo","Barahona","Vicente Noble","El Higuito","El Higuito"
"Enriquillo","Barahona","Vicente Noble","El Higuito","El Memiso"
"Enriquillo","Barahona","Vicente Noble","El Higuito","Quita Coraza"
"Enriquillo","Barahona","Vicente Noble","Las Minas","Boca del Bao"
"Enriquillo","Barahona","Vicente Noble","Las Minas","La Leona"
"Enriquillo","Barahona","Vicente Noble","Las Minas","Las Minas"
"Enriquillo","Barahona","Vicente Noble","Fondo Negro","Cenceres"
"Enriquillo","Barahona","Vicente Noble","Fondo Negro","El Abanico"
"Enriquillo","Barahona","Vicente Noble","Fondo Negro","El Centro"
"Enriquillo","Barahona","Vicente Noble","Fondo Negro","El Cruce"
"Enriquillo","Barahona","Vicente Noble","Fondo Negro","Nuevo"
"Enriquillo","Barahona","Vicente Noble","La Cu","El Orégano"
"Enriquillo","Barahona","Vicente Noble","La Cu","La Cu"
"Enriquillo","Barahona","Vicente Noble","La Cu","Montazo"
"Enriquillo","Barahona","Vicente Noble","La Cu","Puerto Grande"
"Enriquillo","Barahona","Vicente Noble","Arroyo Grande","Arroyo Grande"
"Enriquillo","Barahona","Vicente Noble","Arroyo Grande","El Quemado"
"Enriquillo","Barahona","Vicente Noble","Arroyo Grande","La Lajita"
"Enriquillo","Barahona","Vicente Noble","Arroyo Grande","Uvillita"
"Enriquillo","Independencia","Cristóbal","Cristóbal","Centro del Pueblo"
"Enriquillo","Independencia","Cristóbal","Cristóbal","El Cedro o El Centro"
"Enriquillo","Independencia","Cristóbal","Cristóbal","Los Parceleros o Nuevo"
"Enriquillo","Independencia","Cristóbal","Cristóbal","Viejo"
"Enriquillo","Independencia","Cristóbal","Cristóbal","Villa Progreso"
"Enriquillo","Independencia","Cristóbal","Batey 8","Batey 8"
"Enriquillo","Independencia","Cristóbal","Batey 7","Bateicito"
"Enriquillo","Independencia","Cristóbal","Batey 7","Batey 7"
"Enriquillo","Independencia","Cristóbal","Batey 9","Batey 8 (Rural)"
"Enriquillo","Independencia","Cristóbal","Batey 9","Batey 9"
"Enriquillo","Independencia","Cristóbal","Batey 10","Batey 10"
"Enriquillo","Independencia","Duvergé","Duvergé","Brisas del Río"
"Enriquillo","Independencia","Duvergé","Duvergé","Buenos Aires"
"Enriquillo","Independencia","Duvergé","Duvergé","Camboya"
"Enriquillo","Independencia","Duvergé","Duvergé","Las Damas"
"Enriquillo","Independencia","Duvergé","Duvergé","Las Mercedes"
"Enriquillo","Independencia","Duvergé","Duvergé","Nuevo Amanecer"
"Enriquillo","Independencia","Duvergé","Duvergé","Placer Bonito"
"Enriquillo","Independencia","Duvergé","Duvergé","San Isidro"
"Enriquillo","Independencia","Duvergé","Duvergé","San José"
"Enriquillo","Independencia","Duvergé","Puerto Escondido","Altamisar"
"Enriquillo","Independencia","Duvergé","Puerto Escondido","El Aguacate"
"Enriquillo","Independencia","Duvergé","Puerto Escondido","Escondido"
"Enriquillo","Independencia","Duvergé","Puerto Escondido","Palo de Leche"
"Enriquillo","Independencia","Duvergé","Puerto Escondido","Puerto Escondido"
"Enriquillo","Independencia","Duvergé","Vengan a Ver","Brisas del Lago"
"Enriquillo","Independencia","Duvergé","Vengan a Ver","Centro del Pueblo"
"Enriquillo","Independencia","Duvergé","Vengan a Ver","Duarte Arriba o Duarte Atrás"
"Enriquillo","Independencia","Duvergé","Vengan a Ver","El Barrio"
"Enriquillo","Independencia","Duvergé","Vengan a Ver","Las Piedras"
"Enriquillo","Independencia","Duvergé","Vengan a Ver","Los Yesos"
"Enriquillo","Independencia","Duvergé","Las Baitoas","Las Baitoas"
"Enriquillo","Independencia","Duvergé","Las Baitoas","San José"
"Enriquillo","Independencia","Duvergé","Las Baitoas","Vuelta Grande"
"Enriquillo","Independencia","Jimaní","Jimaní","Cuarenta"
"Enriquillo","Independencia","Jimaní","Jimaní","El Cerro"
"Enriquillo","Independencia","Jimaní","Jimaní","Jimaní Nuevo o Centro del Pueblo"
"Enriquillo","Independencia","Jimaní","Jimaní","Jimaní Viejo"
"Enriquillo","Independencia","Jimaní","Jimaní","La Cincuenta"
"Enriquillo","Independencia","Jimaní","Jimaní","La Q"
"Enriquillo","Independencia","Jimaní","Jimaní","Militar"
"Enriquillo","Independencia","Jimaní","Jimaní","Villa Armonía o Nuevo"
"Enriquillo","Independencia","Jimaní","Jimaní","Villa Solidaridad"
"Enriquillo","Independencia","Jimaní","Arroyo Blanco","Arroyo Blanco"
"Enriquillo","Independencia","Jimaní","Arroyo Blanco","Jimaní Viejo"
"Enriquillo","Independencia","Jimaní","Arroyo Blanco","Las Peñas"
"Enriquillo","Independencia","Jimaní","Arroyo Blanco","Mal Paso"
"Enriquillo","Independencia","Jimaní","El Limón","El Play"
"Enriquillo","Independencia","Jimaní","El Limón","La Bomba"
"Enriquillo","Independencia","Jimaní","El Limón","La Cien"
"Enriquillo","Independencia","Jimaní","El Limón","La Cuarenta Casas"
"Enriquillo","Independencia","Jimaní","El Limón","La Piedra"
"Enriquillo","Independencia","Jimaní","El Limón","Palmarito"
"Enriquillo","Independencia","Jimaní","Mortero","Casimiro"
"Enriquillo","Independencia","Jimaní","Mortero","El Caneco"
"Enriquillo","Independencia","Jimaní","Mortero","El Otro Lado"
"Enriquillo","Independencia","Jimaní","Mortero","El Palmar"
"Enriquillo","Independencia","Jimaní","Mortero","La Guácima"
"Enriquillo","Independencia","Jimaní","Mortero","La Peronila"
"Enriquillo","Independencia","Jimaní","Mortero","La Playa"
"Enriquillo","Independencia","Jimaní","Mortero","Las Lajitas"
"Enriquillo","Independencia","Jimaní","Mortero","Los Limones"
"Enriquillo","Independencia","Jimaní","Mortero","Monte de los Negros"
"Enriquillo","Independencia","Jimaní","La Florida","Cruce del Limón"
"Enriquillo","Independencia","Jimaní","La Florida","La Florida"
"Enriquillo","Independencia","Jimaní","La Florida","Los Pinos"
"Enriquillo","Independencia","Jimaní","Boca de Cachón","Boca de Cachón"
"Enriquillo","Independencia","Jimaní","Tierra Nueva","Boca de Cachón"
"Enriquillo","Independencia","Jimaní","Tierra Nueva","José Joaquín Puello"
"Enriquillo","Independencia","Jimaní","Tierra Nueva","Las Lajas"
"Enriquillo","Independencia","Jimaní","Tierra Nueva","Martín Brunito"
"Enriquillo","Independencia","Jimaní","Tierra Nueva","Pedro Cuevas"
"Enriquillo","Independencia","Jimaní","Tierra Nueva","Tierra Nueva"
"Enriquillo","Independencia","Jimaní","Tierra Nueva","Tierra Virgen"
"Enriquillo","Independencia","La Descubierta","La Descubierta","Centro del Pueblo"
"Enriquillo","Independencia","La Descubierta","La Descubierta","El Ganadero"
"Enriquillo","Independencia","La Descubierta","La Descubierta","El Palmito"
"Enriquillo","Independencia","La Descubierta","La Descubierta","Los Limoncitos"
"Enriquillo","Independencia","La Descubierta","La Descubierta","María Auxiliadora o La Meseta"
"Enriquillo","Independencia","La Descubierta","La Descubierta","Rincón Collado"
"Enriquillo","Independencia","La Descubierta","Ángel Félix","Ángel Félix"
"Enriquillo","Independencia","La Descubierta","Ángel Félix","Bonete"
"Enriquillo","Independencia","La Descubierta","Ángel Félix","Sabana Real"
"Enriquillo","Independencia","La Descubierta","Los Pinos","Acitrón"
"Enriquillo","Independencia","La Descubierta","Los Pinos","Cerros los Trates"
"Enriquillo","Independencia","La Descubierta","Los Pinos","Charco Largo"
"Enriquillo","Independencia","La Descubierta","Los Pinos","Cruce de Granada"
"Enriquillo","Independencia","La Descubierta","Los Pinos","El Arroyo"
"Enriquillo","Independencia","La Descubierta","Los Pinos","El Bejuco"
"Enriquillo","Independencia","La Descubierta","Los Pinos","El Cantón"
"Enriquillo","Independencia","La Descubierta","Los Pinos","El Cao"
"Enriquillo","Independencia","La Descubierta","Los Pinos","El Naranjo"
"Enriquillo","Independencia","La Descubierta","Los Pinos","Granada"
"Enriquillo","Independencia","La Descubierta","Los Pinos","Guasosa"
"Enriquillo","Independencia","La Descubierta","Los Pinos","La Cañaíta"
"Enriquillo","Independencia","La Descubierta","Los Pinos","La Plena"
"Enriquillo","Independencia","La Descubierta","Los Pinos","Los Borbollones"
"Enriquillo","Independencia","La Descubierta","Los Pinos","Los Pinos del Edén"
"Enriquillo","Independencia","La Descubierta","Los Pinos","Palo Alto"
"Enriquillo","Independencia","La Descubierta","Bartolomé","Bartolomé"
"Enriquillo","Independencia","La Descubierta","Bartolomé","El Higüero"
"Enriquillo","Independencia","La Descubierta","Bartolomé","Los Geños"
"Enriquillo","Independencia","Mella","Mella","Pueblo Nuevo"
"Enriquillo","Independencia","Mella","Mella","Q de Abajo"
"Enriquillo","Independencia","Mella","Mella","Q de Arriba"
"Enriquillo","Independencia","Mella","Mella","Sector Nuevo"
"Enriquillo","Independencia","Mella","Angostura","Angostura"
"Enriquillo","Independencia","Mella","Angostura","Berbesí"
"Enriquillo","Independencia","Mella","Angostura","Cachón"
"Enriquillo","Independencia","Mella","Angostura","Charabiscal"
"Enriquillo","Independencia","Mella","Angostura","Charco Largo"
"Enriquillo","Independencia","Mella","Angostura","El Flaco"
"Enriquillo","Independencia","Mella","Angostura","Los Pasos (Los Pasos de Mella)"
"Enriquillo","Independencia","Mella","Angostura","Monte Palma"
"Enriquillo","Independencia","Mella","Angostura","Proyecto (Proyecto Agrario A-C 151)"
"Enriquillo","Independencia","Mella","La Colonia","Colonia Mixta"
"Enriquillo","Independencia","Mella","La Colonia","Japón"
"Enriquillo","Independencia","Mella","Colonia Japón","El Abanico"
"Enriquillo","Independencia","Mella","Colonia Japón","El Japón"
"Enriquillo","Independencia","Mella","Colonia Japón","Palmar Dulce"
"Enriquillo","Independencia","Postrer Río","Postrer Río","Caimaní"
"Enriquillo","Independencia","Postrer Río","Postrer Río","Centro del Pueblo"
"Enriquillo","Independencia","Postrer Río","Postrer Río","El Otro Lado del Río"
"Enriquillo","Independencia","Postrer Río","Postrer Río","Mogote o El Cerro"
"Enriquillo","Independencia","Postrer Río","Postrer Río","Nuevo"
"Enriquillo","Independencia","Postrer Río","Postrer Río","Tierra Seca"
"Enriquillo","Independencia","Postrer Río","Los Bolos","El Cerro"
"Enriquillo","Independencia","Postrer Río","Los Bolos","El Otro Lado"
"Enriquillo","Independencia","Postrer Río","Los Bolos","La Caña"
"Enriquillo","Independencia","Postrer Río","Los Bolos","La Filipina"
"Enriquillo","Independencia","Postrer Río","Los Bolos","La Finca"
"Enriquillo","Independencia","Postrer Río","Los Bolos","La Peña"
"Enriquillo","Independencia","Postrer Río","Los Bolos","Las Auyamas"
"Enriquillo","Independencia","Postrer Río","Los Bolos","Las Chicharras"
"Enriquillo","Independencia","Postrer Río","Los Bolos","Los Almendros"
"Enriquillo","Independencia","Postrer Río","Los Bolos","Los Bolos"
"Enriquillo","Independencia","Postrer Río","Los Bolos","Los Limones"
"Enriquillo","Independencia","Postrer Río","Los Bolos","Los Ranchitos"
"Enriquillo","Independencia","Postrer Río","Los Bolos","Río Abajo"
"Enriquillo","Independencia","Postrer Río","Guayabal","Guayabal"
"Enriquillo","Independencia","Postrer Río","Cabeza de Río","Bayona"
"Enriquillo","Independencia","Postrer Río","Cabeza de Río","Cabeza de Río"
"Enriquillo","Independencia","Postrer Río","Cabeza de Río","Las Telas"
"Enriquillo","Independencia","Postrer Río","Cabeza de Río","Los Conuquitos"
"Enriquillo","Independencia","Postrer Río","El Maniel","Agüita Prieta"
"Enriquillo","Independencia","Postrer Río","El Maniel","Barreras"
"Enriquillo","Independencia","Postrer Río","El Maniel","El Maniel"
"Enriquillo","Independencia","Postrer Río","El Maniel","Gajo del Rancho"
"Enriquillo","Independencia","Postrer Río","El Maniel","La Guamita"
"Enriquillo","Independencia","Postrer Río","El Maniel","Las Lechuzas o Los Morales"
"Enriquillo","Independencia","Postrer Río","El Maniel","Los Pinalitos"
"Enriquillo","Independencia","Postrer Río","El Maniel","Paso de los Novillos"
"Enriquillo","Independencia","Postrer Río","El Maniel","Tasajera del Chivo"
"Enriquillo","Independencia","Postrer Río","Raíz Picada","Gregorio"
"Enriquillo","Independencia","Postrer Río","Raíz Picada","Los Carraos"
"Enriquillo","Independencia","Postrer Río","Raíz Picada","Raíz Picada"
"Enriquillo","Independencia","Postrer Río","Guayabal","Pie Cadencia"
"Enriquillo","Pedernales","Oviedo","Oviedo","Centro del Pueblo"
"Enriquillo","Pedernales","Oviedo","Oviedo","La Policia"
"Enriquillo","Pedernales","Oviedo","Oviedo","Las Palmas"
"Enriquillo","Pedernales","Oviedo","Oviedo","Macanatillo"
"Enriquillo","Pedernales","Oviedo","Oviedo","Nuevo"
"Enriquillo","Pedernales","Oviedo","Oviedo","Pangola"
"Enriquillo","Pedernales","Oviedo","Oviedo","Polvorín o Las Flores"
"Enriquillo","Pedernales","Oviedo","Los Tres Charcos","El Tocón o Fogón de los Perros"
"Enriquillo","Pedernales","Oviedo","Los Tres Charcos","Los Tres Charcos"
"Enriquillo","Pedernales","Oviedo","Los Tres Charcos","Manuel Goya"
"Enriquillo","Pedernales","Oviedo","Los Tres Charcos","Nueva Rosa"
"Enriquillo","Pedernales","Oviedo","Los Tres Charcos","Palo el Número"
"Enriquillo","Pedernales","Oviedo","Los Tres Charcos","Porvenir"
"Enriquillo","Pedernales","Oviedo","Los Tres Charcos","Tierra Colorada"
"Enriquillo","Pedernales","Oviedo","Juancho","El Centro"
"Enriquillo","Pedernales","Oviedo","Juancho","Las Malvinas"
"Enriquillo","Pedernales","Oviedo","Juancho","Las Palmas"
"Enriquillo","Pedernales","Oviedo","Juancho","Lindo"
"Enriquillo","Pedernales","Oviedo","Juancho","Nuevo"
"Enriquillo","Pedernales","Oviedo","La Colonia Villa Esperanza","Arroyo Salado"
"Enriquillo","Pedernales","Oviedo","La Colonia Villa Esperanza","Charco Blanco"
"Enriquillo","Pedernales","Oviedo","La Colonia Villa Esperanza","Colonia Villa Esperanza"
"Enriquillo","Pedernales","Oviedo","La Colonia Villa Esperanza","El Bucaral"
"Enriquillo","Pedernales","Oviedo","La Colonia Villa Esperanza","El Cajuil"
"Enriquillo","Pedernales","Oviedo","La Colonia Villa Esperanza","Gromá"
"Enriquillo","Pedernales","Oviedo","La Colonia Villa Esperanza","Macandela"
"Enriquillo","Pedernales","Oviedo","La Colonia Villa Esperanza","Mambí"
"Enriquillo","Pedernales","Oviedo","La Colonia Villa Esperanza","Mapioró"
"Enriquillo","Pedernales","Oviedo","La Colonia Villa Esperanza","Payano"
"Enriquillo","Pedernales","Oviedo","La Colonia Villa Esperanza","Pedro Mota"
"Enriquillo","Pedernales","Pedernales","Pedernales","Alcoa"
"Enriquillo","Pedernales","Pedernales","Pedernales","Cabo Muelle"
"Enriquillo","Pedernales","Pedernales","Pedernales","Campo de Aviación Nuevo"
"Enriquillo","Pedernales","Pedernales","Pedernales","Campo de Aviación Viejo"
"Enriquillo","Pedernales","Pedernales","Pedernales","Centro del Pueblo"
"Enriquillo","Pedernales","Pedernales","Pedernales","Inés"
"Enriquillo","Pedernales","Pedernales","Pedernales","José Francisco Peña Gómez"
"Enriquillo","Pedernales","Pedernales","Pedernales","La Cuarenta"
"Enriquillo","Pedernales","Pedernales","Pedernales","Las Flores"
"Enriquillo","Pedernales","Pedernales","Pedernales","Las Mercedes"
"Enriquillo","Pedernales","Pedernales","Pedernales","Los Altagracianos"
"Enriquillo","Pedernales","Pedernales","Pedernales","Los Cayucos"
"Enriquillo","Pedernales","Pedernales","Pedernales","Los Coquitos"
"Enriquillo","Pedernales","Pedernales","Pedernales","Los Guayacanes"
"Enriquillo","Pedernales","Pedernales","Pedernales","Militar"
"Enriquillo","Pedernales","Pedernales","Pedernales","Miramar"
"Enriquillo","Pedernales","Pedernales","Pedernales","Nicolás Féliz"
"Enriquillo","Pedernales","Pedernales","Pedernales","Nuevo Amanecer"
"Enriquillo","Pedernales","Pedernales","Pedernales","Savica"
"Enriquillo","Pedernales","Pedernales","Pedernales","Última Esperanza"
"Enriquillo","Pedernales","Pedernales","Pedernales","Verde"
"Enriquillo","Pedernales","Pedernales","Pedernales","Villa del Mar"
"Enriquillo","Pedernales","Pedernales","Cabo Rojo","Cabo Rojo"
"Enriquillo","Pedernales","Pedernales","Cabo Rojo","Isla Beata"
"Enriquillo","Pedernales","Pedernales","Cabo Rojo","La Cueva"
"Enriquillo","Pedernales","Pedernales","Las Mercedes","El Mogote"
"Enriquillo","Pedernales","Pedernales","Las Mercedes","El Yayal (Campo Amor)"
"Enriquillo","Pedernales","Pedernales","Las Mercedes","Jurungo"
"Enriquillo","Pedernales","Pedernales","Las Mercedes","Las Mercedes"
"Enriquillo","Pedernales","Pedernales","Las Mercedes","Olivar"
"Enriquillo","Pedernales","Pedernales","Las Mercedes","Pasucena (Paso de Sena)"
"Enriquillo","Pedernales","Pedernales","Las Mercedes","Sitio Nuevo"
"Enriquillo","Pedernales","Pedernales","Las Mercedes","Sumbú"
"Enriquillo","Pedernales","Pedernales","Las Mercedes","Toro Arriba (Sitio Quemao)"
"Enriquillo","Pedernales","Pedernales","La Altagracia","Canta la Rana"
"Enriquillo","Pedernales","Pedernales","La Altagracia","Jarro Sucio"
"Enriquillo","Pedernales","Pedernales","La Altagracia","La Altagracia o Centro del Pueblo"
"Enriquillo","Pedernales","Pedernales","Aguas Negras","Aguas Negras"
"Enriquillo","Pedernales","Pedernales","Aguas Negras","Higo Grande"
"Enriquillo","Pedernales","Pedernales","Aguas Negras","Manacle"
"Enriquillo","Pedernales","Pedernales","Mencía","Cabo Duarte"
"Enriquillo","Pedernales","Pedernales","Mencía","Colonia Mencía"
"Enriquillo","Pedernales","Pedernales","Mencía","La Altagracia"
"Enriquillo","Pedernales","Pedernales","Mencía","La Manigua"
"Enriquillo","Pedernales","Pedernales","Mencía","La Rosa"
"Enriquillo","Pedernales","Pedernales","Altagracia","Bella Vista"
"Enriquillo","Pedernales","Pedernales","Altagracia","Cabeza de Agua"
"Enriquillo","Pedernales","Pedernales","Altagracia","Don Juan"
"Enriquillo","Pedernales","Pedernales","Altagracia","La Canoa"
"Enriquillo","Pedernales","Pedernales","Altagracia","San Isidro"
"Enriquillo","Pedernales","Pedernales","Los Arroyos","Boca Tanjón"
"Enriquillo","Pedernales","Pedernales","Los Arroyos","Colonia los Arroyos"
"Enriquillo","Pedernales","Pedernales","Los Arroyos","El Bambú"
"Enriquillo","Pedernales","Pedernales","Los Arroyos","La Joya"
"Enriquillo","Pedernales","Pedernales","Ávila","Ávila"
"Enriquillo","Pedernales","Pedernales","Ávila","El Manguito"
"Enriquillo","Pedernales","Pedernales","Ávila","Los Corrales"
"Higuamo","Hato Mayor","El Valle","El Valle","Bella Vista"
"Higuamo","Hato Mayor","El Valle","El Valle","Buenos Aires"
"Higuamo","Hato Mayor","El Valle","El Valle","Callejón Sur"
"Higuamo","Hato Mayor","El Valle","El Valle","Capotillo"
"Higuamo","Hato Mayor","El Valle","El Valle","Catanga"
"Higuamo","Hato Mayor","El Valle","El Valle","Centro del Pueblo"
"Higuamo","Hato Mayor","El Valle","El Valle","El Liceo"
"Higuamo","Hato Mayor","El Valle","El Valle","El Sano"
"Higuamo","Hato Mayor","El Valle","El Valle","La Colonia"
"Higuamo","Hato Mayor","El Valle","El Valle","Lindo o Quijá Quieta"
"Higuamo","Hato Mayor","El Valle","El Valle","Los Maestros o Los Profesores"
"Higuamo","Hato Mayor","El Valle","El Valle","Otra Banda"
"Higuamo","Hato Mayor","El Valle","Arenitas","El Toro"
"Higuamo","Hato Mayor","El Valle","Arenitas","La Filipina"
"Higuamo","Hato Mayor","El Valle","Arenitas","La Loma Arenita"
"Higuamo","Hato Mayor","El Valle","Rincón Fogón","Alto de La Piedra"
"Higuamo","Hato Mayor","El Valle","Rincón Fogón","Bella Vista o Loma Clara"
"Higuamo","Hato Mayor","El Valle","Rincón Fogón","Buenos Aires"
"Higuamo","Hato Mayor","El Valle","Rincón Fogón","El Brinco"
"Higuamo","Hato Mayor","El Valle","Rincón Fogón","El Cabao"
"Higuamo","Hato Mayor","El Valle","Rincón Fogón","Guachimán"
"Higuamo","Hato Mayor","El Valle","Rincón Fogón","Hoyo Oscuro"
"Higuamo","Hato Mayor","El Valle","Rincón Fogón","La Moledora"
"Higuamo","Hato Mayor","El Valle","Rincón Fogón","La Trocha de Laguna Clara"
"Higuamo","Hato Mayor","El Valle","Rincón Fogón","Loma Caballo"
"Higuamo","Hato Mayor","El Valle","Rincón Fogón","Loma de La Yegua"
"Higuamo","Hato Mayor","El Valle","Rincón Fogón","Los Plátanos"
"Higuamo","Hato Mayor","El Valle","Rincón Fogón","Pedro Pablo"
"Higuamo","Hato Mayor","El Valle","Rincón Fogón","Puerto Alto"
"Higuamo","Hato Mayor","El Valle","Rincón Fogón","Rincón Fogón"
"Higuamo","Hato Mayor","El Valle","Rincón Fogón","Río Chiquito"
"Higuamo","Hato Mayor","El Valle","Rincón Fogón","Tuningo"
"Higuamo","Hato Mayor","El Valle","Rincón Fogón","Valle Viejo"
"Higuamo","Hato Mayor","El Valle","San Rafael","Colonia San Rafael"
"Higuamo","Hato Mayor","El Valle","San Rafael","El Sombrero"
"Higuamo","Hato Mayor","El Valle","San Rafael","Jagüera"
"Higuamo","Hato Mayor","El Valle","San Rafael","Kilómetro 20"
"Higuamo","Hato Mayor","El Valle","San Rafael","Kilómetro 23"
"Higuamo","Hato Mayor","El Valle","San Rafael","Las Piñitas"
"Higuamo","Hato Mayor","El Valle","San Rafael","Mango Limpio"
"Higuamo","Hato Mayor","Hato Mayor","Hato Mayor del Rey","Centro del Pueblo"
"Higuamo","Hato Mayor","Hato Mayor","Hato Mayor del Rey","Genao"
"Higuamo","Hato Mayor","Hato Mayor","Hato Mayor del Rey","Gualey"
"Higuamo","Hato Mayor","Hato Mayor","Hato Mayor del Rey","La China"
"Higuamo","Hato Mayor","Hato Mayor","Hato Mayor del Rey","La Franja"
"Higuamo","Hato Mayor","Hato Mayor","Hato Mayor del Rey","La Plata"
"Higuamo","Hato Mayor","Hato Mayor","Hato Mayor del Rey","Las Malvinas"
"Higuamo","Hato Mayor","Hato Mayor","Hato Mayor del Rey","Lindo"
"Higuamo","Hato Mayor","Hato Mayor","Hato Mayor del Rey","Los Charleses"
"Higuamo","Hato Mayor","Hato Mayor","Hato Mayor del Rey","Los Cocos"
"Higuamo","Hato Mayor","Hato Mayor","Hato Mayor del Rey","Los Multi"
"Higuamo","Hato Mayor","Hato Mayor","Hato Mayor del Rey","Media China"
"Higuamo","Hato Mayor","Hato Mayor","Hato Mayor del Rey","Nuevo"
"Higuamo","Hato Mayor","Hato Mayor","Hato Mayor del Rey","Ondina"
"Higuamo","Hato Mayor","Hato Mayor","Hato Mayor del Rey","Puerto Rico"
"Higuamo","Hato Mayor","Hato Mayor","Hato Mayor del Rey","Punta Garza"
"Higuamo","Hato Mayor","Hato Mayor","Hato Mayor del Rey","Santa Lucía"
"Higuamo","Hato Mayor","Hato Mayor","Hato Mayor del Rey","Urbanización El Rondón"
"Higuamo","Hato Mayor","Hato Mayor","Hato Mayor del Rey","Urbanización Villa Verde"
"Higuamo","Hato Mayor","Hato Mayor","Hato Mayor del Rey","Villa Canto"
"Higuamo","Hato Mayor","Hato Mayor","Hato Mayor del Rey","Villa Navarro"
"Higuamo","Hato Mayor","Hato Mayor","Hato Mayor del Rey","Villa Ortega"
"Higuamo","Hato Mayor","Hato Mayor","Hato Mayor del Rey","Villa Vilorio"
"Higuamo","Hato Mayor","Hato Mayor","Don López","Almirante"
"Higuamo","Hato Mayor","Hato Mayor","Don López","Batey Altagracia"
"Higuamo","Hato Mayor","Hato Mayor","Don López","Batey Anita"
"Higuamo","Hato Mayor","Hato Mayor","Don López","Batey Don López"
"Higuamo","Hato Mayor","Hato Mayor","Don López","Batey Doña Ana"
"Higuamo","Hato Mayor","Hato Mayor","Don López","Batey Excavación"
"Higuamo","Hato Mayor","Hato Mayor","Don López","Batey Hoyón"
"Higuamo","Hato Mayor","Hato Mayor","Don López","Batey Isabel"
"Higuamo","Hato Mayor","Hato Mayor","Don López","Batey Lajas"
"Higuamo","Hato Mayor","Hato Mayor","Don López","Batey Rodeo"
"Higuamo","Hato Mayor","Hato Mayor","Don López","Batey Tabacones"
"Higuamo","Hato Mayor","Hato Mayor","Don López","Batey Tabila"
"Higuamo","Hato Mayor","Hato Mayor","Don López","Cambalache"
"Higuamo","Hato Mayor","Hato Mayor","Don López","Capote"
"Higuamo","Hato Mayor","Hato Mayor","Don López","Capote Arriba"
"Higuamo","Hato Mayor","Hato Mayor","Don López","Dos Ríos"
"Higuamo","Hato Mayor","Hato Mayor","Don López","El Blanco"
"Higuamo","Hato Mayor","Hato Mayor","Don López","El Higuito"
"Higuamo","Hato Mayor","Hato Mayor","Don López","El Pinto"
"Higuamo","Hato Mayor","Hato Mayor","Don López","El Salto"
"Higuamo","Hato Mayor","Hato Mayor","Don López","Guazumita"
"Higuamo","Hato Mayor","Hato Mayor","Don López","Hoyoncito"
"Higuamo","Hato Mayor","Hato Mayor","Don López","La Jina"
"Higuamo","Hato Mayor","Hato Mayor","Don López","La Lima"
"Higuamo","Hato Mayor","Hato Mayor","Don López","La Sierra"
"Higuamo","Hato Mayor","Hato Mayor","Don López","Las Cañas"
"Higuamo","Hato Mayor","Hato Mayor","Don López","Las Cuchillas"
"Higuamo","Hato Mayor","Hato Mayor","Don López","Las Pajas"
"Higuamo","Hato Mayor","Hato Mayor","Don López","Las Taranas"
"Higuamo","Hato Mayor","Hato Mayor","Don López","Las Zonas (Mejía)"
"Higuamo","Hato Mayor","Hato Mayor","Don López","Libonao"
"Higuamo","Hato Mayor","Hato Mayor","Don López","Los Cocos"
"Higuamo","Hato Mayor","Hato Mayor","Don López","Los Corrales"
"Higuamo","Hato Mayor","Hato Mayor","Don López","Mata Cabrito"
"Higuamo","Hato Mayor","Hato Mayor","Don López","Mata Hambre"
"Higuamo","Hato Mayor","Hato Mayor","Don López","Palma Espino"
"Higuamo","Hato Mayor","Hato Mayor","Don López","Proyecto Uno"
"Higuamo","Hato Mayor","Hato Mayor","Don López","Rancho Cosme"
"Higuamo","Hato Mayor","Hato Mayor","Don López","Rincón Bellaco"
"Higuamo","Hato Mayor","Hato Mayor","Don López","Rincón Dulce"
"Higuamo","Hato Mayor","Hato Mayor","Don López","Yabano"
"Higuamo","Hato Mayor","Hato Mayor","Manchado","Arroyo Seco"
"Higuamo","Hato Mayor","Hato Mayor","Manchado","Doña Ana Adentro (El Peñon)"
"Higuamo","Hato Mayor","Hato Mayor","Manchado","Doña Ana Afuera"
"Higuamo","Hato Mayor","Hato Mayor","Manchado","El Cercadito"
"Higuamo","Hato Mayor","Hato Mayor","Manchado","El Palmar"
"Higuamo","Hato Mayor","Hato Mayor","Manchado","El Sorribo"
"Higuamo","Hato Mayor","Hato Mayor","Manchado","Guamira"
"Higuamo","Hato Mayor","Hato Mayor","Manchado","Guanichita o Guamirita"
"Higuamo","Hato Mayor","Hato Mayor","Manchado","Juan Jiménez"
"Higuamo","Hato Mayor","Hato Mayor","Manchado","Kilómetro 12"
"Higuamo","Hato Mayor","Hato Mayor","Manchado","Kilómetro 8"
"Higuamo","Hato Mayor","Hato Mayor","Manchado","Kilómetro 9"
"Higuamo","Hato Mayor","Hato Mayor","Manchado","La Jagua"
"Higuamo","Hato Mayor","Hato Mayor","Manchado","La Peña"
"Higuamo","Hato Mayor","Hato Mayor","Manchado","La Soria (Kilómetro 6)"
"Higuamo","Hato Mayor","Hato Mayor","Manchado","Las Palmillas"
"Higuamo","Hato Mayor","Hato Mayor","Manchado","Loma de Consuelo"
"Higuamo","Hato Mayor","Hato Mayor","Manchado","Lomita Sucia"
"Higuamo","Hato Mayor","Hato Mayor","Manchado","Los Guayuyos"
"Higuamo","Hato Mayor","Hato Mayor","Manchado","Los Jíbaros"
"Higuamo","Hato Mayor","Hato Mayor","Manchado","Los Jíbaros de Manchado"
"Higuamo","Hato Mayor","Hato Mayor","Manchado","Los Jíbaros de Santana"
"Higuamo","Hato Mayor","Hato Mayor","Manchado","Manchado"
"Higuamo","Hato Mayor","Hato Mayor","Manchado","Rancho o Rancho Viejo"
"Higuamo","Hato Mayor","Hato Mayor","Manchado","Rodeo"
"Higuamo","Hato Mayor","Hato Mayor","Manchado","Santana"
"Higuamo","Hato Mayor","Hato Mayor","Manchado","Yaya Clara"
"Higuamo","Hato Mayor","Hato Mayor","Yerba Buena","Gilbraltar"
"Higuamo","Hato Mayor","Hato Mayor","Yerba Buena","La Cerca"
"Higuamo","Hato Mayor","Hato Mayor","Yerba Buena","Rincón Bellaco"
"Higuamo","Hato Mayor","Hato Mayor","Yerba Buena","San Nicolás"
"Higuamo","Hato Mayor","Hato Mayor","Las Claras","Arroyo Higüero"
"Higuamo","Hato Mayor","Hato Mayor","Las Claras","Boquerón"
"Higuamo","Hato Mayor","Hato Mayor","Las Claras","Gibraltar"
"Higuamo","Hato Mayor","Hato Mayor","Las Claras","Jagua Caída"
"Higuamo","Hato Mayor","Hato Mayor","Las Claras","La Villita"
"Higuamo","Hato Mayor","Hato Mayor","Las Claras","Las Claras"
"Higuamo","Hato Mayor","Hato Mayor","Las Claras","Loma de Limón"
"Higuamo","Hato Mayor","Hato Mayor","Las Claras","Loma del Toro"
"Higuamo","Hato Mayor","Hato Mayor","Las Claras","Los Cacaos"
"Higuamo","Hato Mayor","Hato Mayor","Las Claras","Moña Gorra"
"Higuamo","Hato Mayor","Hato Mayor","Las Claras","Palmarejo"
"Higuamo","Hato Mayor","Hato Mayor","Las Claras","Peña Alta"
"Higuamo","Hato Mayor","Hato Mayor","Las Claras","Platanillo"
"Higuamo","Hato Mayor","Hato Mayor","Las Claras","Rincón Bellaco"
"Higuamo","Hato Mayor","Hato Mayor","Las Claras","Sabana de Grande"
"Higuamo","Hato Mayor","Hato Mayor","Las Claras","San Nicolás"
"Higuamo","Hato Mayor","Hato Mayor","Las Claras","Sudadero"
"Higuamo","Hato Mayor","Hato Mayor","El Mamón","Aloncillo"
"Higuamo","Hato Mayor","Hato Mayor","El Mamón","Cerro Adentro"
"Higuamo","Hato Mayor","Hato Mayor","El Mamón","Cerro Bohío"
"Higuamo","Hato Mayor","Hato Mayor","El Mamón","El Guayabal"
"Higuamo","Hato Mayor","Hato Mayor","El Mamón","El Mamón"
"Higuamo","Hato Mayor","Hato Mayor","El Mamón","El Retiro"
"Higuamo","Hato Mayor","Hato Mayor","El Mamón","La Fuente"
"Higuamo","Hato Mayor","Hato Mayor","El Mamón","La Loma"
"Higuamo","Hato Mayor","Hato Mayor","El Mamón","La Piña"
"Higuamo","Hato Mayor","Hato Mayor","El Mamón","Las Blancas"
"Higuamo","Hato Mayor","Hato Mayor","El Mamón","Los Fulgenes"
"Higuamo","Hato Mayor","Hato Mayor","El Mamón","Sabana Bruno"
"Higuamo","Hato Mayor","Hato Mayor","Mata Palacio","Blanco"
"Higuamo","Hato Mayor","Hato Mayor","Mata Palacio","Morquecho"
"Higuamo","Hato Mayor","Hato Mayor","Maguá","Bejucal"
"Higuamo","Hato Mayor","Hato Mayor","Maguá","Buenos Días"
"Higuamo","Hato Mayor","Hato Mayor","Maguá","El Coco"
"Higuamo","Hato Mayor","Hato Mayor","Maguá","Higüerito (Casa Colorada)"
"Higuamo","Hato Mayor","Hato Mayor","Maguá","La Loma"
"Higuamo","Hato Mayor","Hato Mayor","Maguá","La Orqueta"
"Higuamo","Hato Mayor","Hato Mayor","Maguá","La Peña"
"Higuamo","Hato Mayor","Hato Mayor","Maguá","La Plaza (Batey La Plaza)"
"Higuamo","Hato Mayor","Hato Mayor","Maguá","Las Lajitas"
"Higuamo","Hato Mayor","Hato Mayor","Maguá","Los Suárez"
"Higuamo","Hato Mayor","Hato Mayor","Maguá","Maguá"
"Higuamo","Hato Mayor","Hato Mayor","Maguá","Mirador"
"Higuamo","Hato Mayor","Hato Mayor","Maguá","Mirador Arriba"
"Higuamo","Hato Mayor","Hato Mayor","Higuamo","Batey 6"
"Higuamo","Hato Mayor","Hato Mayor","Higuamo","Batey Amistades"
"Higuamo","Hato Mayor","Hato Mayor","Higuamo","Batey Barrancón"
"Higuamo","Hato Mayor","Hato Mayor","Higuamo","Batey Botecito"
"Higuamo","Hato Mayor","Hato Mayor","Higuamo","Batey Constancia"
"Higuamo","Hato Mayor","Hato Mayor","Higuamo","Batey La Jagua"
"Higuamo","Hato Mayor","Hato Mayor","Higuamo","Bonito (Benito)"
"Higuamo","Hato Mayor","Hato Mayor","Higuamo","Caimoní"
"Higuamo","Hato Mayor","Hato Mayor","Higuamo","El Bote"
"Higuamo","Hato Mayor","Hato Mayor","Higuamo","El Cerro"
"Higuamo","Hato Mayor","Hato Mayor","Higuamo","El Picado"
"Higuamo","Hato Mayor","Hato Mayor","Higuamo","Higuamo o Batey Higuamo"
"Higuamo","Hato Mayor","Hato Mayor","Higuamo","La Ceibita"
"Higuamo","Hato Mayor","Hato Mayor","Higuamo","La Jabilla"
"Higuamo","Hato Mayor","Hato Mayor","Higuamo","La Lagañosa"
"Higuamo","Hato Mayor","Hato Mayor","Higuamo","La Lomita"
"Higuamo","Hato Mayor","Hato Mayor","Higuamo","La Mora"
"Higuamo","Hato Mayor","Hato Mayor","Higuamo","La Piedra"
"Higuamo","Hato Mayor","Hato Mayor","Higuamo","La Pringamosa (Pringamoza)"
"Higuamo","Hato Mayor","Hato Mayor","Higuamo","La Toma"
"Higuamo","Hato Mayor","Hato Mayor","Higuamo","La Trepada"
"Higuamo","Hato Mayor","Hato Mayor","Higuamo","Los Soriano"
"Higuamo","Hato Mayor","Hato Mayor","Higuamo","Los Vásquez"
"Higuamo","Hato Mayor","Hato Mayor","Higuamo","Monte Coca"
"Higuamo","Hato Mayor","Hato Mayor","Higuamo","Monte Firme"
"Higuamo","Hato Mayor","Hato Mayor","Higuamo","Punta Afuera"
"Higuamo","Hato Mayor","Hato Mayor","Higuamo","Rincón Largo"
"Higuamo","Hato Mayor","Hato Mayor","Guayabo Dulce","La Bomba"
"Higuamo","Hato Mayor","Hato Mayor","Guayabo Dulce","Los Hatillos"
"Higuamo","Hato Mayor","Hato Mayor","Guayabo Dulce","Trepada Alta"
"Higuamo","Hato Mayor","Hato Mayor","Paso Cibao","Fio-Fio"
"Higuamo","Hato Mayor","Hato Mayor","Paso Cibao","Las Guáranas (Kilómetro 4)"
"Higuamo","Hato Mayor","Hato Mayor","Paso Cibao","Los Hatillos"
"Higuamo","Hato Mayor","Hato Mayor","Paso Cibao","Paso Cibao"
"Higuamo","Hato Mayor","Hato Mayor","Paso Cibao","Rodeo Polvo"
"Higuamo","Hato Mayor","Hato Mayor","Paso Cibao","San Valerio"
"Higuamo","Hato Mayor","Hato Mayor","Las Espinas","Batey Viejo"
"Higuamo","Hato Mayor","Hato Mayor","Las Espinas","La Berraza (La Berrasa)"
"Higuamo","Hato Mayor","Hato Mayor","Las Espinas","Las Espinas"
"Higuamo","Hato Mayor","Hato Mayor","Las Espinas","Los Algarrobos"
"Higuamo","Hato Mayor","Hato Mayor","Las Espinas","Los Ranchos"
"Higuamo","Hato Mayor","Hato Mayor","Las Espinas","Paso Caribe"
"Higuamo","Hato Mayor","Hato Mayor","Las Espinas","Rancho Arriba"
"Higuamo","Hato Mayor","Hato Mayor","Las Espinas","Rincón Solo"
"Higuamo","Hato Mayor","Hato Mayor","Jalonga","El Pueblecito"
"Higuamo","Hato Mayor","Hato Mayor","Jalonga","Galifete"
"Higuamo","Hato Mayor","Hato Mayor","Jalonga","Jalonga"
"Higuamo","Hato Mayor","Hato Mayor","Jalonga","Kilómetro 25 y 26"
"Higuamo","Hato Mayor","Hato Mayor","Jalonga","La Loma"
"Higuamo","Hato Mayor","Hato Mayor","Jalonga","La Poza"
"Higuamo","Hato Mayor","Hato Mayor","Jalonga","Prudencio"
"Higuamo","Hato Mayor","Hato Mayor","Jalonga","Toronja"
"Higuamo","Hato Mayor","Sabana de La Mar","Sabana de La Mar","Barrio B (El Hospital)"
"Higuamo","Hato Mayor","Sabana de La Mar","Sabana de La Mar","Catarey"
"Higuamo","Hato Mayor","Sabana de La Mar","Sabana de La Mar","El Almendro (Los Dragones)"
"Higuamo","Hato Mayor","Sabana de La Mar","Sabana de La Mar","El Liceo"
"Higuamo","Hato Mayor","Sabana de La Mar","Sabana de La Mar","La Javilla"
"Higuamo","Hato Mayor","Sabana de La Mar","Sabana de La Mar","Las Cinco Casitas"
"Higuamo","Hato Mayor","Sabana de La Mar","Sabana de La Mar","Los Heroes o Centro del Pueblo"
"Higuamo","Hato Mayor","Sabana de La Mar","Sabana de La Mar","Los Multifamiliares"
"Higuamo","Hato Mayor","Sabana de La Mar","Sabana de La Mar","Los Solares"
"Higuamo","Hato Mayor","Sabana de La Mar","Sabana de La Mar","Mata del Toro"
"Higuamo","Hato Mayor","Sabana de La Mar","Sabana de La Mar","Pajarito I"
"Higuamo","Hato Mayor","Sabana de La Mar","Sabana de La Mar","Pajarito II o La Pista"
"Higuamo","Hato Mayor","Sabana de La Mar","Sabana de La Mar","Pueblo Abajo"
"Higuamo","Hato Mayor","Sabana de La Mar","Sabana de La Mar","San Carlos"
"Higuamo","Hato Mayor","Sabana de La Mar","El Centro","Arroyo del Agua"
"Higuamo","Hato Mayor","Sabana de La Mar","El Centro","Arroyo Negro"
"Higuamo","Hato Mayor","Sabana de La Mar","El Centro","Arroyo Piedra"
"Higuamo","Hato Mayor","Sabana de La Mar","El Centro","Arroyón"
"Higuamo","Hato Mayor","Sabana de La Mar","El Centro","Caño Hondo"
"Higuamo","Hato Mayor","Sabana de La Mar","El Centro","Caño Salado"
"Higuamo","Hato Mayor","Sabana de La Mar","El Centro","Cuba Libre"
"Higuamo","Hato Mayor","Sabana de La Mar","El Centro","El Brujo"
"Higuamo","Hato Mayor","Sabana de La Mar","El Centro","El Caño"
"Higuamo","Hato Mayor","Sabana de La Mar","El Centro","El Centro"
"Higuamo","Hato Mayor","Sabana de La Mar","El Centro","Escobar"
"Higuamo","Hato Mayor","Sabana de La Mar","El Centro","Guineo Perdido"
"Higuamo","Hato Mayor","Sabana de La Mar","El Centro","La Ceja"
"Higuamo","Hato Mayor","Sabana de La Mar","El Centro","La Cruz"
"Higuamo","Hato Mayor","Sabana de La Mar","El Centro","La Jaqueta"
"Higuamo","Hato Mayor","Sabana de La Mar","El Centro","Las Chamuscadas"
"Higuamo","Hato Mayor","Sabana de La Mar","El Centro","Llanada Grande"
"Higuamo","Hato Mayor","Sabana de La Mar","El Centro","Loma Clara"
"Higuamo","Hato Mayor","Sabana de La Mar","El Centro","Los Cacaítos"
"Higuamo","Hato Mayor","Sabana de La Mar","El Centro","Palmarito"
"Higuamo","Hato Mayor","Sabana de La Mar","El Centro","Pueblo Viejo"
"Higuamo","Hato Mayor","Sabana de La Mar","El Centro","Quintana"
"Higuamo","Hato Mayor","Sabana de La Mar","El Centro","Sabana de Caño Hondo"
"Higuamo","Hato Mayor","Sabana de La Mar","El Centro","Sabana Rincón"
"Higuamo","Hato Mayor","Sabana de La Mar","El Centro","Tío Pepe"
"Higuamo","Hato Mayor","Sabana de La Mar","El Centro","Trepada Alta"
"Higuamo","Hato Mayor","Sabana de La Mar","El Centro","Valle Real"
"Higuamo","Hato Mayor","Sabana de La Mar","El Centro","Yanigua"
"Higuamo","Hato Mayor","Sabana de La Mar","Elupina Cordero de Las Cañitas","Caña Grande"
"Higuamo","Hato Mayor","Sabana de La Mar","Elupina Cordero de Las Cañitas","Las Cañitas"
"Higuamo","Hato Mayor","Sabana de La Mar","Maguá","Arroyo Hondo"
"Higuamo","Hato Mayor","Sabana de La Mar","Maguá","Arroyo Rico"
"Higuamo","Hato Mayor","Sabana de La Mar","Maguá","Cabezú"
"Higuamo","Hato Mayor","Sabana de La Mar","Maguá","Capitán"
"Higuamo","Hato Mayor","Sabana de La Mar","Maguá","Dajao"
"Higuamo","Hato Mayor","Sabana de La Mar","Maguá","El Mogote"
"Higuamo","Hato Mayor","Sabana de La Mar","Maguá","La Cucurucha"
"Higuamo","Hato Mayor","Sabana de La Mar","Maguá","La Lissa"
"Higuamo","Hato Mayor","Sabana de La Mar","Maguá","La Loma"
"Higuamo","Hato Mayor","Sabana de La Mar","Maguá","La Novilla"
"Higuamo","Hato Mayor","Sabana de La Mar","Maguá","La Vecina"
"Higuamo","Hato Mayor","Sabana de La Mar","Maguá","Las Avispas"
"Higuamo","Hato Mayor","Sabana de La Mar","Maguá","Loma Los Brazos"
"Higuamo","Hato Mayor","Sabana de La Mar","Maguá","Madre del Agua"
"Higuamo","Hato Mayor","Sabana de La Mar","Maguá","Maguá"
"Higuamo","Hato Mayor","Sabana de La Mar","Maguá","Manaclitas"
"Higuamo","Hato Mayor","Sabana de La Mar","Maguá","Río Arriba"
"Higuamo","Monte Plata","Bayaguana","Bayaguana","Algarrobo"
"Higuamo","Monte Plata","Bayaguana","Bayaguana","Centro del Pueblo"
"Higuamo","Monte Plata","Bayaguana","Bayaguana","Cristo Rey"
"Higuamo","Monte Plata","Bayaguana","Bayaguana","El Hospital"
"Higuamo","Monte Plata","Bayaguana","Bayaguana","El Suizo"
"Higuamo","Monte Plata","Bayaguana","Bayaguana","INVI"
"Higuamo","Monte Plata","Bayaguana","Bayaguana","La Cañita"
"Higuamo","Monte Plata","Bayaguana","Bayaguana","La Esperanza"
"Higuamo","Monte Plata","Bayaguana","Bayaguana","La Madama"
"Higuamo","Monte Plata","Bayaguana","Bayaguana","La Tormenta"
"Higuamo","Monte Plata","Bayaguana","Bayaguana","Las Flores"
"Higuamo","Monte Plata","Bayaguana","Bayaguana","Laurel"
"Higuamo","Monte Plata","Bayaguana","Bayaguana","Los Cocos"
"Higuamo","Monte Plata","Bayaguana","Bayaguana","Los Mañese"
"Higuamo","Monte Plata","Bayaguana","Bayaguana","Pilanconcito"
"Higuamo","Monte Plata","Bayaguana","Bayaguana","Pueblo Nuevo"
"Higuamo","Monte Plata","Bayaguana","Bayaguana","Residencial Los Agrónomos"
"Higuamo","Monte Plata","Bayaguana","Bayaguana","San Juan o San José"
"Higuamo","Monte Plata","Bayaguana","Bayaguana","Santo Cristo"
"Higuamo","Monte Plata","Bayaguana","Bayaguana","Villa Bayaguana (Proyecto INVI)"
"Higuamo","Monte Plata","Bayaguana","Antón Sánchez","Antón Sánchez"
"Higuamo","Monte Plata","Bayaguana","Antón Sánchez","Campiña"
"Higuamo","Monte Plata","Bayaguana","Antón Sánchez","Ceiba de la Pocilga"
"Higuamo","Monte Plata","Bayaguana","Antón Sánchez","Cercadillo"
"Higuamo","Monte Plata","Bayaguana","Antón Sánchez","Confitero"
"Higuamo","Monte Plata","Bayaguana","Antón Sánchez","Dajao"
"Higuamo","Monte Plata","Bayaguana","Antón Sánchez","El Chivo"
"Higuamo","Monte Plata","Bayaguana","Antón Sánchez","El Platanal"
"Higuamo","Monte Plata","Bayaguana","Antón Sánchez","Juana Alejo"
"Higuamo","Monte Plata","Bayaguana","Antón Sánchez","La Cabeza"
"Higuamo","Monte Plata","Bayaguana","Antón Sánchez","La Ceja"
"Higuamo","Monte Plata","Bayaguana","Antón Sánchez","La Manigua"
"Higuamo","Monte Plata","Bayaguana","Antón Sánchez","La Manigüita"
"Higuamo","Monte Plata","Bayaguana","Antón Sánchez","Los Anones (Las Cruces)"
"Higuamo","Monte Plata","Bayaguana","Antón Sánchez","Los Cagüeyes"
"Higuamo","Monte Plata","Bayaguana","Antón Sánchez","Los Cerros"
"Higuamo","Monte Plata","Bayaguana","Antón Sánchez","Los Córbanos"
"Higuamo","Monte Plata","Bayaguana","Antón Sánchez","Los Malangos"
"Higuamo","Monte Plata","Bayaguana","Antón Sánchez","Los Nonas"
"Higuamo","Monte Plata","Bayaguana","Antón Sánchez","Manaclar"
"Higuamo","Monte Plata","Bayaguana","Antón Sánchez","Mogea"
"Higuamo","Monte Plata","Bayaguana","Antón Sánchez","Ojo de Agua"
"Higuamo","Monte Plata","Bayaguana","Antón Sánchez","Sabana del Estado"
"Higuamo","Monte Plata","Bayaguana","Antón Sánchez","Sabana Larga"
"Higuamo","Monte Plata","Bayaguana","Cojobal","Agua Buena"
"Higuamo","Monte Plata","Bayaguana","Cojobal","Agua Prieta"
"Higuamo","Monte Plata","Bayaguana","Cojobal","Babieca"
"Higuamo","Monte Plata","Bayaguana","Cojobal","Buena Vista"
"Higuamo","Monte Plata","Bayaguana","Cojobal","Cachimán"
"Higuamo","Monte Plata","Bayaguana","Cojobal","Cañuelo (Las Aceitunas)"
"Higuamo","Monte Plata","Bayaguana","Cojobal","Carabela Arriba"
"Higuamo","Monte Plata","Bayaguana","Cojobal","Cojobal"
"Higuamo","Monte Plata","Bayaguana","Cojobal","El Bombón"
"Higuamo","Monte Plata","Bayaguana","Cojobal","El Cuervo"
"Higuamo","Monte Plata","Bayaguana","Cojobal","El Placer"
"Higuamo","Monte Plata","Bayaguana","Cojobal","El Pomito"
"Higuamo","Monte Plata","Bayaguana","Cojobal","Gallabón"
"Higuamo","Monte Plata","Bayaguana","Cojobal","Juana Lorenza"
"Higuamo","Monte Plata","Bayaguana","Cojobal","La Ceja (Mata Santiago de Mena)"
"Higuamo","Monte Plata","Bayaguana","Cojobal","La Soledad"
"Higuamo","Monte Plata","Bayaguana","Cojobal","Ladino"
"Higuamo","Monte Plata","Bayaguana","Cojobal","Malta Morena"
"Higuamo","Monte Plata","Bayaguana","Cojobal","Palmilla"
"Higuamo","Monte Plata","Bayaguana","Cojobal","Washington"
"Higuamo","Monte Plata","Bayaguana","Cojobal","Yerba Larga"
"Higuamo","Monte Plata","Bayaguana","Comatillo","Cabuya"
"Higuamo","Monte Plata","Bayaguana","Comatillo","Coca Barrera"
"Higuamo","Monte Plata","Bayaguana","Comatillo","Comatillo"
"Higuamo","Monte Plata","Bayaguana","Comatillo","El Cercado"
"Higuamo","Monte Plata","Bayaguana","Comatillo","El Guazaral"
"Higuamo","Monte Plata","Bayaguana","Comatillo","Elegido"
"Higuamo","Monte Plata","Bayaguana","Comatillo","La Altagracia"
"Higuamo","Monte Plata","Bayaguana","Comatillo","La Deseada"
"Higuamo","Monte Plata","Bayaguana","Comatillo","La Gironda"
"Higuamo","Monte Plata","Bayaguana","Comatillo","La Lamedera"
"Higuamo","Monte Plata","Bayaguana","Comatillo","Laguna Colorada"
"Higuamo","Monte Plata","Bayaguana","Comatillo","Las Lajas (Managua)"
"Higuamo","Monte Plata","Bayaguana","Comatillo","Las Lometas"
"Higuamo","Monte Plata","Bayaguana","Comatillo","Los Aquino"
"Higuamo","Monte Plata","Bayaguana","Comatillo","Los Berros"
"Higuamo","Monte Plata","Bayaguana","Comatillo","Los Cerritos"
"Higuamo","Monte Plata","Bayaguana","Comatillo","Los Sosa"
"Higuamo","Monte Plata","Bayaguana","Comatillo","Managua"
"Higuamo","Monte Plata","Bayaguana","Comatillo","Mata Santiago"
"Higuamo","Monte Plata","Bayaguana","Comatillo","Piedra Chiquita"
"Higuamo","Monte Plata","Bayaguana","Comatillo","Polonia"
"Higuamo","Monte Plata","Bayaguana","Comatillo","Rincón Naranjo"
"Higuamo","Monte Plata","Bayaguana","Comatillo","Sabaneta"
"Higuamo","Monte Plata","Bayaguana","Comatillo","Salto Grande"
"Higuamo","Monte Plata","Bayaguana","Comatillo","Santa Cruz"
"Higuamo","Monte Plata","Bayaguana","Comatillo","Sierra de Agua"
"Higuamo","Monte Plata","Bayaguana","Comatillo","Tentación"
"Higuamo","Monte Plata","Bayaguana","Comatillo","Valle Grande"
"Higuamo","Monte Plata","Bayaguana","Hidalgo","Camarón"
"Higuamo","Monte Plata","Bayaguana","Hidalgo","Cañada Arriba"
"Higuamo","Monte Plata","Bayaguana","Hidalgo","Carrizal"
"Higuamo","Monte Plata","Bayaguana","Hidalgo","La Bolita"
"Higuamo","Monte Plata","Bayaguana","Hidalgo","La Hacienda María"
"Higuamo","Monte Plata","Bayaguana","Hidalgo","La Jabilla"
"Higuamo","Monte Plata","Bayaguana","Hidalgo","La Lechuza"
"Higuamo","Monte Plata","Bayaguana","Hidalgo","La Loma"
"Higuamo","Monte Plata","Bayaguana","Hidalgo","Los Caracoles"
"Higuamo","Monte Plata","Bayaguana","Hidalgo","Los Guineos"
"Higuamo","Monte Plata","Bayaguana","Hidalgo","Los Manantiales"
"Higuamo","Monte Plata","Bayaguana","Hidalgo","Los Peguero"
"Higuamo","Monte Plata","Bayaguana","Hidalgo","Pilancón"
"Higuamo","Monte Plata","Bayaguana","Hidalgo","Sabana de los Javier"
"Higuamo","Monte Plata","Bayaguana","Hidalgo","Sabana del Medio"
"Higuamo","Monte Plata","Bayaguana","Hidalgo","Siricu"
"Higuamo","Monte Plata","Bayaguana","Trinidad","Castellanos"
"Higuamo","Monte Plata","Bayaguana","Trinidad","Casui"
"Higuamo","Monte Plata","Bayaguana","Trinidad","El Guanito (El Centro)"
"Higuamo","Monte Plata","Bayaguana","Trinidad","El Prieto"
"Higuamo","Monte Plata","Bayaguana","Trinidad","El Tablón"
"Higuamo","Monte Plata","Bayaguana","Trinidad","Guazaral Adentro"
"Higuamo","Monte Plata","Bayaguana","Trinidad","Higüerito"
"Higuamo","Monte Plata","Bayaguana","Trinidad","La Cueva"
"Higuamo","Monte Plata","Bayaguana","Trinidad","La Lomita"
"Higuamo","Monte Plata","Bayaguana","Trinidad","Los Anegadizos"
"Higuamo","Monte Plata","Bayaguana","Trinidad","Los Valles"
"Higuamo","Monte Plata","Bayaguana","Trinidad","Palma Lisa"
"Higuamo","Monte Plata","Bayaguana","Trinidad","Sigar"
"Higuamo","Monte Plata","Bayaguana","Trinidad","Trinidad"
"Higuamo","Monte Plata","Bayaguana","Trinidad","Tuningo"
"Higuamo","Monte Plata","Bayaguana","Trinidad","Yuvinita"
"Higuamo","Monte Plata","Bayaguana","Yuvina","Arroyo Arriba"
"Higuamo","Monte Plata","Bayaguana","Yuvina","Batey Cocinero"
"Higuamo","Monte Plata","Bayaguana","Yuvina","Batey Laura"
"Higuamo","Monte Plata","Bayaguana","Yuvina","Cocinero"
"Higuamo","Monte Plata","Bayaguana","Yuvina","Corea"
"Higuamo","Monte Plata","Bayaguana","Yuvina","Corozal"
"Higuamo","Monte Plata","Bayaguana","Yuvina","Cueva de Valerio"
"Higuamo","Monte Plata","Bayaguana","Yuvina","Doña Isabel"
"Higuamo","Monte Plata","Bayaguana","Yuvina","El Bebedero"
"Higuamo","Monte Plata","Bayaguana","Yuvina","El Copey"
"Higuamo","Monte Plata","Bayaguana","Yuvina","El Higüero"
"Higuamo","Monte Plata","Bayaguana","Yuvina","El Jobo"
"Higuamo","Monte Plata","Bayaguana","Yuvina","El Rincón"
"Higuamo","Monte Plata","Bayaguana","Yuvina","El Valle"
"Higuamo","Monte Plata","Bayaguana","Yuvina","Guaricano"
"Higuamo","Monte Plata","Bayaguana","Yuvina","Guaymorote"
"Higuamo","Monte Plata","Bayaguana","Yuvina","Hato Viejo"
"Higuamo","Monte Plata","Bayaguana","Yuvina","Jina Copiosa"
"Higuamo","Monte Plata","Bayaguana","Yuvina","Juan Tomás"
"Higuamo","Monte Plata","Bayaguana","Yuvina","La Cuarenta"
"Higuamo","Monte Plata","Bayaguana","Yuvina","La Gina"
"Higuamo","Monte Plata","Bayaguana","Yuvina","Ladino"
"Higuamo","Monte Plata","Bayaguana","Yuvina","Las Manuelas"
"Higuamo","Monte Plata","Bayaguana","Yuvina","Las Matas de Guabatico"
"Higuamo","Monte Plata","Bayaguana","Yuvina","Las Piñas"
"Higuamo","Monte Plata","Bayaguana","Yuvina","Los Arroyos"
"Higuamo","Monte Plata","Bayaguana","Yuvina","Los Arroyos Arriba"
"Higuamo","Monte Plata","Bayaguana","Yuvina","Los Germanes"
"Higuamo","Monte Plata","Bayaguana","Yuvina","Los Mameyes"
"Higuamo","Monte Plata","Bayaguana","Yuvina","Los Reyes o Mata de Los Reyes"
"Higuamo","Monte Plata","Bayaguana","Yuvina","Los Vidal"
"Higuamo","Monte Plata","Bayaguana","Yuvina","María Vidal"
"Higuamo","Monte Plata","Bayaguana","Yuvina","Marisol"
"Higuamo","Monte Plata","Bayaguana","Yuvina","Mata de Felipito"
"Higuamo","Monte Plata","Bayaguana","Yuvina","Mata Verde (Mata Gorda)"
"Higuamo","Monte Plata","Bayaguana","Yuvina","Media Cara"
"Higuamo","Monte Plata","Bayaguana","Yuvina","Media Cara Arriba"
"Higuamo","Monte Plata","Bayaguana","Yuvina","Pueblo Nuevo"
"Higuamo","Monte Plata","Bayaguana","Yuvina","Pulgarín"
"Higuamo","Monte Plata","Bayaguana","Yuvina","Tolentino"
"Higuamo","Monte Plata","Bayaguana","Yuvina","Yabacao"
"Higuamo","Monte Plata","Bayaguana","Yuvina","Yuvina"
"Higuamo","Monte Plata","Monte Plata","Monte Plata","30 de Mayo"
"Higuamo","Monte Plata","Monte Plata","Monte Plata","Bella Vista"
"Higuamo","Monte Plata","Monte Plata","Monte Plata","Centro del Pueblo"
"Higuamo","Monte Plata","Monte Plata","Monte Plata","Ciudad del Conocimiento"
"Higuamo","Monte Plata","Monte Plata","Monte Plata","Guillo"
"Higuamo","Monte Plata","Monte Plata","Monte Plata","INVI II"
"Higuamo","Monte Plata","Monte Plata","Monte Plata","La Angustura"
"Higuamo","Monte Plata","Monte Plata","Monte Plata","La Ceja"
"Higuamo","Monte Plata","Monte Plata","Monte Plata","La Gallera o Entre Reyes"
"Higuamo","Monte Plata","Monte Plata","Monte Plata","La Unidad"
"Higuamo","Monte Plata","Monte Plata","Monte Plata","Lindo"
"Higuamo","Monte Plata","Monte Plata","Monte Plata","Los Maestros"
"Higuamo","Monte Plata","Monte Plata","Monte Plata","Los Multi"
"Higuamo","Monte Plata","Monte Plata","Monte Plata","Proyecto Doña Nelly"
"Higuamo","Monte Plata","Monte Plata","Monte Plata","Suizo (Brisas del Este)"
"Higuamo","Monte Plata","Monte Plata","Monte Plata","Vietnam"
"Higuamo","Monte Plata","Monte Plata","El Dián","Cruce de Velázquez o La Mina"
"Higuamo","Monte Plata","Monte Plata","El Dián","El 9"
"Higuamo","Monte Plata","Monte Plata","El Dián","El Caliche"
"Higuamo","Monte Plata","Monte Plata","El Dián","El Cerro"
"Higuamo","Monte Plata","Monte Plata","El Dián","El Cruce del Pajón"
"Higuamo","Monte Plata","Monte Plata","El Dián","El Dián"
"Higuamo","Monte Plata","Monte Plata","El Dián","El Proyecto o Hato Arriba"
"Higuamo","Monte Plata","Monte Plata","El Dián","La Pelúa"
"Higuamo","Monte Plata","Monte Plata","El Dián","La Savita o Cruce de Melo"
"Higuamo","Monte Plata","Monte Plata","El Dián","Loma Vieja"
"Higuamo","Monte Plata","Monte Plata","El Dián","Manganagua"
"Higuamo","Monte Plata","Monte Plata","Hato Arriba","Batey Velásquez o San Rafael"
"Higuamo","Monte Plata","Monte Plata","Hato Arriba","El Aguacate"
"Higuamo","Monte Plata","Monte Plata","Hato Arriba","El Cercadillo"
"Higuamo","Monte Plata","Monte Plata","Hato Arriba","El Hatillo"
"Higuamo","Monte Plata","Monte Plata","Hato Arriba","El Portillo"
"Higuamo","Monte Plata","Monte Plata","Hato Arriba","El Prado"
"Higuamo","Monte Plata","Monte Plata","Hato Arriba","Jolupo"
"Higuamo","Monte Plata","Monte Plata","Hato Arriba","La Candelaria"
"Higuamo","Monte Plata","Monte Plata","Hato Arriba","La Estrella Vieja"
"Higuamo","Monte Plata","Monte Plata","Hato Arriba","La Malena"
"Higuamo","Monte Plata","Monte Plata","Hato Arriba","La Palma"
"Higuamo","Monte Plata","Monte Plata","Hato Arriba","Los Coquitos"
"Higuamo","Monte Plata","Monte Plata","Hato Arriba","Los Coquitos Arriba"
"Higuamo","Monte Plata","Monte Plata","Hato Arriba","Rincón Cajuil"
"Higuamo","Monte Plata","Monte Plata","Hato Arriba","Rincón Hondo"
"Higuamo","Monte Plata","Monte Plata","Hato Arriba","Rincón Largo"
"Higuamo","Monte Plata","Monte Plata","La Luisa","El Doce (12)"
"Higuamo","Monte Plata","Monte Plata","La Luisa","El Laurel"
"Higuamo","Monte Plata","Monte Plata","La Luisa","El Pomo"
"Higuamo","Monte Plata","Monte Plata","La Luisa","La Carabela"
"Higuamo","Monte Plata","Monte Plata","La Luisa","La Guía"
"Higuamo","Monte Plata","Monte Plata","La Luisa","La Luisa Blanca"
"Higuamo","Monte Plata","Monte Plata","La Luisa","La Luisa Prieta"
"Higuamo","Monte Plata","Monte Plata","La Luisa","Los Frailes"
"Higuamo","Monte Plata","Monte Plata","La Luisa","Los Guayuyos"
"Higuamo","Monte Plata","Monte Plata","La Luisa","Mataguayabo"
"Higuamo","Monte Plata","Monte Plata","Río Boyá","Agua Viva"
"Higuamo","Monte Plata","Monte Plata","Río Boyá","Badillo"
"Higuamo","Monte Plata","Monte Plata","Río Boyá","Barranca"
"Higuamo","Monte Plata","Monte Plata","Río Boyá","Bermejo"
"Higuamo","Monte Plata","Monte Plata","Río Boyá","Don Fernando"
"Higuamo","Monte Plata","Monte Plata","Río Boyá","Elvira"
"Higuamo","Monte Plata","Monte Plata","Río Boyá","Hatillo"
"Higuamo","Monte Plata","Monte Plata","Río Boyá","Kilómetro 5"
"Higuamo","Monte Plata","Monte Plata","Río Boyá","La Jina o Jana"
"Higuamo","Monte Plata","Monte Plata","Río Boyá","La Leña"
"Higuamo","Monte Plata","Monte Plata","Río Boyá","La Poza"
"Higuamo","Monte Plata","Monte Plata","Río Boyá","La Reforma"
"Higuamo","Monte Plata","Monte Plata","Río Boyá","Los Arroyos"
"Higuamo","Monte Plata","Monte Plata","Río Boyá","Los Yagrumos"
"Higuamo","Monte Plata","Monte Plata","Río Boyá","Plaza Cacique"
"Higuamo","Monte Plata","Monte Plata","Río Boyá","Río Boyá"
"Higuamo","Monte Plata","Monte Plata","Río Boyá","Sabana Larga"
"Higuamo","Monte Plata","Monte Plata","Río Boyá","San Diego"
"Higuamo","Monte Plata","Monte Plata","Río Boyá","San Mateo"
"Higuamo","Monte Plata","Monte Plata","Río Boyá","Santana"
"Higuamo","Monte Plata","Monte Plata","Río Boyá","Socoa"
"Higuamo","Monte Plata","Monte Plata","Río Boyá","Toro Prieto"
"Higuamo","Monte Plata","Monte Plata","Don Juan","Buenos Aires"
"Higuamo","Monte Plata","Monte Plata","Don Juan","Don Juan o Centro del Pueblo"
"Higuamo","Monte Plata","Monte Plata","Don Juan","El Cementerio"
"Higuamo","Monte Plata","Monte Plata","Don Juan","El Parquesito o El Parque"
"Higuamo","Monte Plata","Monte Plata","Don Juan","Galindo"
"Higuamo","Monte Plata","Monte Plata","Don Juan","INVI"
"Higuamo","Monte Plata","Monte Plata","Don Juan","Los Cerros"
"Higuamo","Monte Plata","Monte Plata","Don Juan","Proyecto INVI"
"Higuamo","Monte Plata","Monte Plata","Don Juan","Pueblo Nuevo"
"Higuamo","Monte Plata","Monte Plata","Don Juan","Sabana del Río"
"Higuamo","Monte Plata","Monte Plata","Frías","Batey Bermejo"
"Higuamo","Monte Plata","Monte Plata","Frías","Frías"
"Higuamo","Monte Plata","Monte Plata","Frías","Las Mellizas"
"Higuamo","Monte Plata","Monte Plata","Frías","Los Capaces"
"Higuamo","Monte Plata","Monte Plata","Frías","Los Cerros"
"Higuamo","Monte Plata","Monte Plata","Frías","Los Galanos"
"Higuamo","Monte Plata","Monte Plata","Frías","Manga"
"Higuamo","Monte Plata","Monte Plata","Frías","Sabana del Río"
"Higuamo","Monte Plata","Monte Plata","Sabana de Payabo","Batey Frías"
"Higuamo","Monte Plata","Monte Plata","Sabana de Payabo","Batey Hoyo de Pum"
"Higuamo","Monte Plata","Monte Plata","Sabana de Payabo","Batey Los Llanos"
"Higuamo","Monte Plata","Monte Plata","Sabana de Payabo","Batey Payabo"
"Higuamo","Monte Plata","Monte Plata","Sabana de Payabo","Batey Triple San Pedro"
"Higuamo","Monte Plata","Monte Plata","Sabana de Payabo","Cruce de La Elmursht (De Payabo)"
"Higuamo","Monte Plata","Monte Plata","Sabana de Payabo","Sabana de Payabo"
"Higuamo","Monte Plata","Monte Plata","El Bosque","Capotillo"
"Higuamo","Monte Plata","Monte Plata","El Bosque","El Bosque Arriba"
"Higuamo","Monte Plata","Monte Plata","El Bosque","La Cerca"
"Higuamo","Monte Plata","Monte Plata","El Bosque","Los Cumani"
"Higuamo","Monte Plata","Monte Plata","El Bosque","Los Granadillos"
"Higuamo","Monte Plata","Monte Plata","El Bosque","Mijo Abajo"
"Higuamo","Monte Plata","Monte Plata","La Jagua","Batey La Jagua"
"Higuamo","Monte Plata","Monte Plata","La Jagua","Batey Triple Ozama"
"Higuamo","Monte Plata","Monte Plata","La Jagua","Cruce de la Jagua"
"Higuamo","Monte Plata","Monte Plata","La Jagua","La Jagua Abajo"
"Higuamo","Monte Plata","Monte Plata","La Jagua","Las Cinco Casas"
"Higuamo","Monte Plata","Monte Plata","Chirino","Chirino"
"Higuamo","Monte Plata","Monte Plata","Chirino","Las Flores"
"Higuamo","Monte Plata","Monte Plata","Chirino","Yaita"
"Higuamo","Monte Plata","Monte Plata","San Francisco","Cucaracha"
"Higuamo","Monte Plata","Monte Plata","San Francisco","El Coco"
"Higuamo","Monte Plata","Monte Plata","San Francisco","El Coste"
"Higuamo","Monte Plata","Monte Plata","San Francisco","Hicacal"
"Higuamo","Monte Plata","Monte Plata","San Francisco","La Mariquita"
"Higuamo","Monte Plata","Monte Plata","San Francisco","Primer Alto"
"Higuamo","Monte Plata","Monte Plata","San Francisco","Sabana de Ahoga Vaca"
"Higuamo","Monte Plata","Monte Plata","San Francisco","Sabana de Corral Falso"
"Higuamo","Monte Plata","Monte Plata","San Francisco","Sabana de San Francisco"
"Higuamo","Monte Plata","Monte Plata","San Francisco","San Francisco"
"Higuamo","Monte Plata","Monte Plata","San Francisco","San Francisco Adentro"
"Higuamo","Monte Plata","Monte Plata","San Francisco","Villa Juana"
"Higuamo","Monte Plata","Monte Plata","San Juan de Buena Vista","Batey Chirino"
"Higuamo","Monte Plata","Monte Plata","San Juan de Buena Vista","Batey San José"
"Higuamo","Monte Plata","Monte Plata","San Juan de Buena Vista","Boca Yaita"
"Higuamo","Monte Plata","Monte Plata","San Juan de Buena Vista","Cazueza"
"Higuamo","Monte Plata","Monte Plata","San Juan de Buena Vista","El Guano"
"Higuamo","Monte Plata","Monte Plata","San Juan de Buena Vista","El Hatillo (San Juan de Buena Vista)"
"Higuamo","Monte Plata","Monte Plata","San Juan de Buena Vista","Jobo Dulce"
"Higuamo","Monte Plata","Monte Plata","San Juan de Buena Vista","La Berenjena"
"Higuamo","Monte Plata","Monte Plata","San Juan de Buena Vista","La Caguaza"
"Higuamo","Monte Plata","Monte Plata","San Juan de Buena Vista","Los Mameyes"
"Higuamo","Monte Plata","Monte Plata","Yabacao","Batey Yabacao"
"Higuamo","Monte Plata","Monte Plata","Yabacao","Chucho Salas"
"Higuamo","Monte Plata","Monte Plata","Yabacao","Cruz Verde"
"Higuamo","Monte Plata","Monte Plata","Yabacao","El Talado"
"Higuamo","Monte Plata","Monte Plata","Yabacao","Jobo Grande"
"Higuamo","Monte Plata","Monte Plata","Yabacao","La Altagracia"
"Higuamo","Monte Plata","Monte Plata","Yabacao","Laguna Clara"
"Higuamo","Monte Plata","Monte Plata","Yabacao","Mata Los Indios"
"Higuamo","Monte Plata","Monte Plata","Yabacao","Rincón Cana"
"Higuamo","Monte Plata","Monte Plata","Yabacao","Sabana Barranca"
"Higuamo","Monte Plata","Monte Plata","Yabacao","Sabana de Yabacao (Pueblo Nuevo)"
"Higuamo","Monte Plata","Monte Plata","Boyá","Agua Santa"
"Higuamo","Monte Plata","Monte Plata","Boyá","Boyá"
"Higuamo","Monte Plata","Monte Plata","El Mamey","Batista"
"Higuamo","Monte Plata","Monte Plata","El Mamey","Cilindrón"
"Higuamo","Monte Plata","Monte Plata","El Mamey","El Cajuilito"
"Higuamo","Monte Plata","Monte Plata","El Mamey","El Mamey"
"Higuamo","Monte Plata","Monte Plata","El Mamey","Los Pilones"
"Higuamo","Monte Plata","Monte Plata","El Mamey","Los Reyes"
"Higuamo","Monte Plata","Monte Plata","El Mamey","Mirador"
"Higuamo","Monte Plata","Monte Plata","El Cacique","El Cacique"
"Higuamo","Monte Plata","Monte Plata","El Cacique","El Cogote"
"Higuamo","Monte Plata","Monte Plata","El Cacique","El Naranjo"
"Higuamo","Monte Plata","Monte Plata","El Cacique","Las Auyamas"
"Higuamo","Monte Plata","Monte Plata","El Cacique","Los Ranchos"
"Higuamo","Monte Plata","Monte Plata","El Cacique","Otaña"
"Higuamo","Monte Plata","Monte Plata","El Cacique","Vicente"
"Higuamo","Monte Plata","Monte Plata","Cruz Morillo","Ana Ruiz"
"Higuamo","Monte Plata","Monte Plata","Cruz Morillo","Ana Santana"
"Higuamo","Monte Plata","Monte Plata","Cruz Morillo","Cara Linda"
"Higuamo","Monte Plata","Monte Plata","Cruz Morillo","Ceiba Seca"
"Higuamo","Monte Plata","Monte Plata","Cruz Morillo","Cruce de Toñe"
"Higuamo","Monte Plata","Monte Plata","Cruz Morillo","Cruz de Morillo"
"Higuamo","Monte Plata","Monte Plata","Cruz Morillo","El Capaz"
"Higuamo","Monte Plata","Monte Plata","Cruz Morillo","El Horno"
"Higuamo","Monte Plata","Monte Plata","Cruz Morillo","El Rodeo"
"Higuamo","Monte Plata","Monte Plata","Cruz Morillo","Gavilán"
"Higuamo","Monte Plata","Monte Plata","Cruz Morillo","Gavilán Abajo"
"Higuamo","Monte Plata","Monte Plata","Cruz Morillo","Genaro"
"Higuamo","Monte Plata","Monte Plata","Cruz Morillo","La Angostura"
"Higuamo","Monte Plata","Monte Plata","Cruz Morillo","La Vigía"
"Higuamo","Monte Plata","Monte Plata","Cruz Morillo","Los Guayos"
"Higuamo","Monte Plata","Monte Plata","Cruz Morillo","Los Hojanchos"
"Higuamo","Monte Plata","Monte Plata","Cruz Morillo","Los Jurungos"
"Higuamo","Monte Plata","Monte Plata","Cruz Morillo","Maná La Vieja"
"Higuamo","Monte Plata","Peralvillo","Peralvillo","Dionicio"
"Higuamo","Monte Plata","Peralvillo","Peralvillo","El Caserío"
"Higuamo","Monte Plata","Peralvillo","Peralvillo","El Manguito"
"Higuamo","Monte Plata","Peralvillo","Peralvillo","La Majagua"
"Higuamo","Monte Plata","Peralvillo","Peralvillo","La Peguero"
"Higuamo","Monte Plata","Peralvillo","Peralvillo","La Placeta"
"Higuamo","Monte Plata","Peralvillo","Guázuma","Batey La Guázuma"
"Higuamo","Monte Plata","Peralvillo","Guázuma","Cerro Largo"
"Higuamo","Monte Plata","Peralvillo","Guázuma","Corozo Abajo"
"Higuamo","Monte Plata","Peralvillo","Guázuma","Corozo Arriba"
"Higuamo","Monte Plata","Peralvillo","Guázuma","El Carmen"
"Higuamo","Monte Plata","Peralvillo","Guázuma","El Higo"
"Higuamo","Monte Plata","Peralvillo","Guázuma","Hoya Fresca"
"Higuamo","Monte Plata","Peralvillo","Guázuma","Jiminillo"
"Higuamo","Monte Plata","Peralvillo","Guázuma","La Guardia Abajo"
"Higuamo","Monte Plata","Peralvillo","Guázuma","La Guardia Arriba"
"Higuamo","Monte Plata","Peralvillo","Guázuma","La Guázuma"
"Higuamo","Monte Plata","Peralvillo","Guázuma","La Laguna"
"Higuamo","Monte Plata","Peralvillo","Guázuma","Los Coquitos"
"Higuamo","Monte Plata","Peralvillo","Guázuma","Manao Pilón"
"Higuamo","Monte Plata","Peralvillo","Guázuma","Mateo Pico"
"Higuamo","Monte Plata","Peralvillo","Guázuma","Pekín"
"Higuamo","Monte Plata","Peralvillo","Cuaba","Barrio La 42"
"Higuamo","Monte Plata","Peralvillo","Cuaba","Cuancita"
"Higuamo","Monte Plata","Peralvillo","Cuaba","Cuarce (Cuance)"
"Higuamo","Monte Plata","Peralvillo","Cuaba","El Callejón"
"Higuamo","Monte Plata","Peralvillo","Cuaba","El Pico"
"Higuamo","Monte Plata","Peralvillo","Cuaba","El Play"
"Higuamo","Monte Plata","Peralvillo","Cuaba","La Cuaba Abajo"
"Higuamo","Monte Plata","Peralvillo","Cuaba","La Cuaba Arriba"
"Higuamo","Monte Plata","Peralvillo","Cuaba","La Ensenada"
"Higuamo","Monte Plata","Peralvillo","Cuaba","La Horqueta"
"Higuamo","Monte Plata","Peralvillo","Cuaba","La Recta"
"Higuamo","Monte Plata","Peralvillo","Cuaba","La Travesía"
"Higuamo","Monte Plata","Peralvillo","Cuaba","Lambedera"
"Higuamo","Monte Plata","Peralvillo","Cuaba","Los Guayabos"
"Higuamo","Monte Plata","Peralvillo","Cuaba","Los Hojanchos"
"Higuamo","Monte Plata","Peralvillo","Cuaba","Mata de Plátano"
"Higuamo","Monte Plata","Peralvillo","Cuaba","Santa Lucía"
"Higuamo","Monte Plata","Peralvillo","Cuaba","Serrallés"
"Higuamo","Monte Plata","Peralvillo","Cuaba","Serrallés Adentro"
"Higuamo","Monte Plata","Peralvillo","Centro Penzo","Arroyo Grande"
"Higuamo","Monte Plata","Peralvillo","Centro Penzo","Bejuco Colorado"
"Higuamo","Monte Plata","Peralvillo","Centro Penzo","Bernardino"
"Higuamo","Monte Plata","Peralvillo","Centro Penzo","Centro Penzo"
"Higuamo","Monte Plata","Peralvillo","Centro Penzo","El Calvario"
"Higuamo","Monte Plata","Peralvillo","Centro Penzo","El Mate"
"Higuamo","Monte Plata","Peralvillo","Centro Penzo","El Memiso"
"Higuamo","Monte Plata","Peralvillo","Centro Penzo","Jorungo"
"Higuamo","Monte Plata","Peralvillo","Centro Penzo","La Bruja"
"Higuamo","Monte Plata","Peralvillo","Centro Penzo","La Jagüita"
"Higuamo","Monte Plata","Peralvillo","Centro Penzo","Los Morones"
"Higuamo","Monte Plata","Peralvillo","Centro Penzo","Macumas"
"Higuamo","Monte Plata","Peralvillo","La Placeta","Camarón"
"Higuamo","Monte Plata","Peralvillo","La Placeta","El Café"
"Higuamo","Monte Plata","Peralvillo","La Placeta","El Cantón"
"Higuamo","Monte Plata","Peralvillo","La Placeta","El Capá"
"Higuamo","Monte Plata","Peralvillo","La Placeta","El Manguito"
"Higuamo","Monte Plata","Peralvillo","La Placeta","El Naranjo"
"Higuamo","Monte Plata","Peralvillo","La Placeta","Juana Cotes"
"Higuamo","Monte Plata","Peralvillo","La Placeta","La Peguera"
"Higuamo","Monte Plata","Peralvillo","La Placeta","Los Arroyos"
"Higuamo","Monte Plata","Peralvillo","La Placeta","Tierra Mala"
"Higuamo","Monte Plata","Sabana Grande de Boyá","Sabana Grande de Boyá","Brisas del Este"
"Higuamo","Monte Plata","Sabana Grande de Boyá","Sabana Grande de Boyá","Centro del Pueblo"
"Higuamo","Monte Plata","Sabana Grande de Boyá","Sabana Grande de Boyá","El 15"
"Higuamo","Monte Plata","Sabana Grande de Boyá","Sabana Grande de Boyá","El Anillo o El Brisal"
"Higuamo","Monte Plata","Sabana Grande de Boyá","Sabana Grande de Boyá","El Cementerio o La Milagrosa"
"Higuamo","Monte Plata","Sabana Grande de Boyá","Sabana Grande de Boyá","El Deportivo"
"Higuamo","Monte Plata","Sabana Grande de Boyá","Sabana Grande de Boyá","El Matadero"
"Higuamo","Monte Plata","Sabana Grande de Boyá","Sabana Grande de Boyá","El Quilombo"
"Higuamo","Monte Plata","Sabana Grande de Boyá","Sabana Grande de Boyá","La Chamuscada"
"Higuamo","Monte Plata","Sabana Grande de Boyá","Sabana Grande de Boyá","La Emisora"
"Higuamo","Monte Plata","Sabana Grande de Boyá","Sabana Grande de Boyá","La Escuela o Ensanche Escolar"
"Higuamo","Monte Plata","Sabana Grande de Boyá","Sabana Grande de Boyá","La Gallera"
"Higuamo","Monte Plata","Sabana Grande de Boyá","Sabana Grande de Boyá","Las Cañitas"
"Higuamo","Monte Plata","Sabana Grande de Boyá","Sabana Grande de Boyá","Las Flores"
"Higuamo","Monte Plata","Sabana Grande de Boyá","Sabana Grande de Boyá","Las Mercedes"
"Higuamo","Monte Plata","Sabana Grande de Boyá","Sabana Grande de Boyá","Los Guandules"
"Higuamo","Monte Plata","Sabana Grande de Boyá","Sabana Grande de Boyá","Play Viejo o Tercera Base"
"Higuamo","Monte Plata","Sabana Grande de Boyá","Sabana Grande de Boyá","Pueblo Nuevo"
"Higuamo","Monte Plata","Sabana Grande de Boyá","Sabana Grande de Boyá","Residencial Arcoiris"
"Higuamo","Monte Plata","Sabana Grande de Boyá","Cabeza de Toro","Amaceyes"
"Higuamo","Monte Plata","Sabana Grande de Boyá","Cabeza de Toro","Batey Galeno o Galiano"
"Higuamo","Monte Plata","Sabana Grande de Boyá","Cabeza de Toro","Batey Sabana Larga"
"Higuamo","Monte Plata","Sabana Grande de Boyá","Cabeza de Toro","Cabeza de Toro"
"Higuamo","Monte Plata","Sabana Grande de Boyá","Cabeza de Toro","Cilindrón"
"Higuamo","Monte Plata","Sabana Grande de Boyá","Cabeza de Toro","El Cercado"
"Higuamo","Monte Plata","Sabana Grande de Boyá","Cabeza de Toro","El Lial"
"Higuamo","Monte Plata","Sabana Grande de Boyá","Cabeza de Toro","El Plan"
"Higuamo","Monte Plata","Sabana Grande de Boyá","Cabeza de Toro","El Puente"
"Higuamo","Monte Plata","Sabana Grande de Boyá","Cabeza de Toro","La Nuez"
"Higuamo","Monte Plata","Sabana Grande de Boyá","Cabeza de Toro","La Vigía"
"Higuamo","Monte Plata","Sabana Grande de Boyá","Cabeza de Toro","Los Aguacates"
"Higuamo","Monte Plata","Sabana Grande de Boyá","Cabeza de Toro","Los Hoyos del Hara"
"Higuamo","Monte Plata","Sabana Grande de Boyá","Cabeza de Toro","Los Pomos"
"Higuamo","Monte Plata","Sabana Grande de Boyá","Cabeza de Toro","Lovatón"
"Higuamo","Monte Plata","Sabana Grande de Boyá","Cabeza de Toro","Maluco"
"Higuamo","Monte Plata","Sabana Grande de Boyá","Cabeza de Toro","Mataseco"
"Higuamo","Monte Plata","Sabana Grande de Boyá","Cabeza de Toro","Sabana Larga de Cojobal"
"Higuamo","Monte Plata","Sabana Grande de Boyá","Juan Sánchez","Batey Altagracia"
"Higuamo","Monte Plata","Sabana Grande de Boyá","Juan Sánchez","Batey Ara"
"Higuamo","Monte Plata","Sabana Grande de Boyá","Juan Sánchez","Batey Aserradero"
"Higuamo","Monte Plata","Sabana Grande de Boyá","Juan Sánchez","Batey Cojobal"
"Higuamo","Monte Plata","Sabana Grande de Boyá","Juan Sánchez","Batey El Triple"
"Higuamo","Monte Plata","Sabana Grande de Boyá","Juan Sánchez","Batey Enriquillo"
"Higuamo","Monte Plata","Sabana Grande de Boyá","Juan Sánchez","Batey Juan Sánchez"
"Higuamo","Monte Plata","Sabana Grande de Boyá","Juan Sánchez","Batey Las Charcas"
"Higuamo","Monte Plata","Sabana Grande de Boyá","Juan Sánchez","Batey Piraco"
"Higuamo","Monte Plata","Sabana Grande de Boyá","Juan Sánchez","Batey Zapote"
"Higuamo","Monte Plata","Sabana Grande de Boyá","Juan Sánchez","La Savita"
"Higuamo","Monte Plata","Sabana Grande de Boyá","Juan Sánchez","Los Corrales del CEA"
"Higuamo","Monte Plata","Sabana Grande de Boyá","Payabo","Batey Luna"
"Higuamo","Monte Plata","Sabana Grande de Boyá","Payabo","Buena Vista"
"Higuamo","Monte Plata","Sabana Grande de Boyá","Payabo","Comadreja"
"Higuamo","Monte Plata","Sabana Grande de Boyá","Payabo","Esperanza"
"Higuamo","Monte Plata","Sabana Grande de Boyá","Payabo","Hato San Pedro"
"Higuamo","Monte Plata","Sabana Grande de Boyá","Payabo","La Chamuscada"
"Higuamo","Monte Plata","Sabana Grande de Boyá","Payabo","Los Guineos"
"Higuamo","Monte Plata","Sabana Grande de Boyá","Payabo","Nuevo Ambiente"
"Higuamo","Monte Plata","Sabana Grande de Boyá","Payabo","Palmar Viejo"
"Higuamo","Monte Plata","Sabana Grande de Boyá","Payabo","Rincón Claro"
"Higuamo","Monte Plata","Sabana Grande de Boyá","Payabo","San Antonio"
"Higuamo","Monte Plata","Sabana Grande de Boyá","Payabo","Santa Rosa"
"Higuamo","Monte Plata","Sabana Grande de Boyá","Gonzalo","Centro del Pueblo"
"Higuamo","Monte Plata","Sabana Grande de Boyá","Gonzalo","El Play"
"Higuamo","Monte Plata","Sabana Grande de Boyá","Gonzalo","Los Cachimbos"
"Higuamo","Monte Plata","Sabana Grande de Boyá","Gonzalo","Ramón Rosa"
"Higuamo","Monte Plata","Sabana Grande de Boyá","Gonzalo","Verde"
"Higuamo","Monte Plata","Sabana Grande de Boyá","Los Limones","El Congo"
"Higuamo","Monte Plata","Sabana Grande de Boyá","Los Limones","La Cueva"
"Higuamo","Monte Plata","Sabana Grande de Boyá","Los Limones","La Entrada de Las Cabirmas"
"Higuamo","Monte Plata","Sabana Grande de Boyá","Los Limones","La Sierra (Alto de Las Flores)"
"Higuamo","Monte Plata","Sabana Grande de Boyá","Los Limones","Lambedera"
"Higuamo","Monte Plata","Sabana Grande de Boyá","Los Limones","Las Cabirmas"
"Higuamo","Monte Plata","Sabana Grande de Boyá","Los Limones","Las Cacatas"
"Higuamo","Monte Plata","Sabana Grande de Boyá","Los Limones","Los Arroyitos"
"Higuamo","Monte Plata","Sabana Grande de Boyá","Los Limones","Los Balataces"
"Higuamo","Monte Plata","Sabana Grande de Boyá","Los Limones","Los Haitises"
"Higuamo","Monte Plata","Sabana Grande de Boyá","Los Limones","Los Limones"
"Higuamo","Monte Plata","Sabana Grande de Boyá","Los Limones","Mata de Limón (Vamos Entrando)"
"Higuamo","Monte Plata","Sabana Grande de Boyá","Los Limones","Palo de Coa"
"Higuamo","Monte Plata","Sabana Grande de Boyá","Los Limones","Yayal"
"Higuamo","Monte Plata","Sabana Grande de Boyá","Batey La Tarana","Batey La Tarana"
"Higuamo","Monte Plata","Sabana Grande de Boyá","Batey La Tarana","Batey Los Arroyos"
"Higuamo","Monte Plata","Sabana Grande de Boyá","Batey La Tarana","Gonzalo"
"Higuamo","Monte Plata","Sabana Grande de Boyá","Batey La Tarana","La Tala de Sánchez"
"Higuamo","Monte Plata","Sabana Grande de Boyá","Batey La Tarana","Monte Claro"
"Higuamo","Monte Plata","Sabana Grande de Boyá","Batey Sabana Larga","Batey Carmona"
"Higuamo","Monte Plata","Sabana Grande de Boyá","Batey Sabana Larga","Batey Mejía"
"Higuamo","Monte Plata","Sabana Grande de Boyá","Batey Sabana Larga","Batey Nuevo"
"Higuamo","Monte Plata","Sabana Grande de Boyá","Batey Sabana Larga","Batey Sabana Larga de Gonzalo"
"Higuamo","Monte Plata","Sabana Grande de Boyá","Batey Sabana Larga","Batey Vara de Capá"
"Higuamo","Monte Plata","Sabana Grande de Boyá","Batey Sabana Larga","Ceiba de la Pocilga"
"Higuamo","Monte Plata","Sabana Grande de Boyá","Batey Sabana Larga","La Construcción"
"Higuamo","Monte Plata","Sabana Grande de Boyá","Batey Sabana Larga","La Manigüita"
"Higuamo","Monte Plata","Sabana Grande de Boyá","Batey Sabana Larga","La Ozúa"
"Higuamo","Monte Plata","Sabana Grande de Boyá","Batey Sabana Larga","Laguna Colorada"
"Higuamo","Monte Plata","Sabana Grande de Boyá","Batey Sabana Larga","Los Naranjos"
"Higuamo","Monte Plata","Sabana Grande de Boyá","Batey Sabana Larga","Sabana Grande de Boyá (Hoyo de Puta)"
"Higuamo","Monte Plata","Sabana Grande de Boyá","Majagual","Balsa Mala"
"Higuamo","Monte Plata","Sabana Grande de Boyá","Majagual","Centro del Pueblo"
"Higuamo","Monte Plata","Sabana Grande de Boyá","Majagual","El Play"
"Higuamo","Monte Plata","Sabana Grande de Boyá","Majagual","La Gallera"
"Higuamo","Monte Plata","Sabana Grande de Boyá","Majagual","La Laguna"
"Higuamo","Monte Plata","Sabana Grande de Boyá","Majagual","Mono Mojao"
"Higuamo","Monte Plata","Sabana Grande de Boyá","Majagual","Rincón Solo"
"Higuamo","Monte Plata","Sabana Grande de Boyá","Majagual","San José"
"Higuamo","Monte Plata","Sabana Grande de Boyá","Francisquito","Francisquito Abajo"
"Higuamo","Monte Plata","Sabana Grande de Boyá","Francisquito","Francisquito Arriba"
"Higuamo","Monte Plata","Sabana Grande de Boyá","Francisquito","Palacio"
"Higuamo","Monte Plata","Sabana Grande de Boyá","Francisquito","Piedra del Grillo o Grillo"
"Higuamo","Monte Plata","Sabana Grande de Boyá","La China","Bañadero"
"Higuamo","Monte Plata","Sabana Grande de Boyá","La China","Batey Nuevo"
"Higuamo","Monte Plata","Sabana Grande de Boyá","La China","El Barrio"
"Higuamo","Monte Plata","Sabana Grande de Boyá","La China","El Cedro"
"Higuamo","Monte Plata","Sabana Grande de Boyá","La China","El Manguito"
"Higuamo","Monte Plata","Sabana Grande de Boyá","La China","Higüerito"
"Higuamo","Monte Plata","Sabana Grande de Boyá","La China","La China"
"Higuamo","Monte Plata","Sabana Grande de Boyá","La China","La Selva"
"Higuamo","Monte Plata","Sabana Grande de Boyá","La China","Vietnam"
"Higuamo","Monte Plata","Sabana Grande de Boyá","Los Mapolos","Arroyito"
"Higuamo","Monte Plata","Sabana Grande de Boyá","Los Mapolos","El 42 de Los Mapolos"
"Higuamo","Monte Plata","Sabana Grande de Boyá","Los Mapolos","El Cedrito"
"Higuamo","Monte Plata","Sabana Grande de Boyá","Los Mapolos","La Cerca"
"Higuamo","Monte Plata","Sabana Grande de Boyá","Los Mapolos","La Resbalosa"
"Higuamo","Monte Plata","Sabana Grande de Boyá","Los Mapolos","Los Cuacos"
"Higuamo","Monte Plata","Sabana Grande de Boyá","Los Mapolos","Los Malangos"
"Higuamo","Monte Plata","Sabana Grande de Boyá","Los Mapolos","Manaclar"
"Higuamo","Monte Plata","Sabana Grande de Boyá","Los Mapolos","Mapolo Abajo"
"Higuamo","Monte Plata","Sabana Grande de Boyá","Los Mapolos","Mapolo Arriba"
"Higuamo","Monte Plata","Sabana Grande de Boyá","Los Mapolos","Ojo de Agua"
"Higuamo","Monte Plata","Sabana Grande de Boyá","Los Mapolos","Tala de Sánchez"
"Higuamo","Monte Plata","Yamasá","Yamasá","Canta Maco"
"Higuamo","Monte Plata","Yamasá","Yamasá","Cercadillo"
"Higuamo","Monte Plata","Yamasá","Yamasá","Cigüelillo"
"Higuamo","Monte Plata","Yamasá","Yamasá","El INVI"
"Higuamo","Monte Plata","Yamasá","Yamasá","El Mulo"
"Higuamo","Monte Plata","Yamasá","Yamasá","El Nuevo Camino o Los Come Solos"
"Higuamo","Monte Plata","Yamasá","Yamasá","Juan Pablo Duarte"
"Higuamo","Monte Plata","Yamasá","Yamasá","La Colorada"
"Higuamo","Monte Plata","Yamasá","Yamasá","La Gallera"
"Higuamo","Monte Plata","Yamasá","Yamasá","La Planta"
"Higuamo","Monte Plata","Yamasá","Yamasá","Las Flores"
"Higuamo","Monte Plata","Yamasá","Yamasá","Los Almendros"
"Higuamo","Monte Plata","Yamasá","Yamasá","Nuevos Horizontes"
"Higuamo","Monte Plata","Yamasá","Yamasá","Rincón"
"Higuamo","Monte Plata","Yamasá","La Jina","Arroyo Majagua"
"Higuamo","Monte Plata","Yamasá","La Jina","Arroyo Rancho"
"Higuamo","Monte Plata","Yamasá","La Jina","Camarón de Los Guineos"
"Higuamo","Monte Plata","Yamasá","La Jina","Cansa Mancebo"
"Higuamo","Monte Plata","Yamasá","La Jina","Cruce de Río Verde"
"Higuamo","Monte Plata","Yamasá","La Jina","Cuance"
"Higuamo","Monte Plata","Yamasá","La Jina","El Avión"
"Higuamo","Monte Plata","Yamasá","La Jina","El Cinco"
"Higuamo","Monte Plata","Yamasá","La Jina","El Llano"
"Higuamo","Monte Plata","Yamasá","La Jina","El Siete"
"Higuamo","Monte Plata","Yamasá","La Jina","El Veinte"
"Higuamo","Monte Plata","Yamasá","La Jina","La Cuchilla"
"Higuamo","Monte Plata","Yamasá","La Jina","La Gina"
"Higuamo","Monte Plata","Yamasá","La Jina","La Jabilla"
"Higuamo","Monte Plata","Yamasá","La Jina","Los Guineos"
"Higuamo","Monte Plata","Yamasá","La Jina","Ozama Arriba"
"Higuamo","Monte Plata","Yamasá","La Jina","Palo Bonito"
"Higuamo","Monte Plata","Yamasá","La Jina","Pepe Pérez"
"Higuamo","Monte Plata","Yamasá","La Jina","Piedra Azul"
"Higuamo","Monte Plata","Yamasá","La Jina","Piedrosito (Pedrosito)"
"Higuamo","Monte Plata","Yamasá","La Jina","Piedroso (Pedroso)"
"Higuamo","Monte Plata","Yamasá","Los Jobillos","Batey Antonci"
"Higuamo","Monte Plata","Yamasá","Los Jobillos","Batey El Caño"
"Higuamo","Monte Plata","Yamasá","Los Jobillos","Batey Guazumita"
"Higuamo","Monte Plata","Yamasá","Los Jobillos","Batey Los Jobillos"
"Higuamo","Monte Plata","Yamasá","Los Jobillos","Batey Nuevo"
"Higuamo","Monte Plata","Yamasá","Los Jobillos","Cuesta del Jobo"
"Higuamo","Monte Plata","Yamasá","Los Jobillos","Junquito"
"Higuamo","Monte Plata","Yamasá","Los Jobillos","La Ceja (Batey La Maya)"
"Higuamo","Monte Plata","Yamasá","Los Jobillos","La Felícita"
"Higuamo","Monte Plata","Yamasá","Los Jobillos","La Mina"
"Higuamo","Monte Plata","Yamasá","Los Jobillos","La Pared"
"Higuamo","Monte Plata","Yamasá","Los Jobillos","La Vigía (Cajareque)"
"Higuamo","Monte Plata","Yamasá","Los Jobillos","Los Jobillos"
"Higuamo","Monte Plata","Yamasá","Pantoa","Dajao"
"Higuamo","Monte Plata","Yamasá","Pantoa","El Caimito"
"Higuamo","Monte Plata","Yamasá","Pantoa","El Lobo"
"Higuamo","Monte Plata","Yamasá","Pantoa","El Mogote"
"Higuamo","Monte Plata","Yamasá","Pantoa","La Blanca"
"Higuamo","Monte Plata","Yamasá","Pantoa","La Gorreta"
"Higuamo","Monte Plata","Yamasá","Pantoa","La Patilla"
"Higuamo","Monte Plata","Yamasá","Pantoa","Los Almendros"
"Higuamo","Monte Plata","Yamasá","San Antonio","Jagua Abajo"
"Higuamo","Monte Plata","Yamasá","San Antonio","La Cuaba"
"Higuamo","Monte Plata","Yamasá","San Antonio","La Joya"
"Higuamo","Monte Plata","Yamasá","San Antonio","La Lambedera"
"Higuamo","Monte Plata","Yamasá","San Antonio","La Parcela"
"Higuamo","Monte Plata","Yamasá","San Antonio","Loma de Marcelo"
"Higuamo","Monte Plata","Yamasá","San Antonio","Los Algarrobos"
"Higuamo","Monte Plata","Yamasá","San Antonio","Los Bañaderos"
"Higuamo","Monte Plata","Yamasá","San Antonio","Los Mosquitos"
"Higuamo","Monte Plata","Yamasá","San Antonio","Mayiga Arriba"
"Higuamo","Monte Plata","Yamasá","San Antonio","Morey"
"Higuamo","Monte Plata","Yamasá","San Antonio","Pantoita"
"Higuamo","Monte Plata","Yamasá","San Antonio","San Antonio"
"Higuamo","Monte Plata","Yamasá","San Antonio","Zayas (El Veinte)"
"Higuamo","Monte Plata","Yamasá","Los Botados","La Jabilla"
"Higuamo","Monte Plata","Yamasá","Los Botados","La Palmita Abajo"
"Higuamo","Monte Plata","Yamasá","Los Botados","La Palmita Arriba"
"Higuamo","Monte Plata","Yamasá","Los Botados","Los Botados"
"Higuamo","Monte Plata","Yamasá","Los Botados","Los Solares o La Caña"
"Higuamo","Monte Plata","Yamasá","Los Botados","Pueblo Nuevo"
"Higuamo","Monte Plata","Yamasá","Los Botados","Resolí"
"Higuamo","Monte Plata","Yamasá","Camarón","Camarón"
"Higuamo","Monte Plata","Yamasá","Camarón","El Palmarito"
"Higuamo","Monte Plata","Yamasá","Camarón","La Sabana"
"Higuamo","Monte Plata","Yamasá","Camarón","Loma al Medio"
"Higuamo","Monte Plata","Yamasá","Camarón","Los Arroyos"
"Higuamo","Monte Plata","Yamasá","Camarón","Los Asientos"
"Higuamo","Monte Plata","Yamasá","La Cola","El Cercado"
"Higuamo","Monte Plata","Yamasá","La Cola","El Jengibre"
"Higuamo","Monte Plata","Yamasá","La Cola","El Tablón"
"Higuamo","Monte Plata","Yamasá","La Cola","La Cola"
"Higuamo","Monte Plata","Yamasá","La Cola","La Manacla"
"Higuamo","Monte Plata","Yamasá","La Cola","La Salsa o La Zarza"
"Higuamo","Monte Plata","Yamasá","La Maya","Batey Las Mayitas"
"Higuamo","Monte Plata","Yamasá","La Maya","Batey Yagua"
"Higuamo","Monte Plata","Yamasá","La Maya","La Maya"
"Higuamo","Monte Plata","Yamasá","La Maya","La Piña"
"Higuamo","Monte Plata","Yamasá","La Maya","Los Callejones"
"Higuamo","Monte Plata","Yamasá","Reparadero","Batey Seco"
"Higuamo","Monte Plata","Yamasá","Reparadero","El 35"
"Higuamo","Monte Plata","Yamasá","Reparadero","Hoja Ancha"
"Higuamo","Monte Plata","Yamasá","Reparadero","Hormiguero"
"Higuamo","Monte Plata","Yamasá","Reparadero","La Lomita o Meléndez"
"Higuamo","Monte Plata","Yamasá","Reparadero","Los Caños"
"Higuamo","Monte Plata","Yamasá","Reparadero","Palo Seco"
"Higuamo","Monte Plata","Yamasá","Reparadero","Reparadero"
"Higuamo","Monte Plata","Yamasá","La Yautía","La Loma"
"Higuamo","Monte Plata","Yamasá","La Yautía","La Yautía"
"Higuamo","Monte Plata","Yamasá","Sabana Grande","El Proyecto"
"Higuamo","Monte Plata","Yamasá","Sabana Grande","Gualey"
"Higuamo","Monte Plata","Yamasá","Sabana Grande","Mamá Tingo"
"Higuamo","Monte Plata","Yamasá","Sabana Grande","Valle Encantado"
"Higuamo","Monte Plata","Yamasá","El Ranchito","Boca de Máyiga"
"Higuamo","Monte Plata","Yamasá","El Ranchito","El Ranchito"
"Higuamo","Monte Plata","Yamasá","El Ranchito","Loma Regina"
"Higuamo","Monte Plata","Yamasá","El Ranchito","Sabana Novillo"
"Higuamo","Monte Plata","Yamasá","El Ranchito","Sabana Piedra"
"Higuamo","Monte Plata","Yamasá","El Ranchito","Sabana Potrero"
"Higuamo","Monte Plata","Yamasá","Consuelo","Consuelo"
"Higuamo","Monte Plata","Yamasá","Consuelo","El Naranjo"
"Higuamo","Monte Plata","Yamasá","Consuelo","El Placer"
"Higuamo","Monte Plata","Yamasá","Consuelo","El Zapote"
"Higuamo","Monte Plata","Yamasá","Consuelo","Jagua Mocha (El Muñeco)"
"Higuamo","Monte Plata","Yamasá","Consuelo","La Cuchilla"
"Higuamo","Monte Plata","Yamasá","Consuelo","La Jagüita"
"Higuamo","Monte Plata","Yamasá","Consuelo","Maimón"
"Higuamo","Monte Plata","Yamasá","Consuelo","Piedra Grande"
"Higuamo","Monte Plata","Yamasá","Río Arriba","Arroyo Indio"
"Higuamo","Monte Plata","Yamasá","Río Arriba","Colorado"
"Higuamo","Monte Plata","Yamasá","Río Arriba","El Capá"
"Higuamo","Monte Plata","Yamasá","Río Arriba","El Chácaro"
"Higuamo","Monte Plata","Yamasá","Río Arriba","Guanumita"
"Higuamo","Monte Plata","Yamasá","Río Arriba","La Cuneta"
"Higuamo","Monte Plata","Yamasá","Río Arriba","Río Arriba"
"Higuamo","Monte Plata","Yamasá","Sabana Grande","La Mata Cimarrona"
"Higuamo","Monte Plata","Yamasá","Sabana Grande","La Penca"
"Higuamo","Monte Plata","Yamasá","Sabana Grande","Monte Recio"
"Higuamo","Monte Plata","Yamasá","Sabana Grande","Sabana Grande"
"Higuamo","Monte Plata","Yamasá","Sabana Grande","Sabanita al Medio"
"Higuamo","Monte Plata","Yamasá","La Estancia","La Estancia"
"Higuamo","Monte Plata","Yamasá","La Estancia","La Majagua"
"Higuamo","Monte Plata","Yamasá","La Estancia","Ledesma"
"Higuamo","Monte Plata","Yamasá","La Estancia","Loma Cambelén"
"Higuamo","Monte Plata","Yamasá","La Estancia","Los Angelitos"
"Higuamo","Monte Plata","Yamasá","La Estancia","Los Lanos"
"Higuamo","Monte Plata","Yamasá","La Estancia","Los Núñez"
"Higuamo","Monte Plata","Yamasá","La Estancia","Mirador"
"Higuamo","Monte Plata","Yamasá","Hato Viejo","Palo Prieto"
"Higuamo","San Pedro de Macorís","Consuelo","Consuelo","Central"
"Higuamo","San Pedro de Macorís","Consuelo","Consuelo","El Cachipero o Villa Progreso"
"Higuamo","San Pedro de Macorís","Consuelo","Consuelo","El INVI"
"Higuamo","San Pedro de Macorís","Consuelo","Consuelo","El Quilombo"
"Higuamo","San Pedro de Macorís","Consuelo","Consuelo","Enriquillo"
"Higuamo","San Pedro de Macorís","Consuelo","Consuelo","Guachupita"
"Higuamo","San Pedro de Macorís","Consuelo","Consuelo","Habitacional Consuelo (George)"
"Higuamo","San Pedro de Macorís","Consuelo","Consuelo","Hato Mayor"
"Higuamo","San Pedro de Macorís","Consuelo","Consuelo","La Aviación"
"Higuamo","San Pedro de Macorís","Consuelo","Consuelo","La Carretera"
"Higuamo","San Pedro de Macorís","Consuelo","Consuelo","La Gallera"
"Higuamo","San Pedro de Macorís","Consuelo","Consuelo","La Guamita"
"Higuamo","San Pedro de Macorís","Consuelo","Consuelo","La Habana"
"Higuamo","San Pedro de Macorís","Consuelo","Consuelo","La Loma"
"Higuamo","San Pedro de Macorís","Consuelo","Consuelo","La Mina"
"Higuamo","San Pedro de Macorís","Consuelo","Consuelo","Las Palmas"
"Higuamo","San Pedro de Macorís","Consuelo","Consuelo","Libertad"
"Higuamo","San Pedro de Macorís","Consuelo","Consuelo","Los Jardines"
"Higuamo","San Pedro de Macorís","Consuelo","Consuelo","Los Químicos"
"Higuamo","San Pedro de Macorís","Consuelo","Consuelo","Los Vecinos"
"Higuamo","San Pedro de Macorís","Consuelo","Consuelo","Pueblo Nuevo"
"Higuamo","San Pedro de Macorís","Consuelo","Consuelo","Puerto Príncipe"
"Higuamo","San Pedro de Macorís","Consuelo","Consuelo","Puerto Rico"
"Higuamo","San Pedro de Macorís","Consuelo","Consuelo","Santa Ana"
"Higuamo","San Pedro de Macorís","Consuelo","Consuelo","Urbanización Maestro II"
"Higuamo","San Pedro de Macorís","Consuelo","Consuelo","Urbanización Sueño Real"
"Higuamo","San Pedro de Macorís","Consuelo","Consuelo","Villa Verde"
"Higuamo","San Pedro de Macorís","Consuelo","Alejandro Bass","Batey Ab-4"
"Higuamo","San Pedro de Macorís","Consuelo","Alejandro Bass","Batey Alejandro Bass"
"Higuamo","San Pedro de Macorís","Consuelo","Alejandro Bass","Batey Amelia"
"Higuamo","San Pedro de Macorís","Consuelo","Alejandro Bass","Batey Catorce (Batey Ceila)"
"Higuamo","San Pedro de Macorís","Consuelo","Alejandro Bass","Batey Doña Lila"
"Higuamo","San Pedro de Macorís","Consuelo","Alejandro Bass","Batey Euskarduna"
"Higuamo","San Pedro de Macorís","Consuelo","Alejandro Bass","Batey Felipa"
"Higuamo","San Pedro de Macorís","Consuelo","Alejandro Bass","Batey Margarita"
"Higuamo","San Pedro de Macorís","Consuelo","Alejandro Bass","Batey Santo Ángel"
"Higuamo","San Pedro de Macorís","Consuelo","Alejandro Bass","Batey Vasca"
"Higuamo","San Pedro de Macorís","Consuelo","Alejandro Bass","El Bembe"
"Higuamo","San Pedro de Macorís","Consuelo","Alejandro Bass","Hicotea o Los Cocos"
"Higuamo","San Pedro de Macorís","Consuelo","Alejandro Bass","La Grúa"
"Higuamo","San Pedro de Macorís","Consuelo","Alejandro Bass","Los Higos"
"Higuamo","San Pedro de Macorís","Consuelo","Alejandro Bass","San Felipe"
"Higuamo","San Pedro de Macorís","Consuelo","Las Callas","Arroyo Seco"
"Higuamo","San Pedro de Macorís","Consuelo","Las Callas","Batey Consuelito"
"Higuamo","San Pedro de Macorís","Consuelo","Las Callas","Batey Don Juan"
"Higuamo","San Pedro de Macorís","Consuelo","Las Callas","Batey Experimental"
"Higuamo","San Pedro de Macorís","Consuelo","Las Callas","Batey San Luis"
"Higuamo","San Pedro de Macorís","Consuelo","Las Callas","Batey Victoria"
"Higuamo","San Pedro de Macorís","Consuelo","Las Callas","Cañada del Negro"
"Higuamo","San Pedro de Macorís","Consuelo","Las Callas","El Block"
"Higuamo","San Pedro de Macorís","Consuelo","Las Callas","Las Callas"
"Higuamo","San Pedro de Macorís","Consuelo","Las Callas","Los Chicharrones"
"Higuamo","San Pedro de Macorís","Consuelo","Las Callas","Los Platanitos"
"Higuamo","San Pedro de Macorís","Consuelo","Las Callas","Rochona"
"Higuamo","San Pedro de Macorís","Guayacanes","Guayacanes","Guayacanes"
"Higuamo","San Pedro de Macorís","Guayacanes","El Conuco","Banco de Arena"
"Higuamo","San Pedro de Macorís","Guayacanes","El Conuco","Batey 5"
"Higuamo","San Pedro de Macorís","Guayacanes","El Conuco","Batey La Fe"
"Higuamo","San Pedro de Macorís","Guayacanes","El Conuco","Cruce de Cayacoa"
"Higuamo","San Pedro de Macorís","Guayacanes","El Conuco","El Callito o El Caimito"
"Higuamo","San Pedro de Macorís","Guayacanes","El Conuco","El Conuco"
"Higuamo","San Pedro de Macorís","Guayacanes","El Conuco","El Higüero"
"Higuamo","San Pedro de Macorís","Guayacanes","El Conuco","Juan Dolio"
"Higuamo","San Pedro de Macorís","Guayacanes","El Conuco","La Habitación"
"Higuamo","San Pedro de Macorís","Guayacanes","El Conuco","La Tumba"
"Higuamo","San Pedro de Macorís","Guayacanes","El Conuco","Villa del Mar"
"Higuamo","San Pedro de Macorís","Guayacanes","La Punta","Batey Dos"
"Higuamo","San Pedro de Macorís","Guayacanes","La Punta","Honduras"
"Higuamo","San Pedro de Macorís","Guayacanes","La Punta","Hoyo del Toro"
"Higuamo","San Pedro de Macorís","Guayacanes","La Punta","Las Cabuyas"
"Higuamo","San Pedro de Macorís","Guayacanes","La Punta","Los Solares (Ant. Juan Pedro)"
"Higuamo","San Pedro de Macorís","Guayacanes","La Punta","Los Solares I (Ant. Juan Eugenio-La Jaja)"
"Higuamo","San Pedro de Macorís","Los Llanos","San José de Los Llanos","Centro del Pueblo"
"Higuamo","San Pedro de Macorís","Los Llanos","San José de Los Llanos","El Conde"
"Higuamo","San Pedro de Macorís","Los Llanos","San José de Los Llanos","La Guázara"
"Higuamo","San Pedro de Macorís","Los Llanos","San José de Los Llanos","La Palma"
"Higuamo","San Pedro de Macorís","Los Llanos","San José de Los Llanos","Los Cocos"
"Higuamo","San Pedro de Macorís","Los Llanos","San José de Los Llanos","Los Multi"
"Higuamo","San Pedro de Macorís","Los Llanos","San José de Los Llanos","Rumbamba"
"Higuamo","San Pedro de Macorís","Los Llanos","San José de Los Llanos","Villa Maco"
"Higuamo","San Pedro de Macorís","Los Llanos","Cayacoa","Batey Cayacoíta"
"Higuamo","San Pedro de Macorís","Los Llanos","Cayacoa","Batey Cayacoíta"
"Higuamo","San Pedro de Macorís","Los Llanos","Cayacoa","Batey El Blanco"
"Higuamo","San Pedro de Macorís","Los Llanos","Cayacoa","Batey La Mulita"
"Higuamo","San Pedro de Macorís","Los Llanos","Cayacoa","Cayacoa o Nuevo Cayacoa"
"Higuamo","San Pedro de Macorís","Los Llanos","Cayacoa","El Bronce"
"Higuamo","San Pedro de Macorís","Los Llanos","Cayacoa","El Corozo"
"Higuamo","San Pedro de Macorís","Los Llanos","Cayacoa","El Magantillo"
"Higuamo","San Pedro de Macorís","Los Llanos","Cayacoa","El Tintero"
"Higuamo","San Pedro de Macorís","Los Llanos","Cayacoa","El Uno"
"Higuamo","San Pedro de Macorís","Los Llanos","Cayacoa","Hatillo"
"Higuamo","San Pedro de Macorís","Los Llanos","Cayacoa","Hermita del Blanco - Ermita"
"Higuamo","San Pedro de Macorís","Los Llanos","Cayacoa","La Salvadora"
"Higuamo","San Pedro de Macorís","Los Llanos","Cayacoa","Las Mercedes"
"Higuamo","San Pedro de Macorís","Los Llanos","Cayacoa","Los Dos Hermanos"
"Higuamo","San Pedro de Macorís","Los Llanos","El Guayabal","Batey Brujuelas"
"Higuamo","San Pedro de Macorís","Los Llanos","El Guayabal","Batey Contador"
"Higuamo","San Pedro de Macorís","Los Llanos","El Guayabal","Batey Copeyito"
"Higuamo","San Pedro de Macorís","Los Llanos","El Guayabal","Batey Cuquito"
"Higuamo","San Pedro de Macorís","Los Llanos","El Guayabal","Batey Nuevo"
"Higuamo","San Pedro de Macorís","Los Llanos","El Guayabal","Batey Paloma"
"Higuamo","San Pedro de Macorís","Los Llanos","El Guayabal","Batey San Felipe"
"Higuamo","San Pedro de Macorís","Los Llanos","El Guayabal","Cachimbito"
"Higuamo","San Pedro de Macorís","Los Llanos","El Guayabal","Canarios"
"Higuamo","San Pedro de Macorís","Los Llanos","El Guayabal","Canepa Verde"
"Higuamo","San Pedro de Macorís","Los Llanos","El Guayabal","Clavellina"
"Higuamo","San Pedro de Macorís","Los Llanos","El Guayabal","El Alto de China o Los Cocos"
"Higuamo","San Pedro de Macorís","Los Llanos","El Guayabal","El Guajabo"
"Higuamo","San Pedro de Macorís","Los Llanos","El Guayabal","El Guayabal"
"Higuamo","San Pedro de Macorís","Los Llanos","El Guayabal","El Jengibre"
"Higuamo","San Pedro de Macorís","Los Llanos","El Guayabal","El Manguito"
"Higuamo","San Pedro de Macorís","Los Llanos","El Guayabal","Gaviota"
"Higuamo","San Pedro de Macorís","Los Llanos","El Guayabal","Hatillo"
"Higuamo","San Pedro de Macorís","Los Llanos","El Guayabal","La Cruz"
"Higuamo","San Pedro de Macorís","Los Llanos","El Guayabal","La Mulita de Guayabal"
"Higuamo","San Pedro de Macorís","Los Llanos","El Guayabal","La Rufina"
"Higuamo","San Pedro de Macorís","Los Llanos","El Guayabal","La Yeguada"
"Higuamo","San Pedro de Macorís","Los Llanos","El Guayabal","Las Caobas"
"Higuamo","San Pedro de Macorís","Los Llanos","El Guayabal","Las Mercedes o Los Mella"
"Higuamo","San Pedro de Macorís","Los Llanos","El Guayabal","Los Almácigos"
"Higuamo","San Pedro de Macorís","Los Llanos","El Guayabal","Los Anones"
"Higuamo","San Pedro de Macorís","Los Llanos","El Guayabal","Los Botados"
"Higuamo","San Pedro de Macorís","Los Llanos","El Guayabal","Pañapaña"
"Higuamo","San Pedro de Macorís","Los Llanos","El Guayabal","Sabana Tosa"
"Higuamo","San Pedro de Macorís","Los Llanos","El Guayabal","San Ildefonso"
"Higuamo","San Pedro de Macorís","Los Llanos","El Guayabal","San José"
"Higuamo","San Pedro de Macorís","Los Llanos","El Guayabal","Victorina"
"Higuamo","San Pedro de Macorís","Los Llanos","El Guayabal","Yabacao"
"Higuamo","San Pedro de Macorís","Los Llanos","Los Jíbaros","Asiento Zapata Botín"
"Higuamo","San Pedro de Macorís","Los Llanos","Los Jíbaros","Batey Canutillo"
"Higuamo","San Pedro de Macorís","Los Llanos","Los Jíbaros","Batey Casui"
"Higuamo","San Pedro de Macorís","Los Llanos","Los Jíbaros","Batey Consuelito"
"Higuamo","San Pedro de Macorís","Los Llanos","Los Jíbaros","Batey Estrella"
"Higuamo","San Pedro de Macorís","Los Llanos","Los Jíbaros","Batey Gallareta"
"Higuamo","San Pedro de Macorís","Los Llanos","Los Jíbaros","Batey Naranjo"
"Higuamo","San Pedro de Macorís","Los Llanos","Los Jíbaros","Batey Nuevo"
"Higuamo","San Pedro de Macorís","Los Llanos","Los Jíbaros","Batey Tumba"
"Higuamo","San Pedro de Macorís","Los Llanos","Los Jíbaros","Batey Ulloa"
"Higuamo","San Pedro de Macorís","Los Llanos","Los Jíbaros","Botín"
"Higuamo","San Pedro de Macorís","Los Llanos","Los Jíbaros","Cañada"
"Higuamo","San Pedro de Macorís","Los Llanos","Los Jíbaros","El Coco"
"Higuamo","San Pedro de Macorís","Los Llanos","Los Jíbaros","El Jengibral"
"Higuamo","San Pedro de Macorís","Los Llanos","Los Jíbaros","El Rancho"
"Higuamo","San Pedro de Macorís","Los Llanos","Los Jíbaros","Hormigo"
"Higuamo","San Pedro de Macorís","Los Llanos","Los Jíbaros","Juana Lorenza (Buena Vista)"
"Higuamo","San Pedro de Macorís","Los Llanos","Los Jíbaros","La Altamisa"
"Higuamo","San Pedro de Macorís","Los Llanos","Los Jíbaros","La Bomba"
"Higuamo","San Pedro de Macorís","Los Llanos","Los Jíbaros","Las Guáranas"
"Higuamo","San Pedro de Macorís","Los Llanos","Los Jíbaros","Los Capaces"
"Higuamo","San Pedro de Macorís","Los Llanos","Los Jíbaros","Los Jíbaros"
"Higuamo","San Pedro de Macorís","Los Llanos","Los Jíbaros","María Lorenza"
"Higuamo","San Pedro de Macorís","Los Llanos","Los Jíbaros","Mata Gallina"
"Higuamo","San Pedro de Macorís","Los Llanos","Los Jíbaros","Polanco"
"Higuamo","San Pedro de Macorís","Los Llanos","Los Jíbaros","San Marcos"
"Higuamo","San Pedro de Macorís","Los Llanos","El Puerto","El Puerto"
"Higuamo","San Pedro de Macorís","Los Llanos","Plumita","Arroyo Bernabé"
"Higuamo","San Pedro de Macorís","Los Llanos","Plumita","Batey Caimito"
"Higuamo","San Pedro de Macorís","Los Llanos","Plumita","Batey Realidad"
"Higuamo","San Pedro de Macorís","Los Llanos","Plumita","Brujuelas (Asiento Zapata Botín)"
"Higuamo","San Pedro de Macorís","Los Llanos","Plumita","Canfor"
"Higuamo","San Pedro de Macorís","Los Llanos","Plumita","Contreras"
"Higuamo","San Pedro de Macorís","Los Llanos","Plumita","El Cable o Peso Uno"
"Higuamo","San Pedro de Macorís","Los Llanos","Plumita","El Fundo"
"Higuamo","San Pedro de Macorís","Los Llanos","Plumita","El Llano de Guabatico"
"Higuamo","San Pedro de Macorís","Los Llanos","Plumita","El Saco"
"Higuamo","San Pedro de Macorís","Los Llanos","Plumita","Felipa Pérez"
"Higuamo","San Pedro de Macorís","Los Llanos","Plumita","Higuereta"
"Higuamo","San Pedro de Macorís","Los Llanos","Plumita","La Batata"
"Higuamo","San Pedro de Macorís","Los Llanos","Plumita","La Infinita"
"Higuamo","San Pedro de Macorís","Los Llanos","Plumita","La Loma"
"Higuamo","San Pedro de Macorís","Los Llanos","Plumita","La Sosa"
"Higuamo","San Pedro de Macorís","Los Llanos","Plumita","La Tranca"
"Higuamo","San Pedro de Macorís","Los Llanos","Plumita","La Trocha"
"Higuamo","San Pedro de Macorís","Los Llanos","Plumita","Las Guanábanas"
"Higuamo","San Pedro de Macorís","Los Llanos","Plumita","Los Mameyes"
"Higuamo","San Pedro de Macorís","Los Llanos","Plumita","Los Pacheco"
"Higuamo","San Pedro de Macorís","Los Llanos","Plumita","Plumita"
"Higuamo","San Pedro de Macorís","Los Llanos","Plumita","Río Abajo"
"Higuamo","San Pedro de Macorís","Los Llanos","Plumita","Sabana de Tosa"
"Higuamo","San Pedro de Macorís","Los Llanos","Plumita","Sabana Madera"
"Higuamo","San Pedro de Macorís","Los Llanos","Plumita","Sacaturrón"
"Higuamo","San Pedro de Macorís","Los Llanos","Plumita","San Gerónimo"
"Higuamo","San Pedro de Macorís","Los Llanos","Plumita","Santana"
"Higuamo","San Pedro de Macorís","Los Llanos","Plumita","Yabacao"
"Higuamo","San Pedro de Macorís","Los Llanos","Gautier","Gautier"
"Higuamo","San Pedro de Macorís","Los Llanos","San José","Cruce de Boca Chica"
"Higuamo","San Pedro de Macorís","Los Llanos","San José","Gautier Rural"
"Higuamo","San Pedro de Macorís","Los Llanos","San José","La Luisa"
"Higuamo","San Pedro de Macorís","Los Llanos","San José","La Mula"
"Higuamo","San Pedro de Macorís","Los Llanos","San José","La Plumita"
"Higuamo","San Pedro de Macorís","Los Llanos","San José","La Redonda"
"Higuamo","San Pedro de Macorís","Los Llanos","San José","Peso al Medio"
"Higuamo","San Pedro de Macorís","Los Llanos","San José","San José"
"Higuamo","San Pedro de Macorís","Quisqueya","Quisqueya","África"
"Higuamo","San Pedro de Macorís","Quisqueya","Quisqueya","El Silencio"
"Higuamo","San Pedro de Macorís","Quisqueya","Quisqueya","Guachupita"
"Higuamo","San Pedro de Macorís","Quisqueya","Quisqueya","INVI I"
"Higuamo","San Pedro de Macorís","Quisqueya","Quisqueya","INVI II"
"Higuamo","San Pedro de Macorís","Quisqueya","Quisqueya","La Higuereta"
"Higuamo","San Pedro de Macorís","Quisqueya","Quisqueya","La Loma"
"Higuamo","San Pedro de Macorís","Quisqueya","Quisqueya","La Plaza"
"Higuamo","San Pedro de Macorís","Quisqueya","Quisqueya","Los Chifles"
"Higuamo","San Pedro de Macorís","Quisqueya","Quisqueya","Placer Bonito"
"Higuamo","San Pedro de Macorís","Quisqueya","Quisqueya","Pueblo Nuevo"
"Higuamo","San Pedro de Macorís","Quisqueya","Quisqueya","Punta Brava"
"Higuamo","San Pedro de Macorís","Quisqueya","Quisqueya","San Carlos"
"Higuamo","San Pedro de Macorís","Quisqueya","Quisqueya","Villa Bargabina o El Tanque"
"Higuamo","San Pedro de Macorís","Quisqueya","Quisqueya","Villa Verde I"
"Higuamo","San Pedro de Macorís","Quisqueya","Quisqueya","Villa Verde II"
"Higuamo","San Pedro de Macorís","Quisqueya","Pajarito","Batey Taíno (Higuamo I)"
"Higuamo","San Pedro de Macorís","Quisqueya","Pajarito","La Banca"
"Higuamo","San Pedro de Macorís","Quisqueya","Pajarito","Pajarito"
"Higuamo","San Pedro de Macorís","Quisqueya","Los Montes","Batey Higuamo II"
"Higuamo","San Pedro de Macorís","Quisqueya","Los Montes","Higuamo"
"Higuamo","San Pedro de Macorís","Quisqueya","Los Montes","Los Montes"
"Higuamo","San Pedro de Macorís","Quisqueya","Los Montes","Monte Largo"
"Higuamo","San Pedro de Macorís","Quisqueya","Zorra Buena","Honduras"
"Higuamo","San Pedro de Macorís","Quisqueya","Zorra Buena","La Ceiba"
"Higuamo","San Pedro de Macorís","Quisqueya","Zorra Buena","La Griega"
"Higuamo","San Pedro de Macorís","Quisqueya","Zorra Buena","Moruno del Guano"
"Higuamo","San Pedro de Macorís","Quisqueya","Zorra Buena","Zorra Buena"
"Higuamo","San Pedro de Macorís","Quisqueya","Caonabo (Batey Siria)","Batey Marién (Higuamo Tres)"
"Higuamo","San Pedro de Macorís","Quisqueya","Caonabo (Batey Siria)","Batey Moruno de Quisqueya"
"Higuamo","San Pedro de Macorís","Quisqueya","Caonabo (Batey Siria)","Caonabo (Batey Siria)"
"Higuamo","San Pedro de Macorís","Quisqueya","Malulani","Batey Algodón"
"Higuamo","San Pedro de Macorís","Quisqueya","Malulani","Iguaniona (Muelle de Quisqueya)"
"Higuamo","San Pedro de Macorís","Quisqueya","Malulani","Malulani"
"Higuamo","San Pedro de Macorís","Quisqueya","Los Montones","Barbadillo"
"Higuamo","San Pedro de Macorís","Quisqueya","Los Montones","Batey Los Medina"
"Higuamo","San Pedro de Macorís","Quisqueya","Los Montones","La Jagua"
"Higuamo","San Pedro de Macorís","Quisqueya","Los Montones","Las Mercedes"
"Higuamo","San Pedro de Macorís","Quisqueya","Los Montones","Los Fundos"
"Higuamo","San Pedro de Macorís","Quisqueya","Los Montones","Los Montones"
"Higuamo","San Pedro de Macorís","Quisqueya","Los Montones","Mata Caliche"
"Higuamo","San Pedro de Macorís","Quisqueya","Los Montones","Palmarito"
"Higuamo","San Pedro de Macorís","Ramón Santana","Ramón Santana","Centro del Pueblo"
"Higuamo","San Pedro de Macorís","Ramón Santana","Ramón Santana","Los Altos"
"Higuamo","San Pedro de Macorís","Ramón Santana","Ramón Santana","Nuevo"
"Higuamo","San Pedro de Macorís","Ramón Santana","Jagual","Batey Eureka"
"Higuamo","San Pedro de Macorís","Ramón Santana","Jagual","Batey Jagual"
"Higuamo","San Pedro de Macorís","Ramón Santana","Jagual","Batey Negro"
"Higuamo","San Pedro de Macorís","Ramón Santana","Jagual","Boca de Cumayasa"
"Higuamo","San Pedro de Macorís","Ramón Santana","Jagual","El Gran Peñón"
"Higuamo","San Pedro de Macorís","Ramón Santana","Jagual","El Soco"
"Higuamo","San Pedro de Macorís","Ramón Santana","Jagual","Kilómetro 14 1/2"
"Higuamo","San Pedro de Macorís","Ramón Santana","Jagual","Laguna Prieta"
"Higuamo","San Pedro de Macorís","Ramón Santana","Jagual","Las Sardinas"
"Higuamo","San Pedro de Macorís","Ramón Santana","Jagual","Los Arados"
"Higuamo","San Pedro de Macorís","Ramón Santana","Jagual","Mahoma"
"Higuamo","San Pedro de Macorís","Ramón Santana","Jagual","Palmarito"
"Higuamo","San Pedro de Macorís","Ramón Santana","Jagual","Pico Blanco"
"Higuamo","San Pedro de Macorís","Ramón Santana","Jagual","Plumita Regajo"
"Higuamo","San Pedro de Macorís","Ramón Santana","Los Lerenes","Batey Amador"
"Higuamo","San Pedro de Macorís","Ramón Santana","Los Lerenes","Batey Atilano I"
"Higuamo","San Pedro de Macorís","Ramón Santana","Los Lerenes","Batey Atilano II"
"Higuamo","San Pedro de Macorís","Ramón Santana","Los Lerenes","Batey La Cubana (La Dominicana)"
"Higuamo","San Pedro de Macorís","Ramón Santana","Los Lerenes","Batey Verde"
"Higuamo","San Pedro de Macorís","Ramón Santana","Los Lerenes","Jabilla Gorda"
"Higuamo","San Pedro de Macorís","Ramón Santana","Los Lerenes","La Bomba"
"Higuamo","San Pedro de Macorís","Ramón Santana","Los Lerenes","Los Lerenes"
"Higuamo","San Pedro de Macorís","Ramón Santana","Los Lerenes","Parcela I"
"Higuamo","San Pedro de Macorís","Ramón Santana","Los Lerenes","Parcela II"
"Higuamo","San Pedro de Macorís","Ramón Santana","Los Lerenes","Paso Al Medio"
"Higuamo","San Pedro de Macorís","Ramón Santana","Los Lerenes","Pepillo"
"Higuamo","San Pedro de Macorís","Ramón Santana","Magarín","Agua Lluvia"
"Higuamo","San Pedro de Macorís","Ramón Santana","Magarín","Batey Cabeza de Toro"
"Higuamo","San Pedro de Macorís","Ramón Santana","Magarín","Batey Campiña"
"Higuamo","San Pedro de Macorís","Ramón Santana","Magarín","Batey Diego"
"Higuamo","San Pedro de Macorís","Ramón Santana","Magarín","Batey Lima"
"Higuamo","San Pedro de Macorís","Ramón Santana","Magarín","Batey Piñones"
"Higuamo","San Pedro de Macorís","Ramón Santana","Magarín","Batey Regajo"
"Higuamo","San Pedro de Macorís","Ramón Santana","Magarín","Caballo Viejo"
"Higuamo","San Pedro de Macorís","Ramón Santana","Magarín","Concho Primo"
"Higuamo","San Pedro de Macorís","Ramón Santana","Magarín","Famier"
"Higuamo","San Pedro de Macorís","Ramón Santana","Magarín","Grafis"
"Higuamo","San Pedro de Macorís","Ramón Santana","Magarín","Guanábano"
"Higuamo","San Pedro de Macorís","Ramón Santana","Magarín","Jobito"
"Higuamo","San Pedro de Macorís","Ramón Santana","Magarín","La Trocha"
"Higuamo","San Pedro de Macorís","Ramón Santana","Magarín","Magarín"
"Higuamo","San Pedro de Macorís","Ramón Santana","Magarín","Río Abajo Maga"
"Higuamo","San Pedro de Macorís","San Pedro de Macorís","San Pedro de Macorís","24 de Abril"
"Higuamo","San Pedro de Macorís","San Pedro de Macorís","San Pedro de Macorís","30 de Mayo"
"Higuamo","San Pedro de Macorís","San Pedro de Macorís","San Pedro de Macorís","Altos de San Pedro ( Villa Progreso )"
"Higuamo","San Pedro de Macorís","San Pedro de Macorís","San Pedro de Macorís","Autoridad Portuaria"
"Higuamo","San Pedro de Macorís","San Pedro de Macorís","San Pedro de Macorís","Azul"
"Higuamo","San Pedro de Macorís","San Pedro de Macorís","San Pedro de Macorís","Blanco"
"Higuamo","San Pedro de Macorís","San Pedro de Macorís","San Pedro de Macorís","Brisas del Este"
"Higuamo","San Pedro de Macorís","San Pedro de Macorís","San Pedro de Macorís","Buenos Aires"
"Higuamo","San Pedro de Macorís","San Pedro de Macorís","San Pedro de Macorís","Cáscara Jíbara"
"Higuamo","San Pedro de Macorís","San Pedro de Macorís","San Pedro de Macorís","Cementerio Metrópolis de San Pedro"
"Higuamo","San Pedro de Macorís","San Pedro de Macorís","San Pedro de Macorís","Ciudad Codiana"
"Higuamo","San Pedro de Macorís","San Pedro de Macorís","San Pedro de Macorís","Colina I"
"Higuamo","San Pedro de Macorís","San Pedro de Macorís","San Pedro de Macorís","Colina II"
"Higuamo","San Pedro de Macorís","San Pedro de Macorís","San Pedro de Macorís","El Brisal"
"Higuamo","San Pedro de Macorís","San Pedro de Macorís","San Pedro de Macorís","El Centro o Centro de la Ciudad"
"Higuamo","San Pedro de Macorís","San Pedro de Macorís","San Pedro de Macorís","El Golfo"
"Higuamo","San Pedro de Macorís","San Pedro de Macorís","San Pedro de Macorís","El Ocho ( Batey 8 )"
"Higuamo","San Pedro de Macorís","San Pedro de Macorís","San Pedro de Macorís","El Otro Lado"
"Higuamo","San Pedro de Macorís","San Pedro de Macorís","San Pedro de Macorís","El Patio"
"Higuamo","San Pedro de Macorís","San Pedro de Macorís","San Pedro de Macorís","Enriquillo"
"Higuamo","San Pedro de Macorís","San Pedro de Macorís","San Pedro de Macorís","Filipinas"
"Higuamo","San Pedro de Macorís","San Pedro de Macorís","San Pedro de Macorís","Hato de San Pedro"
"Higuamo","San Pedro de Macorís","San Pedro de Macorís","San Pedro de Macorís","Independencia o Los Cuatro Caminos"
"Higuamo","San Pedro de Macorís","San Pedro de Macorís","San Pedro de Macorís","Ingenio Santa Fe (Santa Fe o El Club)"
"Higuamo","San Pedro de Macorís","San Pedro de Macorís","San Pedro de Macorís","INVI - CEA"
"Higuamo","San Pedro de Macorís","San Pedro de Macorís","San Pedro de Macorís","Japón"
"Higuamo","San Pedro de Macorís","San Pedro de Macorís","San Pedro de Macorís","Jardines del Este"
"Higuamo","San Pedro de Macorís","San Pedro de Macorís","San Pedro de Macorís","José Blancho (Colina III )"
"Higuamo","San Pedro de Macorís","San Pedro de Macorís","San Pedro de Macorís","Juan Pablo Duarte"
"Higuamo","San Pedro de Macorís","San Pedro de Macorís","San Pedro de Macorís","Kennedy I"
"Higuamo","San Pedro de Macorís","San Pedro de Macorís","San Pedro de Macorís","La Arena"
"Higuamo","San Pedro de Macorís","San Pedro de Macorís","San Pedro de Macorís","La Belleza"
"Higuamo","San Pedro de Macorís","San Pedro de Macorís","San Pedro de Macorís","La Playa del Muerto"
"Higuamo","San Pedro de Macorís","San Pedro de Macorís","San Pedro de Macorís","La Punta Pescadora"
"Higuamo","San Pedro de Macorís","San Pedro de Macorís","San Pedro de Macorís","La Roca"
"Higuamo","San Pedro de Macorís","San Pedro de Macorís","San Pedro de Macorís","Las Caobas"
"Higuamo","San Pedro de Macorís","San Pedro de Macorís","San Pedro de Macorís","Las Flores"
"Higuamo","San Pedro de Macorís","San Pedro de Macorís","San Pedro de Macorís","Las Piedras"
"Higuamo","San Pedro de Macorís","San Pedro de Macorís","San Pedro de Macorís","Lindo I"
"Higuamo","San Pedro de Macorís","San Pedro de Macorís","San Pedro de Macorís","Loma de Cochero"
"Higuamo","San Pedro de Macorís","San Pedro de Macorís","San Pedro de Macorís","Los Bomberitos"
"Higuamo","San Pedro de Macorís","San Pedro de Macorís","San Pedro de Macorís","Los Cajones"
"Higuamo","San Pedro de Macorís","San Pedro de Macorís","San Pedro de Macorís","Los Guandules"
"Higuamo","San Pedro de Macorís","San Pedro de Macorís","San Pedro de Macorís","Los Maestros"
"Higuamo","San Pedro de Macorís","San Pedro de Macorís","San Pedro de Macorís","Los Multis"
"Higuamo","San Pedro de Macorís","San Pedro de Macorís","San Pedro de Macorís","Lotificacion CEA (Villa Progreso II)"
"Higuamo","San Pedro de Macorís","San Pedro de Macorís","San Pedro de Macorís","Mahábharata o Villa Paredes"
"Higuamo","San Pedro de Macorís","San Pedro de Macorís","San Pedro de Macorís","México"
"Higuamo","San Pedro de Macorís","San Pedro de Macorís","San Pedro de Macorís","Miramar"
"Higuamo","San Pedro de Macorís","San Pedro de Macorís","San Pedro de Macorís","Nueva Esperanza"
"Higuamo","San Pedro de Macorís","San Pedro de Macorís","San Pedro de Macorís","Organización (Parque Industrial Zonas Francas)"
"Higuamo","San Pedro de Macorís","San Pedro de Macorís","San Pedro de Macorís","Palo de Azúcar"
"Higuamo","San Pedro de Macorís","San Pedro de Macorís","San Pedro de Macorís","Paraíso"
"Higuamo","San Pedro de Macorís","San Pedro de Macorís","San Pedro de Macorís","Pedro Justo Carrión"
"Higuamo","San Pedro de Macorís","San Pedro de Macorís","San Pedro de Macorís","Petrópolis"
"Higuamo","San Pedro de Macorís","San Pedro de Macorís","San Pedro de Macorís","Placer Bonito"
"Higuamo","San Pedro de Macorís","San Pedro de Macorís","San Pedro de Macorís","Proyecto Lotificación"
"Higuamo","San Pedro de Macorís","San Pedro de Macorís","San Pedro de Macorís","Puerto Rico"
"Higuamo","San Pedro de Macorís","San Pedro de Macorís","San Pedro de Macorís","Punta Garza"
"Higuamo","San Pedro de Macorís","San Pedro de Macorís","San Pedro de Macorís","Residencial Paraíso de San Pedro"
"Higuamo","San Pedro de Macorís","San Pedro de Macorís","San Pedro de Macorís","Restauración"
"Higuamo","San Pedro de Macorís","San Pedro de Macorís","San Pedro de Macorís","San Antón"
"Higuamo","San Pedro de Macorís","San Pedro de Macorís","San Pedro de Macorís","Santa Clara (Santa Ana)"
"Higuamo","San Pedro de Macorís","San Pedro de Macorís","San Pedro de Macorís","Sarmiento I"
"Higuamo","San Pedro de Macorís","San Pedro de Macorís","San Pedro de Macorís","Toconal"
"Higuamo","San Pedro de Macorís","San Pedro de Macorís","San Pedro de Macorís","Urbanización Coral Garden"
"Higuamo","San Pedro de Macorís","San Pedro de Macorís","San Pedro de Macorís","Urbanizacion Evangelina Rodríguez"
"Higuamo","San Pedro de Macorís","San Pedro de Macorís","San Pedro de Macorís","Urbanización La Bendición"
"Higuamo","San Pedro de Macorís","San Pedro de Macorís","San Pedro de Macorís","Urbanización La Hazim"
"Higuamo","San Pedro de Macorís","San Pedro de Macorís","San Pedro de Macorís","Urbanizacion Mallén"
"Higuamo","San Pedro de Macorís","San Pedro de Macorís","San Pedro de Macorís","Urbanización Marina"
"Higuamo","San Pedro de Macorís","San Pedro de Macorís","San Pedro de Macorís","Urbanizacion Naime"
"Higuamo","San Pedro de Macorís","San Pedro de Macorís","San Pedro de Macorís","Urbanización Oriental"
"Higuamo","San Pedro de Macorís","San Pedro de Macorís","San Pedro de Macorís","Urbanización Vicini"
"Higuamo","San Pedro de Macorís","San Pedro de Macorís","San Pedro de Macorís","Villa Azucarera"
"Higuamo","San Pedro de Macorís","San Pedro de Macorís","San Pedro de Macorís","Villa Central"
"Higuamo","San Pedro de Macorís","San Pedro de Macorís","San Pedro de Macorís","Villa Cesarina"
"Higuamo","San Pedro de Macorís","San Pedro de Macorís","San Pedro de Macorís","Villa El Coral"
"Higuamo","San Pedro de Macorís","San Pedro de Macorís","San Pedro de Macorís","Villa España"
"Higuamo","San Pedro de Macorís","San Pedro de Macorís","San Pedro de Macorís","Villa Faro"
"Higuamo","San Pedro de Macorís","San Pedro de Macorís","San Pedro de Macorís","Villa Magdalena"
"Higuamo","San Pedro de Macorís","San Pedro de Macorís","San Pedro de Macorís","Villa Municipal"
"Higuamo","San Pedro de Macorís","San Pedro de Macorís","San Pedro de Macorís","Villa Olímpica"
"Higuamo","San Pedro de Macorís","San Pedro de Macorís","San Pedro de Macorís","Villa Orilla"
"Higuamo","San Pedro de Macorís","San Pedro de Macorís","San Pedro de Macorís","Villa Progreso I"
"Higuamo","San Pedro de Macorís","San Pedro de Macorís","San Pedro de Macorís","Villa Providencia"
"Higuamo","San Pedro de Macorís","San Pedro de Macorís","San Pedro de Macorís","Villa Velázquez"
"Higuamo","San Pedro de Macorís","San Pedro de Macorís","San Pedro de Macorís","Villa Visan"
"Higuamo","San Pedro de Macorís","San Pedro de Macorís","Boca del Soco","Batey Alemán"
"Higuamo","San Pedro de Macorís","San Pedro de Macorís","Boca del Soco","Batey Bobadilla"
"Higuamo","San Pedro de Macorís","San Pedro de Macorís","Boca del Soco","Batey Esperanza"
"Higuamo","San Pedro de Macorís","San Pedro de Macorís","Boca del Soco","Batey La Inocencia"
"Higuamo","San Pedro de Macorís","San Pedro de Macorís","Boca del Soco","Batey La Laura"
"Higuamo","San Pedro de Macorís","San Pedro de Macorís","Boca del Soco","Batey Monte Cristi"
"Higuamo","San Pedro de Macorís","San Pedro de Macorís","Boca del Soco","Batey Olivares"
"Higuamo","San Pedro de Macorís","San Pedro de Macorís","Boca del Soco","Boca del Soco"
"Higuamo","San Pedro de Macorís","San Pedro de Macorís","Boca del Soco","El Cruce"
"Higuamo","San Pedro de Macorís","San Pedro de Macorís","Boca del Soco","El Palmar"
"Higuamo","San Pedro de Macorís","San Pedro de Macorís","Boca del Soco","El Peñón"
"Higuamo","San Pedro de Macorís","San Pedro de Macorís","Boca del Soco","Ingenio Angelina"
"Higuamo","San Pedro de Macorís","San Pedro de Macorís","Boca del Soco","Ingenio Cristóbal Colón"
"Higuamo","San Pedro de Macorís","San Pedro de Macorís","Boca del Soco","La Americana"
"Higuamo","San Pedro de Macorís","San Pedro de Macorís","Boca del Soco","La Balsa"
"Higuamo","San Pedro de Macorís","San Pedro de Macorís","Boca del Soco","La Charca"
"Higuamo","San Pedro de Macorís","San Pedro de Macorís","Boca del Soco","La Guinea"
"Higuamo","San Pedro de Macorís","San Pedro de Macorís","Boca del Soco","La Puerta de Santa Fe"
"Higuamo","San Pedro de Macorís","San Pedro de Macorís","Boca del Soco","La Punta Pescadora"
"Higuamo","San Pedro de Macorís","San Pedro de Macorís","Boca del Soco","Las Piedras"
"Higuamo","San Pedro de Macorís","San Pedro de Macorís","Boca del Soco","Los Palitos"
"Higuamo","San Pedro de Macorís","San Pedro de Macorís","Boca del Soco","Miguelucho"
"Higuamo","San Pedro de Macorís","San Pedro de Macorís","Boca del Soco","Palo Viejo"
"Higuamo","San Pedro de Macorís","San Pedro de Macorís","Boca del Soco","Punta Afuera"
"Higuamo","San Pedro de Macorís","San Pedro de Macorís","Boca del Soco","San Juan Bautista"
"Ozama o Metropolitana","Distrito Nacional","Santo Domingo de Guzmán","Santo Domingo de Guzmán","24 de Abril"
"Ozama o Metropolitana","Distrito Nacional","Santo Domingo de Guzmán","Santo Domingo de Guzmán","30 de Mayo"
"Ozama o Metropolitana","Distrito Nacional","Santo Domingo de Guzmán","Santo Domingo de Guzmán","Altos de Arroyo Hondo"
"Ozama o Metropolitana","Distrito Nacional","Santo Domingo de Guzmán","Santo Domingo de Guzmán","Arroyo Manzano"
"Ozama o Metropolitana","Distrito Nacional","Santo Domingo de Guzmán","Santo Domingo de Guzmán","Atala"
"Ozama o Metropolitana","Distrito Nacional","Santo Domingo de Guzmán","Santo Domingo de Guzmán","Bella Vista"
"Ozama o Metropolitana","Distrito Nacional","Santo Domingo de Guzmán","Santo Domingo de Guzmán","Buenos Aires Mirador"
"Ozama o Metropolitana","Distrito Nacional","Santo Domingo de Guzmán","Santo Domingo de Guzmán","Cacique"
"Ozama o Metropolitana","Distrito Nacional","Santo Domingo de Guzmán","Santo Domingo de Guzmán","Centro de Los Héroes"
"Ozama o Metropolitana","Distrito Nacional","Santo Domingo de Guzmán","Santo Domingo de Guzmán","Centro Olímpico Juan Pablo Duarte"
"Ozama o Metropolitana","Distrito Nacional","Santo Domingo de Guzmán","Santo Domingo de Guzmán","Cerros de Arroyo Hondo"
"Ozama o Metropolitana","Distrito Nacional","Santo Domingo de Guzmán","Santo Domingo de Guzmán","Ciudad Colonial"
"Ozama o Metropolitana","Distrito Nacional","Santo Domingo de Guzmán","Santo Domingo de Guzmán","Ciudad Nueva"
"Ozama o Metropolitana","Distrito Nacional","Santo Domingo de Guzmán","Santo Domingo de Guzmán","Ciudad Universitaria"
"Ozama o Metropolitana","Distrito Nacional","Santo Domingo de Guzmán","Santo Domingo de Guzmán","Cristo Rey"
"Ozama o Metropolitana","Distrito Nacional","Santo Domingo de Guzmán","Santo Domingo de Guzmán","Domingo Savio"
"Ozama o Metropolitana","Distrito Nacional","Santo Domingo de Guzmán","Santo Domingo de Guzmán","El Millón"
"Ozama o Metropolitana","Distrito Nacional","Santo Domingo de Guzmán","Santo Domingo de Guzmán","Ensanche Capotillo"
"Ozama o Metropolitana","Distrito Nacional","Santo Domingo de Guzmán","Santo Domingo de Guzmán","Ensanche Espaillat"
"Ozama o Metropolitana","Distrito Nacional","Santo Domingo de Guzmán","Santo Domingo de Guzmán","Ensanche Luperón"
"Ozama o Metropolitana","Distrito Nacional","Santo Domingo de Guzmán","Santo Domingo de Guzmán","Ensanche Naco"
"Ozama o Metropolitana","Distrito Nacional","Santo Domingo de Guzmán","Santo Domingo de Guzmán","Gascue"
"Ozama o Metropolitana","Distrito Nacional","Santo Domingo de Guzmán","Santo Domingo de Guzmán","General Antonio Duvergé"
"Ozama o Metropolitana","Distrito Nacional","Santo Domingo de Guzmán","Santo Domingo de Guzmán","Gualey"
"Ozama o Metropolitana","Distrito Nacional","Santo Domingo de Guzmán","Santo Domingo de Guzmán","Honduras del Norte"
"Ozama o Metropolitana","Distrito Nacional","Santo Domingo de Guzmán","Santo Domingo de Guzmán","Honduras del Oeste"
"Ozama o Metropolitana","Distrito Nacional","Santo Domingo de Guzmán","Santo Domingo de Guzmán","Jardín Botánico"
"Ozama o Metropolitana","Distrito Nacional","Santo Domingo de Guzmán","Santo Domingo de Guzmán","Jardín Zoológico"
"Ozama o Metropolitana","Distrito Nacional","Santo Domingo de Guzmán","Santo Domingo de Guzmán","Jardines del Sur"
"Ozama o Metropolitana","Distrito Nacional","Santo Domingo de Guzmán","Santo Domingo de Guzmán","Julieta Morales"
"Ozama o Metropolitana","Distrito Nacional","Santo Domingo de Guzmán","Santo Domingo de Guzmán","La Agustina"
"Ozama o Metropolitana","Distrito Nacional","Santo Domingo de Guzmán","Santo Domingo de Guzmán","La Esperilla"
"Ozama o Metropolitana","Distrito Nacional","Santo Domingo de Guzmán","Santo Domingo de Guzmán","La Fe"
"Ozama o Metropolitana","Distrito Nacional","Santo Domingo de Guzmán","Santo Domingo de Guzmán","La Hondonada"
"Ozama o Metropolitana","Distrito Nacional","Santo Domingo de Guzmán","Santo Domingo de Guzmán","La Isabela"
"Ozama o Metropolitana","Distrito Nacional","Santo Domingo de Guzmán","Santo Domingo de Guzmán","La Julia"
"Ozama o Metropolitana","Distrito Nacional","Santo Domingo de Guzmán","Santo Domingo de Guzmán","La Zurza"
"Ozama o Metropolitana","Distrito Nacional","Santo Domingo de Guzmán","Santo Domingo de Guzmán","Los Cacicazgos"
"Ozama o Metropolitana","Distrito Nacional","Santo Domingo de Guzmán","Santo Domingo de Guzmán","Los Jardines"
"Ozama o Metropolitana","Distrito Nacional","Santo Domingo de Guzmán","Santo Domingo de Guzmán","Los Peralejos"
"Ozama o Metropolitana","Distrito Nacional","Santo Domingo de Guzmán","Santo Domingo de Guzmán","Los Prados"
"Ozama o Metropolitana","Distrito Nacional","Santo Domingo de Guzmán","Santo Domingo de Guzmán","Los Restauradores"
"Ozama o Metropolitana","Distrito Nacional","Santo Domingo de Guzmán","Santo Domingo de Guzmán","Los Ríos"
"Ozama o Metropolitana","Distrito Nacional","Santo Domingo de Guzmán","Santo Domingo de Guzmán","María Auxiliadora"
"Ozama o Metropolitana","Distrito Nacional","Santo Domingo de Guzmán","Santo Domingo de Guzmán","Mata Hambre"
"Ozama o Metropolitana","Distrito Nacional","Santo Domingo de Guzmán","Santo Domingo de Guzmán","Mejoramiento Social"
"Ozama o Metropolitana","Distrito Nacional","Santo Domingo de Guzmán","Santo Domingo de Guzmán","Mirador Norte"
"Ozama o Metropolitana","Distrito Nacional","Santo Domingo de Guzmán","Santo Domingo de Guzmán","Mirador Sur"
"Ozama o Metropolitana","Distrito Nacional","Santo Domingo de Guzmán","Santo Domingo de Guzmán","Miraflores"
"Ozama o Metropolitana","Distrito Nacional","Santo Domingo de Guzmán","Santo Domingo de Guzmán","Miramar"
"Ozama o Metropolitana","Distrito Nacional","Santo Domingo de Guzmán","Santo Domingo de Guzmán","Nuestra Señora de La Paz"
"Ozama o Metropolitana","Distrito Nacional","Santo Domingo de Guzmán","Santo Domingo de Guzmán","Nuevo Arroyo Hondo"
"Ozama o Metropolitana","Distrito Nacional","Santo Domingo de Guzmán","Santo Domingo de Guzmán","Palma Real"
"Ozama o Metropolitana","Distrito Nacional","Santo Domingo de Guzmán","Santo Domingo de Guzmán","Paraíso"
"Ozama o Metropolitana","Distrito Nacional","Santo Domingo de Guzmán","Santo Domingo de Guzmán","Paseo de Los Indios ó Parque Mirador Sur"
"Ozama o Metropolitana","Distrito Nacional","Santo Domingo de Guzmán","Santo Domingo de Guzmán","Piantini"
"Ozama o Metropolitana","Distrito Nacional","Santo Domingo de Guzmán","Santo Domingo de Guzmán","Puerto Isabela"
"Ozama o Metropolitana","Distrito Nacional","Santo Domingo de Guzmán","Santo Domingo de Guzmán","Quisqueya"
"Ozama o Metropolitana","Distrito Nacional","Santo Domingo de Guzmán","Santo Domingo de Guzmán","Renacimiento"
"Ozama o Metropolitana","Distrito Nacional","Santo Domingo de Guzmán","Santo Domingo de Guzmán","San Carlos"
"Ozama o Metropolitana","Distrito Nacional","Santo Domingo de Guzmán","Santo Domingo de Guzmán","San Diego"
"Ozama o Metropolitana","Distrito Nacional","Santo Domingo de Guzmán","Santo Domingo de Guzmán","San Jerónimo"
"Ozama o Metropolitana","Distrito Nacional","Santo Domingo de Guzmán","Santo Domingo de Guzmán","San Juan Bosco"
"Ozama o Metropolitana","Distrito Nacional","Santo Domingo de Guzmán","Santo Domingo de Guzmán","Simón Bolívar"
"Ozama o Metropolitana","Distrito Nacional","Santo Domingo de Guzmán","Santo Domingo de Guzmán","Tropical Metaldom"
"Ozama o Metropolitana","Distrito Nacional","Santo Domingo de Guzmán","Santo Domingo de Guzmán","Viejo Arroyo Hondo"
"Ozama o Metropolitana","Distrito Nacional","Santo Domingo de Guzmán","Santo Domingo de Guzmán","Villa Consuelo"
"Ozama o Metropolitana","Distrito Nacional","Santo Domingo de Guzmán","Santo Domingo de Guzmán","Villa Francisca"
"Ozama o Metropolitana","Distrito Nacional","Santo Domingo de Guzmán","Santo Domingo de Guzmán","Villa Juana"
"Ozama o Metropolitana","Distrito Nacional","Santo Domingo de Guzmán","Santo Domingo de Guzmán","Villas Agrícolas"
"Ozama o Metropolitana","Santo Domingo","Boca Chica","Boca Chica","Andrés"
"Ozama o Metropolitana","Santo Domingo","Boca Chica","Boca Chica","Boca Chica"
"Ozama o Metropolitana","Santo Domingo","Boca Chica","Cruce de Boca Chica","Batey Jubey"
"Ozama o Metropolitana","Santo Domingo","Boca Chica","Cruce de Boca Chica","Cruce de Boca Chica"
"Ozama o Metropolitana","Santo Domingo","Boca Chica","Cruce de Boca Chica","El Limón"
"Ozama o Metropolitana","Santo Domingo","Boca Chica","Cruce de Boca Chica","Kilómetro 36, Carretera Mella"
"Ozama o Metropolitana","Santo Domingo","Boca Chica","Cruce de Boca Chica","Los Paredones de Andrés"
"Ozama o Metropolitana","Santo Domingo","Boca Chica","La Malena","La Bocaina"
"Ozama o Metropolitana","Santo Domingo","Boca Chica","La Malena","La Borda"
"Ozama o Metropolitana","Santo Domingo","Boca Chica","La Malena","La Ciguapa"
"Ozama o Metropolitana","Santo Domingo","Boca Chica","La Malena","La Cucama"
"Ozama o Metropolitana","Santo Domingo","Boca Chica","La Malena","La Malena"
"Ozama o Metropolitana","Santo Domingo","Boca Chica","La Malena","La Tumba"
"Ozama o Metropolitana","Santo Domingo","Boca Chica","La Malena","Los Bancos de Arena"
"Ozama o Metropolitana","Santo Domingo","Boca Chica","La Caleta","La Caleta"
"Ozama o Metropolitana","Santo Domingo","Boca Chica","El Valiente","El Valiente"
"Ozama o Metropolitana","Santo Domingo","Boca Chica","El Valiente","Torre B"
"Ozama o Metropolitana","Santo Domingo","Boca Chica","Campo Lindo","Campo Lindo"
"Ozama o Metropolitana","Santo Domingo","Boca Chica","Campo Lindo","La Cien Mil-La Piedra"
"Ozama o Metropolitana","Santo Domingo","Boca Chica","La Caleta","Aeropuerto Internacional"
"Ozama o Metropolitana","Santo Domingo","Boca Chica","La Caleta","El Cachimbo"
"Ozama o Metropolitana","Santo Domingo","Los Alcarrizos","Los Alcarrizos","Altos de Chavón"
"Ozama o Metropolitana","Santo Domingo","Los Alcarrizos","Los Alcarrizos","Canta la Rana o Barriolandia"
"Ozama o Metropolitana","Santo Domingo","Los Alcarrizos","Los Alcarrizos","La Esperanza"
"Ozama o Metropolitana","Santo Domingo","Los Alcarrizos","Los Alcarrizos","La Fe"
"Ozama o Metropolitana","Santo Domingo","Los Alcarrizos","Los Alcarrizos","La Piña"
"Ozama o Metropolitana","Santo Domingo","Los Alcarrizos","Los Alcarrizos","La Unión"
"Ozama o Metropolitana","Santo Domingo","Los Alcarrizos","Los Alcarrizos","Las Mercedes"
"Ozama o Metropolitana","Santo Domingo","Los Alcarrizos","Los Alcarrizos","Lebrón"
"Ozama o Metropolitana","Santo Domingo","Los Alcarrizos","Los Alcarrizos","Los Americanos (Los Ángeles)"
"Ozama o Metropolitana","Santo Domingo","Los Alcarrizos","Los Alcarrizos","Los Libertadores"
"Ozama o Metropolitana","Santo Domingo","Los Alcarrizos","Los Alcarrizos","Nazareno o Manzanero"
"Ozama o Metropolitana","Santo Domingo","Los Alcarrizos","Los Alcarrizos","Nuevo Amanecer"
"Ozama o Metropolitana","Santo Domingo","Los Alcarrizos","Los Alcarrizos","Paraíso"
"Ozama o Metropolitana","Santo Domingo","Los Alcarrizos","Los Alcarrizos","Pueblo Nuevo"
"Ozama o Metropolitana","Santo Domingo","Los Alcarrizos","Los Alcarrizos","Residencial Los Cerros"
"Ozama o Metropolitana","Santo Domingo","Los Alcarrizos","Los Alcarrizos","Residencial Los Hidalgos"
"Ozama o Metropolitana","Santo Domingo","Los Alcarrizos","Los Alcarrizos","Savica"
"Ozama o Metropolitana","Santo Domingo","Los Alcarrizos","Los Alcarrizos","Valle Encantado"
"Ozama o Metropolitana","Santo Domingo","Los Alcarrizos","Santa Rosa","Santa Rosa"
"Ozama o Metropolitana","Santo Domingo","Los Alcarrizos","Palmarejo Villa Linda","Palmarejo"
"Ozama o Metropolitana","Santo Domingo","Los Alcarrizos","Palmarejito","Palmarejito"
"Ozama o Metropolitana","Santo Domingo","Los Alcarrizos","Palmarejito","Santa Rosa"
"Ozama o Metropolitana","Santo Domingo","Los Alcarrizos","Santa Bárbara","Las Flores"
"Ozama o Metropolitana","Santo Domingo","Los Alcarrizos","Santa Bárbara","Santa Bárbara"
"Ozama o Metropolitana","Santo Domingo","Los Alcarrizos","Villa Linda","Cerinca"
"Ozama o Metropolitana","Santo Domingo","Los Alcarrizos","Villa Linda","Los Coquitos"
"Ozama o Metropolitana","Santo Domingo","Los Alcarrizos","Villa Linda","Villa Linda"
"Ozama o Metropolitana","Santo Domingo","Los Alcarrizos","Pantoja","José Contreras"
"Ozama o Metropolitana","Santo Domingo","Los Alcarrizos","Pantoja","La Redención"
"Ozama o Metropolitana","Santo Domingo","Los Alcarrizos","Pantoja","Las Colinas o Los Cocos"
"Ozama o Metropolitana","Santo Domingo","Los Alcarrizos","Pantoja","Pantoja"
"Ozama o Metropolitana","Santo Domingo","Los Alcarrizos","Pantoja","Pantoja I"
"Ozama o Metropolitana","Santo Domingo","Los Alcarrizos","Pantoja","Reparto Samaria"
"Ozama o Metropolitana","Santo Domingo","Los Alcarrizos","Pantoja","Residencial Don Miguel"
"Ozama o Metropolitana","Santo Domingo","Los Alcarrizos","Pantoja","Urbanización Don Gregorio"
"Ozama o Metropolitana","Santo Domingo","Los Alcarrizos","Pantoja","Urbanización Proyecto INVI-CEA"
"Ozama o Metropolitana","Santo Domingo","Los Alcarrizos","Pantoja","Urbanización Villa Pantoja"
"Ozama o Metropolitana","Santo Domingo","Los Alcarrizos","Pantoja","Villa El Palmar"
"Ozama o Metropolitana","Santo Domingo","Los Alcarrizos","Pantoja","Villa Morada"
"Ozama o Metropolitana","Santo Domingo","Los Alcarrizos","Pantoja","Vista Verde"
"Ozama o Metropolitana","Santo Domingo","Pedro Brand","Pedro Brand","Los Cocos (Kilómetro 28)"
"Ozama o Metropolitana","Santo Domingo","Pedro Brand","Pedro Brand","Pedro Brand"
"Ozama o Metropolitana","Santo Domingo","Pedro Brand","Los Corozos","El Catalán"
"Ozama o Metropolitana","Santo Domingo","Pedro Brand","Los Corozos","Los Corozos"
"Ozama o Metropolitana","Santo Domingo","Pedro Brand","San Miguel","Mata de Iglesia"
"Ozama o Metropolitana","Santo Domingo","Pedro Brand","San Miguel","San Miguel"
"Ozama o Metropolitana","Santo Domingo","Pedro Brand","Piedra Gorda","La Montosa"
"Ozama o Metropolitana","Santo Domingo","Pedro Brand","Piedra Gorda","Piedra Gorda"
"Ozama o Metropolitana","Santo Domingo","Pedro Brand","La Polonia","El Platón"
"Ozama o Metropolitana","Santo Domingo","Pedro Brand","La Polonia","La Polonia"
"Ozama o Metropolitana","Santo Domingo","Pedro Brand","Frasquito Gómez","El Puerto"
"Ozama o Metropolitana","Santo Domingo","Pedro Brand","Frasquito Gómez","Frasquito Gómez"
"Ozama o Metropolitana","Santo Domingo","Pedro Brand","Santa Cruz","Hato Viejo"
"Ozama o Metropolitana","Santo Domingo","Pedro Brand","Santa Cruz","Santa Cruz"
"Ozama o Metropolitana","Santo Domingo","Pedro Brand","La Guáyiga","La Guáyiga"
"Ozama o Metropolitana","Santo Domingo","Pedro Brand","Los García","Batey Palamara"
"Ozama o Metropolitana","Santo Domingo","Pedro Brand","Los García","Los García"
"Ozama o Metropolitana","Santo Domingo","Pedro Brand","El Pedregal","El Pedregal"
"Ozama o Metropolitana","Santo Domingo","Pedro Brand","Yacó","Proyecto Los Guardias"
"Ozama o Metropolitana","Santo Domingo","Pedro Brand","Yacó","Yacó"
"Ozama o Metropolitana","Santo Domingo","Pedro Brand","La Cuaba","La Cuaba"
"Ozama o Metropolitana","Santo Domingo","Pedro Brand","Los Aguacates","Arroyo Indio"
"Ozama o Metropolitana","Santo Domingo","Pedro Brand","Los Aguacates","La Piña"
"Ozama o Metropolitana","Santo Domingo","Pedro Brand","Los Aguacates","Los Aguacates"
"Ozama o Metropolitana","Santo Domingo","Pedro Brand","Los Aguacates","Salamanca"
"Ozama o Metropolitana","Santo Domingo","Pedro Brand","La Estancia","El Convento"
"Ozama o Metropolitana","Santo Domingo","Pedro Brand","La Estancia","Higuamo"
"Ozama o Metropolitana","Santo Domingo","Pedro Brand","La Estancia","Higüero"
"Ozama o Metropolitana","Santo Domingo","Pedro Brand","La Estancia","Hojas Anchas"
"Ozama o Metropolitana","Santo Domingo","Pedro Brand","La Estancia","La Estancia"
"Ozama o Metropolitana","Santo Domingo","Pedro Brand","La Estancia","La Maleza"
"Ozama o Metropolitana","Santo Domingo","Pedro Brand","La Estancia","Los Jobos de Matúa"
"Ozama o Metropolitana","Santo Domingo","Pedro Brand","La Estancia","Sabana al Medio"
"Ozama o Metropolitana","Santo Domingo","Pedro Brand","La Estancia","Suardí"
"Ozama o Metropolitana","Santo Domingo","Pedro Brand","El Limón","Arroyo Mina"
"Ozama o Metropolitana","Santo Domingo","Pedro Brand","El Limón","Bañadero"
"Ozama o Metropolitana","Santo Domingo","Pedro Brand","El Limón","El Cachimbo"
"Ozama o Metropolitana","Santo Domingo","Pedro Brand","El Limón","El Cachón"
"Ozama o Metropolitana","Santo Domingo","Pedro Brand","El Limón","El Limón"
"Ozama o Metropolitana","Santo Domingo","Pedro Brand","El Limón","La Isabela Arriba"
"Ozama o Metropolitana","Santo Domingo","Pedro Brand","El Limón","La Malena"
"Ozama o Metropolitana","Santo Domingo","Pedro Brand","El Limón","La Malenita"
"Ozama o Metropolitana","Santo Domingo","Pedro Brand","El Limón","Loma de Galán"
"Ozama o Metropolitana","Santo Domingo","Pedro Brand","El Limón","Los Genaro"
"Ozama o Metropolitana","Santo Domingo","Pedro Brand","El Limón","Los Pilones o Los Pilares"
"Ozama o Metropolitana","Santo Domingo","Pedro Brand","El Limón","Mala Vuelta"
"Ozama o Metropolitana","Santo Domingo","Pedro Brand","El Limón","Sabana Mina"
"Ozama o Metropolitana","Santo Domingo","Pedro Brand","El Limón","Victoriano"
"Ozama o Metropolitana","Santo Domingo","San Antonio de Guerra","San Antonio de Guerra","Guerra Centro"
"Ozama o Metropolitana","Santo Domingo","San Antonio de Guerra","El Toro","Concordia"
"Ozama o Metropolitana","Santo Domingo","San Antonio de Guerra","El Toro","El Fao"
"Ozama o Metropolitana","Santo Domingo","San Antonio de Guerra","El Toro","El Mamey"
"Ozama o Metropolitana","Santo Domingo","San Antonio de Guerra","El Toro","El Mamón"
"Ozama o Metropolitana","Santo Domingo","San Antonio de Guerra","El Toro","El Toro"
"Ozama o Metropolitana","Santo Domingo","San Antonio de Guerra","El Toro","El Viso"
"Ozama o Metropolitana","Santo Domingo","San Antonio de Guerra","El Toro","La Corcobada (Corcovada)"
"Ozama o Metropolitana","Santo Domingo","San Antonio de Guerra","El Toro","La Filipina"
"Ozama o Metropolitana","Santo Domingo","San Antonio de Guerra","El Toro","La Mujarra (Mojarra)"
"Ozama o Metropolitana","Santo Domingo","San Antonio de Guerra","El Toro","La Piedra"
"Ozama o Metropolitana","Santo Domingo","San Antonio de Guerra","La Joya","Ahorca los Perros"
"Ozama o Metropolitana","Santo Domingo","San Antonio de Guerra","La Joya","El Alto"
"Ozama o Metropolitana","Santo Domingo","San Antonio de Guerra","La Joya","El Cachón (Los Cachones)"
"Ozama o Metropolitana","Santo Domingo","San Antonio de Guerra","La Joya","El Peje"
"Ozama o Metropolitana","Santo Domingo","San Antonio de Guerra","La Joya","La Batata"
"Ozama o Metropolitana","Santo Domingo","San Antonio de Guerra","La Joya","La Guama"
"Ozama o Metropolitana","Santo Domingo","San Antonio de Guerra","La Joya","La Joya"
"Ozama o Metropolitana","Santo Domingo","San Antonio de Guerra","La Joya","Los Barreros"
"Ozama o Metropolitana","Santo Domingo","San Antonio de Guerra","La Joya","Mata Barraco"
"Ozama o Metropolitana","Santo Domingo","San Antonio de Guerra","La Joya","Santa Lucía"
"Ozama o Metropolitana","Santo Domingo","San Antonio de Guerra","La Joya","Tierra Blanca"
"Ozama o Metropolitana","Santo Domingo","San Antonio de Guerra","Enjuagador","Bejucal"
"Ozama o Metropolitana","Santo Domingo","San Antonio de Guerra","Enjuagador","Cruce de Guerra"
"Ozama o Metropolitana","Santo Domingo","San Antonio de Guerra","Enjuagador","El Cajuilito"
"Ozama o Metropolitana","Santo Domingo","San Antonio de Guerra","Enjuagador","El Coquito"
"Ozama o Metropolitana","Santo Domingo","San Antonio de Guerra","Enjuagador","El Fao"
"Ozama o Metropolitana","Santo Domingo","San Antonio de Guerra","Enjuagador","La Caoba"
"Ozama o Metropolitana","Santo Domingo","San Antonio de Guerra","Enjuagador","La Culebra"
"Ozama o Metropolitana","Santo Domingo","San Antonio de Guerra","Enjuagador","La Estancia"
"Ozama o Metropolitana","Santo Domingo","San Antonio de Guerra","Enjuagador","La Pluma"
"Ozama o Metropolitana","Santo Domingo","San Antonio de Guerra","Enjuagador","Los Berroa"
"Ozama o Metropolitana","Santo Domingo","San Antonio de Guerra","Enjuagador","Proyecto Cabreto"
"Ozama o Metropolitana","Santo Domingo","San Antonio de Guerra","Mata de Palma","Capacito"
"Ozama o Metropolitana","Santo Domingo","San Antonio de Guerra","Mata de Palma","Cerro Cabra"
"Ozama o Metropolitana","Santo Domingo","San Antonio de Guerra","Mata de Palma","Cuenca"
"Ozama o Metropolitana","Santo Domingo","San Antonio de Guerra","Mata de Palma","El CEA"
"Ozama o Metropolitana","Santo Domingo","San Antonio de Guerra","Mata de Palma","El Porrito o Pomito"
"Ozama o Metropolitana","Santo Domingo","San Antonio de Guerra","Mata de Palma","La Barías"
"Ozama o Metropolitana","Santo Domingo","San Antonio de Guerra","Mata de Palma","La Granja"
"Ozama o Metropolitana","Santo Domingo","San Antonio de Guerra","Mata de Palma","La Jagüita"
"Ozama o Metropolitana","Santo Domingo","San Antonio de Guerra","Mata de Palma","La Picadora"
"Ozama o Metropolitana","Santo Domingo","San Antonio de Guerra","Mata de Palma","La Reforma"
"Ozama o Metropolitana","Santo Domingo","San Antonio de Guerra","Mata de Palma","Las Parras"
"Ozama o Metropolitana","Santo Domingo","San Antonio de Guerra","Mata de Palma","Los Cocos"
"Ozama o Metropolitana","Santo Domingo","San Antonio de Guerra","Mata de Palma","Poco Agua"
"Ozama o Metropolitana","Santo Domingo","San Antonio de Guerra","Mata de Palma","Santa María"
"Ozama o Metropolitana","Santo Domingo","San Antonio de Guerra","Mata de Palma","Valentín"
"Ozama o Metropolitana","Santo Domingo","San Antonio de Guerra","Bella Vista","Bella Vista"
"Ozama o Metropolitana","Santo Domingo","San Antonio de Guerra","Bella Vista","La Piña"
"Ozama o Metropolitana","Santo Domingo","San Antonio de Guerra","Bella Vista","Los Marenos"
"Ozama o Metropolitana","Santo Domingo","San Antonio de Guerra","Bella Vista","Mata Vaca"
"Ozama o Metropolitana","Santo Domingo","San Antonio de Guerra","Estorga","Estorga"
"Ozama o Metropolitana","Santo Domingo","San Antonio de Guerra","Batey II","Batey II o Hato Viejo II"
"Ozama o Metropolitana","Santo Domingo","San Antonio de Guerra","Batey II","El Limón"
"Ozama o Metropolitana","Santo Domingo","San Antonio de Guerra","Batey II","Hato Viejo"
"Ozama o Metropolitana","Santo Domingo","San Antonio de Guerra","Batey II","La Gina"
"Ozama o Metropolitana","Santo Domingo","San Antonio de Guerra","Kilómetro 36B","Kilómetro 36B"
"Ozama o Metropolitana","Santo Domingo","San Antonio de Guerra","Estorga","Batey Amelia"
"Ozama o Metropolitana","Santo Domingo","San Antonio de Guerra","Estorga","Estorga"
"Ozama o Metropolitana","Santo Domingo","San Antonio de Guerra","Estorga","Ismael Jiménez o Las Garzas"
"Ozama o Metropolitana","Santo Domingo","San Antonio de Guerra","Estorga","Juana Jico"
"Ozama o Metropolitana","Santo Domingo","San Antonio de Guerra","Estorga","La Catalina"
"Ozama o Metropolitana","Santo Domingo","San Antonio de Guerra","Estorga","Los Urbanos"
"Ozama o Metropolitana","Santo Domingo","San Antonio de Guerra","Estorga","Mata la Piedra"
"Ozama o Metropolitana","Santo Domingo","Santo Domingo Este","Santo Domingo Este","Alma Rosa"
"Ozama o Metropolitana","Santo Domingo","Santo Domingo Este","Santo Domingo Este","Brisa Oriental"
"Ozama o Metropolitana","Santo Domingo","Santo Domingo Este","Santo Domingo Este","Cancino"
"Ozama o Metropolitana","Santo Domingo","Santo Domingo Este","Santo Domingo Este","Cancino Adentro"
"Ozama o Metropolitana","Santo Domingo","Santo Domingo Este","Santo Domingo Este","Cancino Afuera"
"Ozama o Metropolitana","Santo Domingo","Santo Domingo Este","Santo Domingo Este","El Almirante"
"Ozama o Metropolitana","Santo Domingo","Santo Domingo Este","Santo Domingo Este","El Cachón de la Rubia"
"Ozama o Metropolitana","Santo Domingo","Santo Domingo Este","Santo Domingo Este","El Tamarindo"
"Ozama o Metropolitana","Santo Domingo","Santo Domingo Este","Santo Domingo Este","Ensanche Ozama"
"Ozama o Metropolitana","Santo Domingo","Santo Domingo Este","Santo Domingo Este","Faro a Colón"
"Ozama o Metropolitana","Santo Domingo","Santo Domingo Este","Santo Domingo Este","Hainamosa"
"Ozama o Metropolitana","Santo Domingo","Santo Domingo Este","Santo Domingo Este","Isabelita"
"Ozama o Metropolitana","Santo Domingo","Santo Domingo Este","Santo Domingo Este","Juan López"
"Ozama o Metropolitana","Santo Domingo","Santo Domingo Este","Santo Domingo Este","Las Américas"
"Ozama o Metropolitana","Santo Domingo","Santo Domingo Este","Santo Domingo Este","Las Canas"
"Ozama o Metropolitana","Santo Domingo","Santo Domingo Este","Santo Domingo Este","Los Frailes"
"Ozama o Metropolitana","Santo Domingo","Santo Domingo Este","Santo Domingo Este","Los Mameyes"
"Ozama o Metropolitana","Santo Domingo","Santo Domingo Este","Santo Domingo Este","Los Mina Norte"
"Ozama o Metropolitana","Santo Domingo","Santo Domingo Este","Santo Domingo Este","Los Mina Sur"
"Ozama o Metropolitana","Santo Domingo","Santo Domingo Este","Santo Domingo Este","Los Tres Brazos-Jardines del Ozama"
"Ozama o Metropolitana","Santo Domingo","Santo Domingo Este","Santo Domingo Este","Los Tres Ojos"
"Ozama o Metropolitana","Santo Domingo","Santo Domingo Este","Santo Domingo Este","Los Trinitarios"
"Ozama o Metropolitana","Santo Domingo","Santo Domingo Este","Santo Domingo Este","Mendoza"
"Ozama o Metropolitana","Santo Domingo","Santo Domingo Este","Santo Domingo Este","Prado Oriental"
"Ozama o Metropolitana","Santo Domingo","Santo Domingo Este","Santo Domingo Este","San José de Mendoza"
"Ozama o Metropolitana","Santo Domingo","Santo Domingo Este","Santo Domingo Este","Sans Soucí"
"Ozama o Metropolitana","Santo Domingo","Santo Domingo Este","Santo Domingo Este","Villa Duarte"
"Ozama o Metropolitana","Santo Domingo","Santo Domingo Este","Santo Domingo Este","Villa Faro"
"Ozama o Metropolitana","Santo Domingo","Santo Domingo Este","Cancino","Cancino Adentro"
"Ozama o Metropolitana","Santo Domingo","Santo Domingo Este","Cancino","El Cuatro"
"Ozama o Metropolitana","Santo Domingo","Santo Domingo Este","Mendoza","El Valiente"
"Ozama o Metropolitana","Santo Domingo","Santo Domingo Este","Mendoza","La Grúa"
"Ozama o Metropolitana","Santo Domingo","Santo Domingo Este","Mendoza","La Ureña"
"Ozama o Metropolitana","Santo Domingo","Santo Domingo Este","Mendoza","Los Paredones"
"Ozama o Metropolitana","Santo Domingo","Santo Domingo Este","Mendoza","San Isidro Adentro"
"Ozama o Metropolitana","Santo Domingo","Santo Domingo Este","Mendoza","San Miguel"
"Ozama o Metropolitana","Santo Domingo","Santo Domingo Este","San Luis","San Luis"
"Ozama o Metropolitana","Santo Domingo","Santo Domingo Este","San Isidro","El Bonito"
"Ozama o Metropolitana","Santo Domingo","Santo Domingo Este","San Isidro","San Isidro Afuera"
"Ozama o Metropolitana","Santo Domingo","Santo Domingo Este","El Naranjo","Batey El Naranjo"
"Ozama o Metropolitana","Santo Domingo","Santo Domingo Este","El Naranjo","El Cabreto"
"Ozama o Metropolitana","Santo Domingo","Santo Domingo Este","El Naranjo","El Puente"
"Ozama o Metropolitana","Santo Domingo","Santo Domingo Este","San Luis","El Muelle"
"Ozama o Metropolitana","Santo Domingo","Santo Domingo Este","San Luis","Piragua"
"Ozama o Metropolitana","Santo Domingo","Santo Domingo Norte","Santo Domingo Norte","El Edén"
"Ozama o Metropolitana","Santo Domingo","Santo Domingo Norte","Santo Domingo Norte","Guaricano"
"Ozama o Metropolitana","Santo Domingo","Santo Domingo Norte","Santo Domingo Norte","Sabana Perdida"
"Ozama o Metropolitana","Santo Domingo","Santo Domingo Norte","Santo Domingo Norte","San Felipe"
"Ozama o Metropolitana","Santo Domingo","Santo Domingo Norte","Santo Domingo Norte","Santa Cruz"
"Ozama o Metropolitana","Santo Domingo","Santo Domingo Norte","Santo Domingo Norte","Villa Mella"
"Ozama o Metropolitana","Santo Domingo","Santo Domingo Norte","Licey","Cercadillo"
"Ozama o Metropolitana","Santo Domingo","Santo Domingo Norte","Licey","Licey"
"Ozama o Metropolitana","Santo Domingo","Santo Domingo Norte","Licey","Limonal"
"Ozama o Metropolitana","Santo Domingo","Santo Domingo Norte","Licey","Mancebo"
"Ozama o Metropolitana","Santo Domingo","Santo Domingo Norte","Licey","Mata Gorda"
"Ozama o Metropolitana","Santo Domingo","Santo Domingo Norte","Licey","Mata San Juan"
"Ozama o Metropolitana","Santo Domingo","Santo Domingo Norte","Licey","Punta"
"Ozama o Metropolitana","Santo Domingo","Santo Domingo Norte","Sierra Prieta","Buenos Aires"
"Ozama o Metropolitana","Santo Domingo","Santo Domingo Norte","Sierra Prieta","Hoyos Oscuros"
"Ozama o Metropolitana","Santo Domingo","Santo Domingo Norte","Sierra Prieta","Juan Dinga"
"Ozama o Metropolitana","Santo Domingo","Santo Domingo Norte","Sierra Prieta","Jubileo"
"Ozama o Metropolitana","Santo Domingo","Santo Domingo Norte","Sierra Prieta","Kilómetro 26"
"Ozama o Metropolitana","Santo Domingo","Santo Domingo Norte","Sierra Prieta","Los Vizcaíno"
"Ozama o Metropolitana","Santo Domingo","Santo Domingo Norte","Sierra Prieta","Sierra Prieta"
"Ozama o Metropolitana","Santo Domingo","Santo Domingo Norte","Duquesa","Duquesa"
"Ozama o Metropolitana","Santo Domingo","Santo Domingo Norte","Duquesa","La Jacagua"
"Ozama o Metropolitana","Santo Domingo","Santo Domingo Norte","Duquesa","Los Cazabes"
"Ozama o Metropolitana","Santo Domingo","Santo Domingo Norte","Higüero","Cajuilito"
"Ozama o Metropolitana","Santo Domingo","Santo Domingo Norte","Higüero","Higüero Abajo"
"Ozama o Metropolitana","Santo Domingo","Santo Domingo Norte","Higüero","La Gina"
"Ozama o Metropolitana","Santo Domingo","Santo Domingo Norte","Higüero","La Sabana del Hato"
"Ozama o Metropolitana","Santo Domingo","Santo Domingo Norte","Higüero","Los Llanos"
"Ozama o Metropolitana","Santo Domingo","Santo Domingo Norte","Higüero","Rincón Yaco"
"Ozama o Metropolitana","Santo Domingo","Santo Domingo Norte","La Jagua","Amor a Dios"
"Ozama o Metropolitana","Santo Domingo","Santo Domingo Norte","La Jagua","La Jagua"
"Ozama o Metropolitana","Santo Domingo","Santo Domingo Norte","La Jagua","La Joya o Los Goya"
"Ozama o Metropolitana","Santo Domingo","Santo Domingo Norte","La Jagua","Loma de Mateo"
"Ozama o Metropolitana","Santo Domingo","Santo Domingo Norte","La Jagua","Los Callejones"
"Ozama o Metropolitana","Santo Domingo","Santo Domingo Norte","La Jagua","Los Cocos"
"Ozama o Metropolitana","Santo Domingo","Santo Domingo Norte","La Jagua","Los Mameyes"
"Ozama o Metropolitana","Santo Domingo","Santo Domingo Norte","La Jagua","Los Peralejos"
"Ozama o Metropolitana","Santo Domingo","Santo Domingo Norte","La Jagua","Rincón"
"Ozama o Metropolitana","Santo Domingo","Santo Domingo Norte","La Victoria","La Victoria"
"Ozama o Metropolitana","Santo Domingo","Santo Domingo Norte","Mal Nombre","El Corozo"
"Ozama o Metropolitana","Santo Domingo","Santo Domingo Norte","Mal Nombre","El Dajao"
"Ozama o Metropolitana","Santo Domingo","Santo Domingo Norte","Mal Nombre","El Jobo"
"Ozama o Metropolitana","Santo Domingo","Santo Domingo Norte","Mal Nombre","Juan Tomás"
"Ozama o Metropolitana","Santo Domingo","Santo Domingo Norte","Mal Nombre","La Caoba"
"Ozama o Metropolitana","Santo Domingo","Santo Domingo Norte","Mal Nombre","Mal Nombre"
"Ozama o Metropolitana","Santo Domingo","Santo Domingo Norte","Mal Nombre","Maricao"
"Ozama o Metropolitana","Santo Domingo","Santo Domingo Norte","Mal Nombre","Palmilla"
"Ozama o Metropolitana","Santo Domingo","Santo Domingo Norte","Mal Nombre","Primavera"
"Ozama o Metropolitana","Santo Domingo","Santo Domingo Norte","Mal Nombre","Punta Larga"
"Ozama o Metropolitana","Santo Domingo","Santo Domingo Norte","La Virgen","Ferregús"
"Ozama o Metropolitana","Santo Domingo","Santo Domingo Norte","La Virgen","La Culata"
"Ozama o Metropolitana","Santo Domingo","Santo Domingo Norte","La Virgen","La Virgen"
"Ozama o Metropolitana","Santo Domingo","Santo Domingo Norte","La Virgen","San Joaquín"
"Ozama o Metropolitana","Santo Domingo","Santo Domingo Norte","La Virgen","Verdúm"
"Ozama o Metropolitana","Santo Domingo","Santo Domingo Norte","Mata Mamón","Aguacate Adentro"
"Ozama o Metropolitana","Santo Domingo","Santo Domingo Norte","Mata Mamón","Cabón"
"Ozama o Metropolitana","Santo Domingo","Santo Domingo Norte","Mata Mamón","El Higüerito"
"Ozama o Metropolitana","Santo Domingo","Santo Domingo Norte","Mata Mamón","El Ocho"
"Ozama o Metropolitana","Santo Domingo","Santo Domingo Norte","Mata Mamón","El Siete"
"Ozama o Metropolitana","Santo Domingo","Santo Domingo Norte","Mata Mamón","La Guabina"
"Ozama o Metropolitana","Santo Domingo","Santo Domingo Norte","Mata Mamón","Los Genaro"
"Ozama o Metropolitana","Santo Domingo","Santo Domingo Norte","Mata Mamón","Los Potrazos"
"Ozama o Metropolitana","Santo Domingo","Santo Domingo Norte","Mata Mamón","Los Rosario"
"Ozama o Metropolitana","Santo Domingo","Santo Domingo Norte","Mata Mamón","Los Tapia (El Ocho)"
"Ozama o Metropolitana","Santo Domingo","Santo Domingo Norte","Mata Mamón","Mata Mamón"
"Ozama o Metropolitana","Santo Domingo","Santo Domingo Norte","Mata Mamón","Rincón Dorado"
"Ozama o Metropolitana","Santo Domingo","Santo Domingo Norte","Mata Mamón","San Mateo"
"Ozama o Metropolitana","Santo Domingo","Santo Domingo Norte","Mata Mamón","Santana"
"Ozama o Metropolitana","Santo Domingo","Santo Domingo Norte","La Bomba","Guayabo"
"Ozama o Metropolitana","Santo Domingo","Santo Domingo Norte","La Bomba","La Bomba"
"Ozama o Metropolitana","Santo Domingo","Santo Domingo Norte","Guanuma","Batey Guanuma"
"Ozama o Metropolitana","Santo Domingo","Santo Domingo Norte","Guanuma","El Hato de Sanguíneo"
"Ozama o Metropolitana","Santo Domingo","Santo Domingo Norte","Guanuma","La Gina (La Tita)"
"Ozama o Metropolitana","Santo Domingo","Santo Domingo Norte","Guanuma","Mata Redonda"
"Ozama o Metropolitana","Santo Domingo","Santo Domingo Norte","Hacienda Estrella","El 10 de Hacienda Estrella"
"Ozama o Metropolitana","Santo Domingo","Santo Domingo Norte","Hacienda Estrella","El 11 de Hacienda Estrella"
"Ozama o Metropolitana","Santo Domingo","Santo Domingo Norte","Hacienda Estrella","Hacienda Estrella"
"Ozama o Metropolitana","Santo Domingo","Santo Domingo Norte","Hacienda Estrella","La Campaña"
"Ozama o Metropolitana","Santo Domingo","Santo Domingo Norte","Hacienda Estrella","Los Morenos"
"Ozama o Metropolitana","Santo Domingo","Santo Domingo Norte","Hacienda Estrella","San Mateo"
"Ozama o Metropolitana","Santo Domingo","Santo Domingo Norte","La Ceiba","Cruce de Gina"
"Ozama o Metropolitana","Santo Domingo","Santo Domingo Norte","La Ceiba","La Ceiba"
"Ozama o Metropolitana","Santo Domingo","Santo Domingo Norte","La Ceiba","La Jaiba"
"Ozama o Metropolitana","Santo Domingo","Santo Domingo Norte","La Ceiba","La Piña"
"Ozama o Metropolitana","Santo Domingo","Santo Domingo Norte","La Ceiba","Los Castillos"
"Ozama o Metropolitana","Santo Domingo","Santo Domingo Norte","La Ceiba","Los Mambruses"
"Ozama o Metropolitana","Santo Domingo","Santo Domingo Norte","La Ceiba","Los Mercedes"
"Ozama o Metropolitana","Santo Domingo","Santo Domingo Norte","La Ceiba","Rancho Arriba-Cabón"
"Ozama o Metropolitana","Santo Domingo","Santo Domingo Oeste","Santo Domingo Oeste","Alameda"
"Ozama o Metropolitana","Santo Domingo","Santo Domingo Oeste","Santo Domingo Oeste","Bayona"
"Ozama o Metropolitana","Santo Domingo","Santo Domingo Oeste","Santo Domingo Oeste","Buenos Aires de Herrera"
"Ozama o Metropolitana","Santo Domingo","Santo Domingo Oeste","Santo Domingo Oeste","Costa Verde"
"Ozama o Metropolitana","Santo Domingo","Santo Domingo Oeste","Santo Domingo Oeste","Engombe"
"Ozama o Metropolitana","Santo Domingo","Santo Domingo Oeste","Santo Domingo Oeste","Enriquillo"
"Ozama o Metropolitana","Santo Domingo","Santo Domingo Oeste","Santo Domingo Oeste","Finca de Engombe"
"Ozama o Metropolitana","Santo Domingo","Santo Domingo Oeste","Santo Domingo Oeste","Herrera"
"Ozama o Metropolitana","Santo Domingo","Santo Domingo Oeste","Santo Domingo Oeste","Juan Pablo Duarte"
"Ozama o Metropolitana","Santo Domingo","Santo Domingo Oeste","Santo Domingo Oeste","La Altagracia"
"Ozama o Metropolitana","Santo Domingo","Santo Domingo Oeste","Santo Domingo Oeste","La Rosa"
"Ozama o Metropolitana","Santo Domingo","Santo Domingo Oeste","Santo Domingo Oeste","Las Caobas"
"Ozama o Metropolitana","Santo Domingo","Santo Domingo Oeste","Santo Domingo Oeste","Manoguayabo"
"Ozama o Metropolitana","Santo Domingo","Santo Domingo Oeste","Santo Domingo Oeste","San Miguel"
"Ozama o Metropolitana","Santo Domingo","Santo Domingo Oeste","Santo Domingo Oeste","Santo Domingo Country Club"
"Ozama o Metropolitana","Santo Domingo","Santo Domingo Oeste","Santo Domingo Oeste","Zona Industrial Herrera"
"Ozama o Metropolitana","Santo Domingo","Santo Domingo Oeste","Manoguayabo","Bienvenido"
"Ozama o Metropolitana","Santo Domingo","Santo Domingo Oeste","Manoguayabo","Buenas Noches"
"Ozama o Metropolitana","Santo Domingo","Santo Domingo Oeste","Manoguayabo","Caballona"
"Ozama o Metropolitana","Santo Domingo","Santo Domingo Oeste","Manoguayabo","Hato Nuevo"
"Ozama o Metropolitana","Santo Domingo","Santo Domingo Oeste","Manoguayabo","La Ciénaga"
"Ozama o Metropolitana","Santo Domingo","Santo Domingo Oeste","Manoguayabo","Palavé"
"Valdesia","Azua","Azua","Azua de Compostela","Acapulco"
"Valdesia","Azua","Azua","Azua de Compostela","Alto de las Flores"
"Valdesia","Azua","Azua","Azua de Compostela","Buenos Aires"
"Valdesia","Azua","Azua","Azua de Compostela","Centro de la Ciudad"
"Valdesia","Azua","Azua","Azua de Compostela","El Prado"
"Valdesia","Azua","Azua","Azua de Compostela","Juan Pablo Duarte"
"Valdesia","Azua","Azua","Azua de Compostela","La Bombita"
"Valdesia","Azua","Azua","Azua de Compostela","La Frontera"
"Valdesia","Azua","Azua","Azua de Compostela","La Nevera"
"Valdesia","Azua","Azua","Azua de Compostela","Los Cartones"
"Valdesia","Azua","Azua","Azua de Compostela","Los Mangos"
"Valdesia","Azua","Azua","Azua de Compostela","Los Parceleros"
"Valdesia","Azua","Azua","Azua de Compostela","Mejoramiento Social"
"Valdesia","Azua","Azua","Azua de Compostela","Pajarito"
"Valdesia","Azua","Azua","Azua de Compostela","Pueblo Abajo"
"Valdesia","Azua","Azua","Azua de Compostela","Savica"
"Valdesia","Azua","Azua","Azua de Compostela","Simón Striddels"
"Valdesia","Azua","Azua","Azua de Compostela","Urbanización Quisqueya"
"Valdesia","Azua","Azua","Azua de Compostela","Villa Esperanza"
"Valdesia","Azua","Azua","Barro Arriba","La Golondrina"
"Valdesia","Azua","Azua","Barro Arriba","La Sabana"
"Valdesia","Azua","Azua","Villa Corazón de Jesús","El Higüerito"
"Valdesia","Azua","Azua","Villa Corazón de Jesús","Los Lirios"
"Valdesia","Azua","Azua","Barro en Medio","Aguaelico"
"Valdesia","Azua","Azua","Barro en Medio","Barro en Medio"
"Valdesia","Azua","Azua","Barro en Medio","Gurabo"
"Valdesia","Azua","Azua","Barro en Medio","La Golondrina"
"Valdesia","Azua","Azua","Barro en Medio","Los Conuquitos"
"Valdesia","Azua","Azua","El Puerto","Barro Arriba"
"Valdesia","Azua","Azua","El Puerto","El Prado"
"Valdesia","Azua","Azua","El Puerto","La Sabana"
"Valdesia","Azua","Azua","El Puerto","La Vereda"
"Valdesia","Azua","Azua","El Puerto","Los Magaleños"
"Valdesia","Azua","Azua","Las Barías-La Estancia","La Estancia"
"Valdesia","Azua","Azua","Las Barías-La Estancia","Las Barías"
"Valdesia","Azua","Azua","La Ceiba Vieja","La Ceiba Vieja"
"Valdesia","Azua","Azua","La Ceiba Nueva","La Ceiba Nueva"
"Valdesia","Azua","Azua","Los Jovillos","6to (Kilómetro 6)"
"Valdesia","Azua","Azua","Los Jovillos","Kilómetro 7"
"Valdesia","Azua","Azua","Los Jovillos","Los Españoles"
"Valdesia","Azua","Azua","Los Jovillos","Los Jovillos"
"Valdesia","Azua","Azua","La Altagracia","Arroyo Copey"
"Valdesia","Azua","Azua","La Altagracia","Betania"
"Valdesia","Azua","Azua","La Altagracia","Caña Piedra (Cañada de Piedra)"
"Valdesia","Azua","Azua","La Altagracia","Jura"
"Valdesia","Azua","Azua","La Altagracia","La Altagracia"
"Valdesia","Azua","Azua","La Altagracia","Maleno La Mina"
"Valdesia","Azua","Azua","Kilómetro 7","Kilómetro 8"
"Valdesia","Azua","Azua","Kilómetro 7","Los Jovillos"
"Valdesia","Azua","Azua","Puerto Viejo","Los Negros"
"Valdesia","Azua","Azua","Ranchería","El Puerto"
"Valdesia","Azua","Azua","Ranchería","Los Negros"
"Valdesia","Azua","Azua","Ranchería","Palmar de Buena Vista"
"Valdesia","Azua","Azua","Ranchería","Ranchería"
"Valdesia","Azua","Azua","Barreras","Barreras"
"Valdesia","Azua","Azua","Mordán","El Alto"
"Valdesia","Azua","Azua","Mordán","Mordán"
"Valdesia","Azua","Azua","Doña Emma Balaguer Viuda Vallejo","Doña Emma Balaguer Viuda Vallejo"
"Valdesia","Azua","Azua","Monte Río","Monte Río"
"Valdesia","Azua","Azua","Clavellina","Centro del Pueblo"
"Valdesia","Azua","Azua","Clavellina","Guazábara"
"Valdesia","Azua","Azua","Clavellina","Palmarejo"
"Valdesia","Azua","Azua","Clavellina","Terreros"
"Valdesia","Azua","Azua","Los Tramojos","Los Tramojos"
"Valdesia","Azua","Azua","Los Barrancones","Los Barrancones"
"Valdesia","Azua","Azua","Las Lomas","Las Lomas"
"Valdesia","Azua","Azua","La Cabuyita","Cañada Majagua"
"Valdesia","Azua","Azua","La Cabuyita","Cañetín"
"Valdesia","Azua","Azua","La Cabuyita","Cerro de los Cacheos"
"Valdesia","Azua","Azua","La Cabuyita","El Cachón"
"Valdesia","Azua","Azua","La Cabuyita","El Caño"
"Valdesia","Azua","Azua","La Cabuyita","El Papayo"
"Valdesia","Azua","Azua","La Cabuyita","Gajo de Majagua"
"Valdesia","Azua","Azua","La Cabuyita","Gajo del Toro"
"Valdesia","Azua","Azua","La Cabuyita","Gajo Irabón"
"Valdesia","Azua","Azua","La Cabuyita","Gajo Largo"
"Valdesia","Azua","Azua","La Cabuyita","Ganzú"
"Valdesia","Azua","Azua","La Cabuyita","Kilómetro 2 y Medio"
"Valdesia","Azua","Azua","La Cabuyita","La Cruz de los Calabozos"
"Valdesia","Azua","Azua","La Cabuyita","La Cuarenta"
"Valdesia","Azua","Azua","La Cabuyita","La Cueva"
"Valdesia","Azua","Azua","La Cabuyita","La Guajaca"
"Valdesia","Azua","Azua","La Cabuyita","La Llanada"
"Valdesia","Azua","Azua","La Cabuyita","La Mina"
"Valdesia","Azua","Azua","La Cabuyita","Las Cañitas"
"Valdesia","Azua","Azua","La Cabuyita","Las Yayitas"
"Valdesia","Azua","Azua","La Cabuyita","Loma Agua Fría"
"Valdesia","Azua","Azua","La Cabuyita","Loma Arroyo Guayabo"
"Valdesia","Azua","Azua","La Cabuyita","Los Cacaos"
"Valdesia","Azua","Azua","La Cabuyita","Los Candelones"
"Valdesia","Azua","Azua","La Cabuyita","Los Cocos"
"Valdesia","Azua","Azua","La Cabuyita","Los Lazos"
"Valdesia","Azua","Azua","La Cabuyita","Los Palmaritos"
"Valdesia","Azua","Azua","La Cabuyita","Los Paniagua"
"Valdesia","Azua","Azua","La Cabuyita","Los Tablones"
"Valdesia","Azua","Azua","La Cabuyita","Monte Grande"
"Valdesia","Azua","Azua","La Cabuyita","Peñaló"
"Valdesia","Azua","Azua","La Cabuyita","Rancho Arriba"
"Valdesia","Azua","Azua","La Cabuyita","Río Vía"
"Valdesia","Azua","Azua","La Cabuyita","Tito Mina"
"Valdesia","Azua","Estebanía","Estebanía","Alto de Filomena (Altos de Chavón)"
"Valdesia","Azua","Estebanía","Estebanía","Alto del Hoyo"
"Valdesia","Azua","Estebanía","Estebanía","Centro del Pueblo"
"Valdesia","Azua","Estebanía","Estebanía","El Progreso"
"Valdesia","Azua","Estebanía","Estebanía","La Tunita"
"Valdesia","Azua","Estebanía","Estebanía","Las Flores"
"Valdesia","Azua","Estebanía","Estebanía","Los Cartones"
"Valdesia","Azua","Estebanía","Estebanía","Nuevo o Detrás del Cementerio"
"Valdesia","Azua","Estebanía","Estebanía","Palero"
"Valdesia","Azua","Estebanía","Estebanía","Placer Bonito"
"Valdesia","Azua","Estebanía","Estebanía","Pueblo Abajo"
"Valdesia","Azua","Estebanía","El Memiso","Conuco del Río"
"Valdesia","Azua","Estebanía","El Memiso","El Barraco"
"Valdesia","Azua","Estebanía","El Memiso","El Coco"
"Valdesia","Azua","Estebanía","El Memiso","El Memiso"
"Valdesia","Azua","Estebanía","El Memiso","Las Barías"
"Valdesia","Azua","Estebanía","El Memiso","Las Palmas"
"Valdesia","Azua","Estebanía","El Memiso","Los Cascajales de Sánchez"
"Valdesia","Azua","Estebanía","El Memiso","Los Limones"
"Valdesia","Azua","Estebanía","El Memiso","Los Matos (Los Mateos)"
"Valdesia","Azua","Estebanía","El Memiso","Monte Abajo"
"Valdesia","Azua","Estebanía","El Memiso","Río Abajo"
"Valdesia","Azua","Estebanía","Rancho del Pino","Arroyo Hondo"
"Valdesia","Azua","Estebanía","Rancho del Pino","Canelilla"
"Valdesia","Azua","Estebanía","Rancho del Pino","Derrico Blanco"
"Valdesia","Azua","Estebanía","Rancho del Pino","El Palmar"
"Valdesia","Azua","Estebanía","Rancho del Pino","La Cumbre"
"Valdesia","Azua","Estebanía","Rancho del Pino","La Damajagua"
"Valdesia","Azua","Estebanía","Rancho del Pino","La Fortuna"
"Valdesia","Azua","Estebanía","Rancho del Pino","Los Caimitos"
"Valdesia","Azua","Estebanía","Rancho del Pino","Los Corralitos"
"Valdesia","Azua","Estebanía","Rancho del Pino","Paso Hondo"
"Valdesia","Azua","Estebanía","Rancho del Pino","Rancho del Pino"
"Valdesia","Azua","Estebanía","La China","La China"
"Valdesia","Azua","Estebanía","La China","La Cienaguita"
"Valdesia","Azua","Estebanía","La China","La Peñita"
"Valdesia","Azua","Estebanía","La China","Los Guanos"
"Valdesia","Azua","Estebanía","La China","Los Naranjitos"
"Valdesia","Azua","Estebanía","La China","Rancho Viejo"
"Valdesia","Azua","Estebanía","Arroyo Colorado","Arroyo Colorado"
"Valdesia","Azua","Estebanía","Arroyo Colorado","Arroyo la Chinguita"
"Valdesia","Azua","Estebanía","Arroyo Colorado","El Quemao"
"Valdesia","Azua","Estebanía","Arroyo Colorado","La Guázuma"
"Valdesia","Azua","Estebanía","El Limón","Agua Fría"
"Valdesia","Azua","Estebanía","El Limón","El Limón"
"Valdesia","Azua","Estebanía","El Limón","Las Tembladeras"
"Valdesia","Azua","Estebanía","El Limón","Los Maniaderos"
"Valdesia","Azua","Estebanía","El Limón","Rancho Arriba"
"Valdesia","Azua","Estebanía","El Limón","Rancho Arriba Abajo"
"Valdesia","Azua","Estebanía","Kilómetro 8","Arroyo San Francisco"
"Valdesia","Azua","Estebanía","Kilómetro 8","El Peñón"
"Valdesia","Azua","Estebanía","Kilómetro 8","Kilómetro 8"
"Valdesia","Azua","Estebanía","Kilómetro 8","La Boca del Arroyo"
"Valdesia","Azua","Estebanía","Sabana de Miguel Martín","El Convento"
"Valdesia","Azua","Estebanía","Sabana de Miguel Martín","Los Calimetes"
"Valdesia","Azua","Estebanía","Sabana de Miguel Martín","Los Corralitos"
"Valdesia","Azua","Estebanía","Sabana de Miguel Martín","Los Platones"
"Valdesia","Azua","Estebanía","Sabana de Miguel Martín","Sabana Miguel Martín"
"Valdesia","Azua","Estebanía","El Cruce","Agua las Palmas"
"Valdesia","Azua","Estebanía","El Cruce","El Cruce de Estebanía"
"Valdesia","Azua","Estebanía","El Cruce","La Boquita"
"Valdesia","Azua","Estebanía","El Cruce","Las Bateas"
"Valdesia","Azua","Estebanía","El Cruce","Río Chiquito"
"Valdesia","Azua","Estebanía","Río Grande","Arroyo El Pinal"
"Valdesia","Azua","Estebanía","Río Grande","Cañada Casao"
"Valdesia","Azua","Estebanía","Río Grande","Cañada El Verraco"
"Valdesia","Azua","Estebanía","Río Grande","Cañada Honda"
"Valdesia","Azua","Estebanía","Río Grande","El Salto"
"Valdesia","Azua","Estebanía","Río Grande","Las Cañitas"
"Valdesia","Azua","Estebanía","Río Grande","Los Naranjitos"
"Valdesia","Azua","Estebanía","Río Grande","Monte de los Gatos"
"Valdesia","Azua","Estebanía","Río Grande","Pascual"
"Valdesia","Azua","Estebanía","Río Grande","Río Grande"
"Valdesia","Azua","Estebanía","Los Quemados","Las dos Lomas"
"Valdesia","Azua","Estebanía","Los Quemados","Las Malaguetas"
"Valdesia","Azua","Estebanía","Los Quemados","Los Palmaritos"
"Valdesia","Azua","Estebanía","Los Quemados","Los Portesuelos"
"Valdesia","Azua","Estebanía","Los Quemados","Los Quemados"
"Valdesia","Azua","Estebanía","El Francés","El Convento"
"Valdesia","Azua","Estebanía","El Francés","Las Manaclas"
"Valdesia","Azua","Estebanía","El Francés","Loma Arriba"
"Valdesia","Azua","Estebanía","El Francés","Los Gajos"
"Valdesia","Azua","Estebanía","El Francés","Los Yugos"
"Valdesia","Azua","Estebanía","El Francés","Monte Plata"
"Valdesia","Azua","Guayabal","Guayabal","Guayabal"
"Valdesia","Azua","Guayabal","Guayabal","Las Canitas"
"Valdesia","Azua","Guayabal","Guayabal","Los Taínos"
"Valdesia","Azua","Guayabal","El Naranjito","Arroyo la Vaca"
"Valdesia","Azua","Guayabal","El Naranjito","El Naranjito"
"Valdesia","Azua","Guayabal","El Naranjito","El Recodo"
"Valdesia","Azua","Guayabal","El Naranjito","Fruta de Paloma"
"Valdesia","Azua","Guayabal","El Naranjito","Hoyo Sin Fin"
"Valdesia","Azua","Guayabal","El Naranjito","La Cienaguita o Yuna"
"Valdesia","Azua","Guayabal","El Naranjito","La Cueva"
"Valdesia","Azua","Guayabal","El Naranjito","La Finca"
"Valdesia","Azua","Guayabal","El Naranjito","Las Cayas"
"Valdesia","Azua","Guayabal","El Naranjito","Loma Miguel Martín"
"Valdesia","Azua","Guayabal","El Naranjito","Los Naranjales"
"Valdesia","Azua","Guayabal","El Naranjito","Palma Cana"
"Valdesia","Azua","Guayabal","El Naranjito","Paso Cabrera"
"Valdesia","Azua","Guayabal","El Naranjito","Sabana San Juan"
"Valdesia","Azua","Guayabal","Arroyo Corozo","Arroyo Corozo (El Corozo)"
"Valdesia","Azua","Guayabal","Arroyo Corozo","El Montazo"
"Valdesia","Azua","Guayabal","Arroyo Corozo","La Gina"
"Valdesia","Azua","Guayabal","Arroyo Corozo","Las Avispas"
"Valdesia","Azua","Guayabal","Arroyo Corozo","Las Cañitas"
"Valdesia","Azua","Guayabal","Arroyo Corozo","Las Cojas"
"Valdesia","Azua","Guayabal","Arroyo Corozo","Las Guamas"
"Valdesia","Azua","Guayabal","Arroyo Corozo","Las Lagunitas"
"Valdesia","Azua","Las Charcas","Las Charcas","Las Charcas"
"Valdesia","Azua","Las Charcas","Hatillo","Arroyo Hatillo"
"Valdesia","Azua","Las Charcas","Hatillo","Caña Rafé"
"Valdesia","Azua","Las Charcas","Hatillo","Hatillo"
"Valdesia","Azua","Las Charcas","Hatillo","La Cienaguita"
"Valdesia","Azua","Las Charcas","Hatillo","La Delicia"
"Valdesia","Azua","Las Charcas","Hatillo","Loma Vieja"
"Valdesia","Azua","Las Charcas","Hatillo","Playa Chiquita"
"Valdesia","Azua","Las Charcas","Cañada Cimarrona","Arroyo Naranjo"
"Valdesia","Azua","Las Charcas","Cañada Cimarrona","Barranca"
"Valdesia","Azua","Las Charcas","Cañada Cimarrona","Cañada Cimarrona"
"Valdesia","Azua","Las Charcas","Cañada Cimarrona","La Palma"
"Valdesia","Azua","Las Charcas","Cañada Cimarrona","La Peñita"
"Valdesia","Azua","Las Charcas","Cañada Cimarrona","Las Baitoas"
"Valdesia","Azua","Las Charcas","Cañada Cimarrona","Los Barrancos"
"Valdesia","Azua","Las Charcas","Cañada Cimarrona","Los Guanábanos"
"Valdesia","Azua","Las Charcas","Cañada Cimarrona","Los Limones"
"Valdesia","Azua","Las Charcas","Cañada Cimarrona","Los Naranjos"
"Valdesia","Azua","Las Charcas","Boquerón","Boquerón"
"Valdesia","Azua","Las Charcas","Boquerón","El Número"
"Valdesia","Azua","Las Charcas","Boquerón","Los Ciruelos"
"Valdesia","Azua","Las Charcas","Boquerón","Monte La Guardia"
"Valdesia","Azua","Las Charcas","Caracoles","Boca Cachón"
"Valdesia","Azua","Las Charcas","Caracoles","Caracoles"
"Valdesia","Azua","Las Charcas","Caracoles","El Cruce"
"Valdesia","Azua","Las Charcas","Caracoles","El Salado"
"Valdesia","Azua","Las Charcas","Caracoles","La Acequia"
"Valdesia","Azua","Las Charcas","Caracoles","Las Tejas"
"Valdesia","Azua","Las Charcas","Caracoles","Los Algodones"
"Valdesia","Azua","Las Charcas","Palmar de Ocoa","Palmar de Ocoa"
"Valdesia","Azua","Las Charcas","Duvergé","Duvergé"
"Valdesia","Azua","Las Charcas","Duvergé","El Batey"
"Valdesia","Azua","Las Charcas","Duvergé","El Golfo"
"Valdesia","Azua","Las Charcas","Duvergé","Las Paredes o Los Paredones"
"Valdesia","Azua","Las Charcas","Duvergé","Palmar de Ocoa"
"Valdesia","Azua","Las Yayas de Viajama","Las Yayas de Viajama","Blanco"
"Valdesia","Azua","Las Yayas de Viajama","Las Yayas de Viajama","La Ceiba"
"Valdesia","Azua","Las Yayas de Viajama","Las Yayas de Viajama","La Cueva"
"Valdesia","Azua","Las Yayas de Viajama","Las Yayas de Viajama","La Tunita"
"Valdesia","Azua","Las Yayas de Viajama","Las Yayas de Viajama","Las Yayas Abajo"
"Valdesia","Azua","Las Yayas de Viajama","Las Yayas de Viajama","Las Yayas Arriba"
"Valdesia","Azua","Las Yayas de Viajama","Las Yayas de Viajama","Los Candelones"
"Valdesia","Azua","Las Yayas de Viajama","Las Yayas de Viajama","San Joaquín"
"Valdesia","Azua","Las Yayas de Viajama","Las Yayas de Viajama","Vietnam"
"Valdesia","Azua","Las Yayas de Viajama","Viajama","Agua Amarga"
"Valdesia","Azua","Las Yayas de Viajama","Viajama","La Pocilga"
"Valdesia","Azua","Las Yayas de Viajama","Viajama","Los Gajos"
"Valdesia","Azua","Las Yayas de Viajama","Viajama","Los Naranjos (Pozo del Naranjo)"
"Valdesia","Azua","Las Yayas de Viajama","Viajama","Viajama"
"Valdesia","Azua","Las Yayas de Viajama","Villarpando","Villarpando"
"Valdesia","Azua","Las Yayas de Viajama","Canoa","Juan Sánchez"
"Valdesia","Azua","Las Yayas de Viajama","Canoa","Las Canoas"
"Valdesia","Azua","Las Yayas de Viajama","Canoa","Los Corozos"
"Valdesia","Azua","Las Yayas de Viajama","Bastidas","Bastidas"
"Valdesia","Azua","Las Yayas de Viajama","Bastidas","Villarpando"
"Valdesia","Azua","Las Yayas de Viajama","Arroyo Salado","Arroyo Salado"
"Valdesia","Azua","Las Yayas de Viajama","Arroyo Salado","El 40 (La Cuarenta)"
"Valdesia","Azua","Las Yayas de Viajama","Arroyo Salado","La Trinchera"
"Valdesia","Azua","Las Yayas de Viajama","Arroyo Salado","Loma del Guano (Los Jobos)"
"Valdesia","Azua","Las Yayas de Viajama","Hato Nuevo Cortés","Hato Nuevo Cortés"
"Valdesia","Azua","Las Yayas de Viajama","Orégano Grande","Orégano Grande"
"Valdesia","Azua","Las Yayas de Viajama","El Cruce de Las Yayas","Boca de la Mula"
"Valdesia","Azua","Las Yayas de Viajama","El Cruce de Las Yayas","Corbanal"
"Valdesia","Azua","Las Yayas de Viajama","El Cruce de Las Yayas","El Cruce de Las Yayas"
"Valdesia","Azua","Las Yayas de Viajama","El Cruce de Las Yayas","Las Hormigas"
"Valdesia","Azua","Las Yayas de Viajama","El Cruce de Las Yayas","Los Güiros"
"Valdesia","Azua","Las Yayas de Viajama","El Cruce de Las Yayas","Monte Grande"
"Valdesia","Azua","Las Yayas de Viajama","Magüeyal","Magüeyal"
"Valdesia","Azua","Padre Las Casas","Padre Las Casas","Basilio Linia"
"Valdesia","Azua","Padre Las Casas","Padre Las Casas","Buena Vista"
"Valdesia","Azua","Padre Las Casas","Padre Las Casas","Centro del Pueblo"
"Valdesia","Azua","Padre Las Casas","Padre Las Casas","Los Magino"
"Valdesia","Azua","Padre Las Casas","Padre Las Casas","Santa Ana"
"Valdesia","Azua","Padre Las Casas","Padre Las Casas","Villa Ocoa o Los Suburbios"
"Valdesia","Azua","Padre Las Casas","Viejo Sabana Yegua","Boca de los Ríos"
"Valdesia","Azua","Padre Las Casas","Viejo Sabana Yegua","El Cajuil"
"Valdesia","Azua","Padre Las Casas","Viejo Sabana Yegua","La Cucarita"
"Valdesia","Azua","Padre Las Casas","Viejo Sabana Yegua","La Frontera"
"Valdesia","Azua","Padre Las Casas","Viejo Sabana Yegua","Los Avelles"
"Valdesia","Azua","Padre Las Casas","Viejo Sabana Yegua","Los Caños"
"Valdesia","Azua","Padre Las Casas","Viejo Sabana Yegua","Los Cucuses"
"Valdesia","Azua","Padre Las Casas","Viejo Sabana Yegua","Ojo de Agua"
"Valdesia","Azua","Padre Las Casas","Viejo Sabana Yegua","Palomino"
"Valdesia","Azua","Padre Las Casas","Viejo Sabana Yegua","Pata de Gallina"
"Valdesia","Azua","Padre Las Casas","Las Lagunas","Las Lagunas"
"Valdesia","Azua","Padre Las Casas","Las Lagunas","El Cocho"
"Valdesia","Azua","Padre Las Casas","Las Lagunas","Juan Luciano"
"Valdesia","Azua","Padre Las Casas","Las Lagunas","La Meseta"
"Valdesia","Azua","Padre Las Casas","Las Lagunas","Las Lagunas"
"Valdesia","Azua","Padre Las Casas","Caña Castillo","Cañada C."
"Valdesia","Azua","Padre Las Casas","Caña Castillo","El Gramaso"
"Valdesia","Azua","Padre Las Casas","Caña Castillo","Laguna Castilla"
"Valdesia","Azua","Padre Las Casas","Las Cañitas","Botoncillo"
"Valdesia","Azua","Padre Las Casas","Las Cañitas","Cedro Sabina"
"Valdesia","Azua","Padre Las Casas","Las Cañitas","El Córbano"
"Valdesia","Azua","Padre Las Casas","Las Cañitas","El Corozo"
"Valdesia","Azua","Padre Las Casas","Las Cañitas","El Joval"
"Valdesia","Azua","Padre Las Casas","Las Cañitas","El Roblito"
"Valdesia","Azua","Padre Las Casas","Las Cañitas","El Tetero"
"Valdesia","Azua","Padre Las Casas","Las Cañitas","Fondo Viejo"
"Valdesia","Azua","Padre Las Casas","Las Cañitas","Gajo del Monte"
"Valdesia","Azua","Padre Las Casas","Las Cañitas","Hondo Valle"
"Valdesia","Azua","Padre Las Casas","Las Cañitas","La Cueva"
"Valdesia","Azua","Padre Las Casas","Las Cañitas","La Fortuna"
"Valdesia","Azua","Padre Las Casas","Las Cañitas","La Majagüita"
"Valdesia","Azua","Padre Las Casas","Las Cañitas","La Palmita"
"Valdesia","Azua","Padre Las Casas","Las Cañitas","La Sabina"
"Valdesia","Azua","Padre Las Casas","Las Cañitas","La Tasajera"
"Valdesia","Azua","Padre Las Casas","Las Cañitas","Las Cañitas"
"Valdesia","Azua","Padre Las Casas","Las Cañitas","Los Auqueyes"
"Valdesia","Azua","Padre Las Casas","Las Cañitas","Los Cedros o Mendoza"
"Valdesia","Azua","Padre Las Casas","Las Cañitas","Los Fogoncitos"
"Valdesia","Azua","Padre Las Casas","Las Cañitas","Los Pedregones"
"Valdesia","Azua","Padre Las Casas","Las Cañitas","Los Pericos"
"Valdesia","Azua","Padre Las Casas","Las Cañitas","Los Pinalitos"
"Valdesia","Azua","Padre Las Casas","Las Cañitas","Los Rodríguez"
"Valdesia","Azua","Padre Las Casas","Las Cañitas","Mata de Café o Loma del Café"
"Valdesia","Azua","Padre Las Casas","Las Cañitas","Palero"
"Valdesia","Azua","Padre Las Casas","Las Cañitas","Rosa"
"Valdesia","Azua","Padre Las Casas","Las Cañitas","Vallecitos"
"Valdesia","Azua","Padre Las Casas","La Siembra","La Siembra"
"Valdesia","Azua","Padre Las Casas","La Siembra","Los Cambrones"
"Valdesia","Azua","Padre Las Casas","Periquito","Derrumbado"
"Valdesia","Azua","Padre Las Casas","Periquito","Periquito"
"Valdesia","Azua","Padre Las Casas","Los Naranjos","El Desecho"
"Valdesia","Azua","Padre Las Casas","Los Naranjos","El Gajo"
"Valdesia","Azua","Padre Las Casas","Los Naranjos","El Palmar"
"Valdesia","Azua","Padre Las Casas","Los Naranjos","Monte Grande"
"Valdesia","Azua","Padre Las Casas","Los Naranjos","Naranjito"
"Valdesia","Azua","Padre Las Casas","Monte Bonito","El Córbano"
"Valdesia","Azua","Padre Las Casas","Monte Bonito","El Orégano"
"Valdesia","Azua","Padre Las Casas","Monte Bonito","Monte Bonito"
"Valdesia","Azua","Padre Las Casas","La Cabuya","Arroyo la Vaca"
"Valdesia","Azua","Padre Las Casas","La Cabuya","Cañada de Agua"
"Valdesia","Azua","Padre Las Casas","La Cabuya","El Pozo"
"Valdesia","Azua","Padre Las Casas","La Cabuya","Jubero"
"Valdesia","Azua","Padre Las Casas","La Cabuya","La Finca"
"Valdesia","Azua","Padre Las Casas","La Cabuya","La Nuez"
"Valdesia","Azua","Padre Las Casas","La Cabuya","Laguna Prieta"
"Valdesia","Azua","Padre Las Casas","La Cabuya","Los Calimetes"
"Valdesia","Azua","Padre Las Casas","La Cabuya","Los Gajos"
"Valdesia","Azua","Padre Las Casas","La Cabuya","Los Mochos"
"Valdesia","Azua","Padre Las Casas","La Cabuya","Los Pomos"
"Valdesia","Azua","Padre Las Casas","La Cabuya","Los Quemados"
"Valdesia","Azua","Padre Las Casas","La Cabuya","Los Rapaderos"
"Valdesia","Azua","Padre Las Casas","La Cabuya","Palmarito"
"Valdesia","Azua","Padre Las Casas","El Córbano (El Córvano)","Arroyo Yaya"
"Valdesia","Azua","Padre Las Casas","El Córbano (El Córvano)","Buena Vista"
"Valdesia","Azua","Padre Las Casas","El Córbano (El Córvano)","Carlos El Pino"
"Valdesia","Azua","Padre Las Casas","El Córbano (El Córvano)","Cerro de Piedra"
"Valdesia","Azua","Padre Las Casas","El Córbano (El Córvano)","El Cigual (La Concha)"
"Valdesia","Azua","Padre Las Casas","El Córbano (El Córvano)","El Córbano (El Córvano)"
"Valdesia","Azua","Padre Las Casas","El Córbano (El Córvano)","El Jobo"
"Valdesia","Azua","Padre Las Casas","El Córbano (El Córvano)","El Novillo"
"Valdesia","Azua","Padre Las Casas","El Córbano (El Córvano)","El Vallecito"
"Valdesia","Azua","Padre Las Casas","El Córbano (El Córvano)","Las Cañas"
"Valdesia","Azua","Padre Las Casas","El Córbano (El Córvano)","Los Higos"
"Valdesia","Azua","Padre Las Casas","El Córbano (El Córvano)","Los Indios"
"Valdesia","Azua","Padre Las Casas","El Córbano (El Córvano)","Los Patios"
"Valdesia","Azua","Padre Las Casas","El Córbano (El Córvano)","Palero"
"Valdesia","Azua","Padre Las Casas","El Córbano (El Córvano)","Villa Ocoa"
"Valdesia","Azua","Padre Las Casas","Los Fríos","Centro del Pueblo"
"Valdesia","Azua","Padre Las Casas","Los Fríos","Los Fríos al Medio"
"Valdesia","Azua","Padre Las Casas","Los Fríos","Los Haitises"
"Valdesia","Azua","Padre Las Casas","Los Fríos","Villa Armonía"
"Valdesia","Azua","Padre Las Casas","La Cucarita","Cucarita"
"Valdesia","Azua","Padre Las Casas","La Cucarita","El Hoyito"
"Valdesia","Azua","Padre Las Casas","La Cucarita","El Sayo"
"Valdesia","Azua","Padre Las Casas","La Cucarita","Mata de los Caballeros"
"Valdesia","Azua","Padre Las Casas","Los Guayuyos","Boca de la Laja"
"Valdesia","Azua","Padre Las Casas","Los Guayuyos","Boca de Montazo"
"Valdesia","Azua","Padre Las Casas","Los Guayuyos","El Estiladero"
"Valdesia","Azua","Padre Las Casas","Los Guayuyos","Los Guayuyos"
"Valdesia","Azua","Padre Las Casas","El Montazo","El Montazo"
"Valdesia","Azua","Padre Las Casas","El Montazo","El Recodo"
"Valdesia","Azua","Padre Las Casas","El Montazo","La Patiya (La Patilla)"
"Valdesia","Azua","Padre Las Casas","El Montazo","Los Montes Fríos"
"Valdesia","Azua","Peralta","Peralta","Camboya"
"Valdesia","Azua","Peralta","Peralta","Centro del Pueblo"
"Valdesia","Azua","Peralta","Peralta","Higüero"
"Valdesia","Azua","Peralta","Peralta","Los Jobos"
"Valdesia","Azua","Peralta","El Carrizal","El Carrizal"
"Valdesia","Azua","Peralta","El Carrizal","Los Calimetes"
"Valdesia","Azua","Peralta","El Carrizal","Los García"
"Valdesia","Azua","Peralta","El Carrizal","Los Ranchitos"
"Valdesia","Azua","Peralta","El Carrizal","Maleno"
"Valdesia","Azua","Peralta","El Carrizal","San Francisco"
"Valdesia","Azua","Peralta","El Majagual","Cascajal"
"Valdesia","Azua","Peralta","El Majagual","El Majagual"
"Valdesia","Azua","Peralta","El Majagual","Los Chicharrones"
"Valdesia","Azua","Peralta","El Majagual","Los Guayuyos"
"Valdesia","Azua","Peralta","El Majagual","Sonador"
"Valdesia","Azua","Peralta","Puerto","Arroyo Seco"
"Valdesia","Azua","Peralta","Puerto","Bañaderos"
"Valdesia","Azua","Peralta","Puerto","Cañada de Manaclas"
"Valdesia","Azua","Peralta","Puerto","El Alto"
"Valdesia","Azua","Peralta","Puerto","El Gajo"
"Valdesia","Azua","Peralta","Puerto","El Higüero"
"Valdesia","Azua","Peralta","Puerto","El Naranjal"
"Valdesia","Azua","Peralta","Puerto","El Naranjo o Naranjal"
"Valdesia","Azua","Peralta","Puerto","El Pinar"
"Valdesia","Azua","Peralta","Puerto","Guayuyal"
"Valdesia","Azua","Peralta","Puerto","La Laguna"
"Valdesia","Azua","Peralta","Puerto","La Vereda Atravesada"
"Valdesia","Azua","Peralta","Puerto","Los Naranjitos"
"Valdesia","Azua","Peralta","Puerto","Peralta"
"Valdesia","Azua","Peralta","Puerto","Puerta Vieja"
"Valdesia","Azua","Peralta","Puerto","Ventura"
"Valdesia","Azua","Pueblo Viejo","Pueblo Viejo","Batey"
"Valdesia","Azua","Pueblo Viejo","Pueblo Viejo","Buenos Aires"
"Valdesia","Azua","Pueblo Viejo","Pueblo Viejo","Centro 2"
"Valdesia","Azua","Pueblo Viejo","Pueblo Viejo","Enriquillo"
"Valdesia","Azua","Pueblo Viejo","Pueblo Viejo","Guachupita"
"Valdesia","Azua","Pueblo Viejo","Pueblo Viejo","La Cuchilla"
"Valdesia","Azua","Pueblo Viejo","Pueblo Viejo","Medio o Centro 1"
"Valdesia","Azua","Pueblo Viejo","Pueblo Viejo","México"
"Valdesia","Azua","Pueblo Viejo","Pueblo Viejo","Nuevo"
"Valdesia","Azua","Pueblo Viejo","Las Terreras","Las Terreras"
"Valdesia","Azua","Pueblo Viejo","Guayacanal","Guayacanal"
"Valdesia","Azua","Pueblo Viejo","Guayacanal","La Concordia"
"Valdesia","Azua","Pueblo Viejo","Guayacanal","La Victoria"
"Valdesia","Azua","Pueblo Viejo","Guayacanal","Las Auyamas"
"Valdesia","Azua","Pueblo Viejo","Guayacanal","Palmarejo"
"Valdesia","Azua","Pueblo Viejo","El Rosario","El Rosario"
"Valdesia","Azua","Pueblo Viejo","El Nuevo Curro","Nuevo Curro"
"Valdesia","Azua","Pueblo Viejo","La Ciénaga","La Ciénaga"
"Valdesia","Azua","Sabana Yegua","Sabana Yegua","Blanco"
"Valdesia","Azua","Sabana Yegua","Sabana Yegua","El Abanico"
"Valdesia","Azua","Sabana Yegua","Sabana Yegua","Los Cartones"
"Valdesia","Azua","Sabana Yegua","Sabana Yegua","Nuevo"
"Valdesia","Azua","Sabana Yegua","Sabana Yegua","Ojo de Agua"
"Valdesia","Azua","Sabana Yegua","Sabana Yegua","Sabana Yegua o Pintao"
"Valdesia","Azua","Sabana Yegua","Sabana Yegua","San Francisco o San Feo"
"Valdesia","Azua","Sabana Yegua","Proyecto 4","Proyecto 4"
"Valdesia","Azua","Sabana Yegua","Proyecto 4","Proyecto 4"
"Valdesia","Azua","Sabana Yegua","Ganadero","Ganadero Nuevo"
"Valdesia","Azua","Sabana Yegua","Ganadero","Ganadero Viejo"
"Valdesia","Azua","Sabana Yegua","Proyecto D-1 Ganadero","Proyecto D-1 Ganadero"
"Valdesia","Azua","Sabana Yegua","Proyecto 2-C","Proyecto 2-C"
"Valdesia","Azua","Sabana Yegua","Proyecto 2-C","El Copey"
"Valdesia","Azua","Sabana Yegua","Proyecto 2-C","Galindo"
"Valdesia","Azua","Sabana Yegua","Proyecto 2-C","Las Lajas"
"Valdesia","Azua","Sabana Yegua","Proyecto 2-C","Proyecto 2-C"
"Valdesia","Azua","Tábara Arriba","Tábara Arriba","El Cerro (Guayacanal)"
"Valdesia","Azua","Tábara Arriba","Tábara Arriba","La Palmita"
"Valdesia","Azua","Tábara Arriba","Tábara Arriba","Las Mercedes"
"Valdesia","Azua","Tábara Arriba","Tábara Arriba","Nuevo"
"Valdesia","Azua","Tábara Arriba","Tábara Arriba","Quisqueya"
"Valdesia","Azua","Tábara Arriba","Tábara Arriba","Tábara Arriba"
"Valdesia","Azua","Tábara Arriba","Tábara Abajo","El Barrio"
"Valdesia","Azua","Tábara Arriba","Tábara Abajo","El Plan"
"Valdesia","Azua","Tábara Arriba","Orégano Chiquito","Los Jovillos"
"Valdesia","Azua","Tábara Arriba","Orégano Chiquito","Orégano Chiquito"
"Valdesia","Azua","Tábara Arriba","Kilómetro 15","Cruce del 15"
"Valdesia","Azua","Tábara Arriba","Kilómetro 15","Los Manantiales"
"Valdesia","Azua","Tábara Arriba","Kilómetro 15","Tábara Abajo"
"Valdesia","Azua","Tábara Arriba","Amiama Gómez","Amiama Gómez"
"Valdesia","Azua","Tábara Arriba","Amiama Gómez","Amiama Gómez"
"Valdesia","Azua","Tábara Arriba","Amiama Gómez","Luperón"
"Valdesia","Azua","Tábara Arriba","Los Toros","Los Toros"
"Valdesia","Azua","Tábara Arriba","Las Guanábanas","Cuesta Blanca"
"Valdesia","Azua","Tábara Arriba","Las Guanábanas","Las Guanábanas"
"Valdesia","Azua","Tábara Arriba","Las Guanábanas","Los Cambrones"
"Valdesia","Azua","Tábara Arriba","Las Guanábanas","Rabo la Puerca"
"Valdesia","Azua","Tábara Arriba","Sajanoa","Arroyo Guayabo"
"Valdesia","Azua","Tábara Arriba","Sajanoa","La Tasajera"
"Valdesia","Azua","Tábara Arriba","Sajanoa","Sajanoa"
"Valdesia","Peravia","Baní","Baní","30 de Mayo"
"Valdesia","Peravia","Baní","Baní","Boca Canasta"
"Valdesia","Peravia","Baní","Baní","Brisas de Guázuma"
"Valdesia","Peravia","Baní","Baní","Centro del Pueblo"
"Valdesia","Peravia","Baní","Baní","El Fundo"
"Valdesia","Peravia","Baní","Baní","El Fundo (Mirador Norte)"
"Valdesia","Peravia","Baní","Baní","El INVI"
"Valdesia","Peravia","Baní","Baní","El Llano"
"Valdesia","Peravia","Baní","Baní","El Maní"
"Valdesia","Peravia","Baní","Baní","La Saona"
"Valdesia","Peravia","Baní","Baní","Las Marías"
"Valdesia","Peravia","Baní","Baní","Los Barrancones"
"Valdesia","Peravia","Baní","Baní","Los Cajuilitos"
"Valdesia","Peravia","Baní","Baní","Los Pescadores"
"Valdesia","Peravia","Baní","Baní","Mejoramiento Social"
"Valdesia","Peravia","Baní","Baní","Pueblo Nuevo"
"Valdesia","Peravia","Baní","Baní","Santa Cruz"
"Valdesia","Peravia","Baní","Baní","Santa Rosa"
"Valdesia","Peravia","Baní","Baní","Urbanización Brisas del Canal"
"Valdesia","Peravia","Baní","Baní","Urbanización María del Carmen"
"Valdesia","Peravia","Baní","Baní","Urbanización Palo Alto (Palo Blanco)"
"Valdesia","Peravia","Baní","Baní","Urbanización Valera Guzmán"
"Valdesia","Peravia","Baní","Baní","Villa Majeca"
"Valdesia","Peravia","Baní","Boca Canasta","Boca Canasta"
"Valdesia","Peravia","Baní","Boca Canasta","Corbanal"
"Valdesia","Peravia","Baní","Boca Canasta","Los Almendros"
"Valdesia","Peravia","Baní","Las Calderas","Las Calderas"
"Valdesia","Peravia","Baní","Las Calderas","Las Salinas"
"Valdesia","Peravia","Baní","El Cañafístol","Cañafístol"
"Valdesia","Peravia","Baní","Los Cateyes","Calderón"
"Valdesia","Peravia","Baní","Los Cateyes","El Aguacate"
"Valdesia","Peravia","Baní","Los Cateyes","Hoyo Nuevo"
"Valdesia","Peravia","Baní","Los Cateyes","La Cabirma"
"Valdesia","Peravia","Baní","Los Cateyes","La Guama"
"Valdesia","Peravia","Baní","Los Cateyes","La Malanga"
"Valdesia","Peravia","Baní","Los Cateyes","La Manaclas"
"Valdesia","Peravia","Baní","Los Cateyes","La Telanza"
"Valdesia","Peravia","Baní","Los Cateyes","Las Palmas"
"Valdesia","Peravia","Baní","Los Cateyes","Los Cateyes"
"Valdesia","Peravia","Baní","Los Cateyes","Los Fondos de Jigüey"
"Valdesia","Peravia","Baní","Los Cateyes","Los Jobos"
"Valdesia","Peravia","Baní","Los Cateyes","Monte Bonito"
"Valdesia","Peravia","Baní","Los Cateyes","Monteada de Javier"
"Valdesia","Peravia","Baní","Fundación de Peravia","Fundación de Peravia"
"Valdesia","Peravia","Baní","Fundación de Peravia","Peravia"
"Valdesia","Peravia","Baní","Honduras","El Bañadero"
"Valdesia","Peravia","Baní","Honduras","El Embalsadero o Sabana Roble"
"Valdesia","Peravia","Baní","Honduras","El Hoyo"
"Valdesia","Peravia","Baní","Honduras","El Matadero"
"Valdesia","Peravia","Baní","Honduras","El Montazo"
"Valdesia","Peravia","Baní","Honduras","Firme en Medio"
"Valdesia","Peravia","Baní","Honduras","Honduras"
"Valdesia","Peravia","Baní","Honduras","La Botija"
"Valdesia","Peravia","Baní","Honduras","La Cuaba"
"Valdesia","Peravia","Baní","Honduras","La Mala Pasada"
"Valdesia","Peravia","Baní","Honduras","La Tayota"
"Valdesia","Peravia","Baní","Honduras","Los Cedros"
"Valdesia","Peravia","Baní","Honduras","Los Naranjales"
"Valdesia","Peravia","Baní","Honduras","Los Ranchos"
"Valdesia","Peravia","Baní","Honduras","Sabina"
"Valdesia","Peravia","Baní","Honduras","Segundo Río"
"Valdesia","Peravia","Baní","Río Arriba","Agua Clara"
"Valdesia","Peravia","Baní","Río Arriba","Arroyo Seco"
"Valdesia","Peravia","Baní","Río Arriba","Barranca Colorá"
"Valdesia","Peravia","Baní","Río Arriba","El Agua del Limón"
"Valdesia","Peravia","Baní","Río Arriba","El Almirante"
"Valdesia","Peravia","Baní","Río Arriba","El Alto de Los Gabriela"
"Valdesia","Peravia","Baní","Río Arriba","El Alto de los Papita"
"Valdesia","Peravia","Baní","Río Arriba","El Bejucal"
"Valdesia","Peravia","Baní","Río Arriba","El Copey (Arroyo Salado)"
"Valdesia","Peravia","Baní","Río Arriba","El Genaré"
"Valdesia","Peravia","Baní","Río Arriba","El Ojo de Agua"
"Valdesia","Peravia","Baní","Río Arriba","La Altagracia"
"Valdesia","Peravia","Baní","Río Arriba","La Gina"
"Valdesia","Peravia","Baní","Río Arriba","La Jobita o La Jubita"
"Valdesia","Peravia","Baní","Río Arriba","La Lana"
"Valdesia","Peravia","Baní","Río Arriba","La Mora"
"Valdesia","Peravia","Baní","Río Arriba","La Vuelta de La Barranca"
"Valdesia","Peravia","Baní","Río Arriba","Los Guatapanales"
"Valdesia","Peravia","Baní","Río Arriba","Los Naranjos"
"Valdesia","Peravia","Baní","Río Arriba","Los Ramones"
"Valdesia","Peravia","Baní","Río Arriba","Montero"
"Valdesia","Peravia","Baní","Río Arriba","Portezuelo"
"Valdesia","Peravia","Baní","Río Arriba","Río Arriba"
"Valdesia","Peravia","Baní","El Llano","El Llano"
"Valdesia","Peravia","Baní","La Montería","Cabeza de Toro"
"Valdesia","Peravia","Baní","La Montería","El Manaclar"
"Valdesia","Peravia","Baní","La Montería","El Naranjal"
"Valdesia","Peravia","Baní","La Montería","Hoyo Sánchez"
"Valdesia","Peravia","Baní","La Montería","La Ciénaga"
"Valdesia","Peravia","Baní","La Montería","La Majagua"
"Valdesia","Peravia","Baní","La Montería","La Montería"
"Valdesia","Peravia","Baní","La Montería","La Piedra"
"Valdesia","Peravia","Baní","La Montería","La Tuna"
"Valdesia","Peravia","Baní","La Montería","Las Auyamas"
"Valdesia","Peravia","Baní","La Montería","Los Yaguarizos"
"Valdesia","Peravia","Baní","La Montería","Sabana Indio"
"Valdesia","Peravia","Baní","Monte Llano","El Aguacate"
"Valdesia","Peravia","Baní","Monte Llano","El Caimito"
"Valdesia","Peravia","Baní","Monte Llano","El Toro"
"Valdesia","Peravia","Baní","Monte Llano","La Lechuza"
"Valdesia","Peravia","Baní","Monte Llano","Monte Llano"
"Valdesia","Peravia","Baní","Monte Llano","Rancho de Matos"
"Valdesia","Peravia","Baní","Monte Llano","Sonador"
"Valdesia","Peravia","Baní","El Recodo","Bartolo"
"Valdesia","Peravia","Baní","El Recodo","Cañada Honda"
"Valdesia","Peravia","Baní","El Recodo","Cañaveral"
"Valdesia","Peravia","Baní","El Recodo","Cerro Prieto"
"Valdesia","Peravia","Baní","El Recodo","El Barro"
"Valdesia","Peravia","Baní","El Recodo","El Mamey"
"Valdesia","Peravia","Baní","El Recodo","El Picao"
"Valdesia","Peravia","Baní","El Recodo","El Recodo"
"Valdesia","Peravia","Baní","El Recodo","El Riíto"
"Valdesia","Peravia","Baní","El Recodo","El Rincón"
"Valdesia","Peravia","Baní","El Recodo","El Salto"
"Valdesia","Peravia","Baní","El Recodo","La Perdiz"
"Valdesia","Peravia","Baní","El Recodo","La Uvita"
"Valdesia","Peravia","Baní","El Recodo","La Yayita"
"Valdesia","Peravia","Baní","El Recodo","Las Yayas"
"Valdesia","Peravia","Baní","El Recodo","Loma Los Pinos"
"Valdesia","Peravia","Baní","El Recodo","Monte del Maniel"
"Valdesia","Peravia","Baní","El Recodo","Rancho Agustín"
"Valdesia","Peravia","Baní","Valdesia","Arroyo Blanco"
"Valdesia","Peravia","Baní","Valdesia","Buena Vista"
"Valdesia","Peravia","Baní","Valdesia","Caminero"
"Valdesia","Peravia","Baní","Valdesia","El Hoyito"
"Valdesia","Peravia","Baní","Valdesia","El Montazo"
"Valdesia","Peravia","Baní","Valdesia","Ermitaño"
"Valdesia","Peravia","Baní","Valdesia","La Bejuquera"
"Valdesia","Peravia","Baní","Valdesia","La Cuaba o Cubana"
"Valdesia","Peravia","Baní","Valdesia","La Laguna"
"Valdesia","Peravia","Baní","Valdesia","Los Ramones"
"Valdesia","Peravia","Baní","Valdesia","Los Rodríguez"
"Valdesia","Peravia","Baní","Valdesia","Palo Bonito"
"Valdesia","Peravia","Baní","Valdesia","Valdesia"
"Valdesia","Peravia","Baní","Villa Güera","Boca de Güera"
"Valdesia","Peravia","Baní","Villa Güera","El Fundo"
"Valdesia","Peravia","Baní","Villa Güera","Los Estamos"
"Valdesia","Peravia","Baní","Villa Güera","Villa Güera"
"Valdesia","Peravia","Baní","Villa Fundación","Centro del Pueblo"
"Valdesia","Peravia","Baní","Villa Fundación","El Millón"
"Valdesia","Peravia","Baní","Villa Fundación","La Cuesta"
"Valdesia","Peravia","Baní","Las Carreras","Cañada Arriba"
"Valdesia","Peravia","Baní","Las Carreras","Cerrito Limón"
"Valdesia","Peravia","Baní","Las Carreras","El Abey"
"Valdesia","Peravia","Baní","Las Carreras","El Cruce de Ocoa"
"Valdesia","Peravia","Baní","Las Carreras","El Rastrillo"
"Valdesia","Peravia","Baní","Las Carreras","Escondido"
"Valdesia","Peravia","Baní","Las Carreras","Las Carreras"
"Valdesia","Peravia","Baní","Las Carreras","Las Mallitas (Las Bocainas)"
"Valdesia","Peravia","Baní","Las Carreras","Monte Mamón"
"Valdesia","Peravia","Baní","Los Ranchitos","Los Ranchitos"
"Valdesia","Peravia","Baní","Sabana Buey","Centro del Pueblo"
"Valdesia","Peravia","Baní","Sabana Buey","Los Corbanitos"
"Valdesia","Peravia","Baní","Sabana Buey","Nuevo"
"Valdesia","Peravia","Baní","El Palmarito","El Palmarito"
"Valdesia","Peravia","Baní","El Palmarito","Sabana de La Cruz"
"Valdesia","Peravia","Baní","Sabana Buey","Sabana Buey"
"Valdesia","Peravia","Baní","Paya","Los Quemados"
"Valdesia","Peravia","Baní","Paya","Paya Abajo"
"Valdesia","Peravia","Baní","Paya","Paya Arriba"
"Valdesia","Peravia","Baní","Paya","Paya en Medio"
"Valdesia","Peravia","Baní","Escondido","Escondido"
"Valdesia","Peravia","Baní","Escondido","La Javilla"
"Valdesia","Peravia","Baní","Escondido","Las Bayonas"
"Valdesia","Peravia","Baní","Mata Gorda","Mata Gorda"
"Valdesia","Peravia","Baní","Mata Gorda","Sabana Chiquita"
"Valdesia","Peravia","Baní","Paya Rural","Agua Mala"
"Valdesia","Peravia","Baní","Paya Rural","El Retiro"
"Valdesia","Peravia","Baní","Paya Rural","El Voladero"
"Valdesia","Peravia","Baní","Paya Rural","La Vereda"
"Valdesia","Peravia","Baní","Paya Rural","Ojo de Agua"
"Valdesia","Peravia","Baní","Paya Rural","Paya Rural"
"Valdesia","Peravia","Baní","Paya Rural","Sabana Jovero"
"Valdesia","Peravia","Baní","Villa Sombrero","El Brisal"
"Valdesia","Peravia","Baní","Villa Sombrero","El Pozo"
"Valdesia","Peravia","Baní","Villa Sombrero","Guayacanes"
"Valdesia","Peravia","Baní","Villa Sombrero","La Altagracia (Ramoncito)"
"Valdesia","Peravia","Baní","Villa Sombrero","Las Casitas"
"Valdesia","Peravia","Baní","Villa Sombrero","Los Cartones"
"Valdesia","Peravia","Baní","Villa Sombrero","Mamá Gina"
"Valdesia","Peravia","Baní","Villa Sombrero","Marcial Peña"
"Valdesia","Peravia","Baní","Villa Sombrero","Naco"
"Valdesia","Peravia","Baní","Villa Sombrero","Ocoa"
"Valdesia","Peravia","Baní","Villa Sombrero","Papatino (Villa Luz)"
"Valdesia","Peravia","Baní","Villa Sombrero","Pueblo Nuevo"
"Valdesia","Peravia","Baní","Villa Sombrero","Urbanización Karina"
"Valdesia","Peravia","Baní","Villa Sombrero","Urbanización Patria Minerva"
"Valdesia","Peravia","Baní","Villa Sombrero","Urbanización Saona"
"Valdesia","Peravia","Baní","Villa Sombrero Rural","El Jobo"
"Valdesia","Peravia","Baní","Villa Sombrero Rural","La Raqueta"
"Valdesia","Peravia","Baní","El Carretón","Carretón (El Centro)"
"Valdesia","Peravia","Baní","El Carretón","El Aguacate"
"Valdesia","Peravia","Baní","El Carretón","Los Almendros"
"Valdesia","Peravia","Baní","El Carretón","Los Cabrera"
"Valdesia","Peravia","Baní","El Carretón","Arroyo Mingo"
"Valdesia","Peravia","Baní","El Carretón","El Guano"
"Valdesia","Peravia","Baní","El Carretón","La Clínica"
"Valdesia","Peravia","Baní","El Carretón","La Loma del Chivo"
"Valdesia","Peravia","Baní","El Carretón","Los Mayales"
"Valdesia","Peravia","Baní","El Carretón","Los Pinos"
"Valdesia","Peravia","Baní","El Carretón","Sabana Larga"
"Valdesia","Peravia","Baní","Catalina","El Rincón o Catalina Arriba"
"Valdesia","Peravia","Baní","Catalina","Eriberto Lugo"
"Valdesia","Peravia","Baní","Catalina","La Delicia"
"Valdesia","Peravia","Baní","Catalina","Los Cables o Carreta Linda"
"Valdesia","Peravia","Baní","Catalina","Los Claveles"
"Valdesia","Peravia","Baní","Catalina","Los Jardines"
"Valdesia","Peravia","Baní","Catalina","Los Polanco"
"Valdesia","Peravia","Baní","Catalina","Batey la Noria"
"Valdesia","Peravia","Baní","Catalina","Carretalina"
"Valdesia","Peravia","Baní","Catalina","Colonia Catalina"
"Valdesia","Peravia","Baní","Catalina","La Delicia"
"Valdesia","Peravia","Baní","Catalina","San José"
"Valdesia","Peravia","Baní","El Limonal","Alto del Limonal"
"Valdesia","Peravia","Baní","El Limonal","La Cachimba"
"Valdesia","Peravia","Baní","El Limonal","Las Flores"
"Valdesia","Peravia","Baní","El Limonal","Limonal"
"Valdesia","Peravia","Baní","El Limonal","Los Acostados"
"Valdesia","Peravia","Baní","El Limonal","Los Cajuilitos"
"Valdesia","Peravia","Baní","El Limonal","Los Campeches"
"Valdesia","Peravia","Baní","La Iguana","Corte Nuevo"
"Valdesia","Peravia","Baní","La Iguana","Iguana Abajo"
"Valdesia","Peravia","Baní","La Iguana","Iguana Arriba"
"Valdesia","Peravia","Baní","La Iguana","La Iguana"
"Valdesia","Peravia","Baní","La Iguana","La Manaclita"
"Valdesia","Peravia","Baní","La Iguana","La Rinconada"
"Valdesia","Peravia","Baní","La Iguana","Las Lagunas"
"Valdesia","Peravia","Baní","La Iguana","Los Córbanos"
"Valdesia","Peravia","Baní","La Iguana","Palo Bonito"
"Valdesia","Peravia","Baní","La Iguana","Rinconcito"
"Valdesia","Peravia","Baní","La Cabria","La Cabria"
"Valdesia","Peravia","Baní","La Cabria","La Vereda"
"Valdesia","Peravia","Baní","Arroyo Salado","Arroyo Salado"
"Valdesia","Peravia","Baní","Arroyo Salado","Cañada de los Puercos"
"Valdesia","Peravia","Baní","Arroyo Salado","El Desecho"
"Valdesia","Peravia","Baní","Arroyo Salado","La Palma Herrada"
"Valdesia","Peravia","Baní","Arroyo Salado","Las Yaguas"
"Valdesia","Peravia","Baní","Los Jobitos","Buena Vista"
"Valdesia","Peravia","Baní","Los Jobitos","Cañada Grande"
"Valdesia","Peravia","Baní","Los Jobitos","Los Guanábanos"
"Valdesia","Peravia","Baní","Los Jobitos","Los Jobitos"
"Valdesia","Peravia","Baní","Las Barías","Arroyo Cano"
"Valdesia","Peravia","Baní","Las Barías","Arroyo Mingo"
"Valdesia","Peravia","Baní","Las Barías","El Alto de Las Flores"
"Valdesia","Peravia","Baní","Las Barías","Juan Decena"
"Valdesia","Peravia","Baní","Las Barías","La Caña o La Cañada Prieta"
"Valdesia","Peravia","Baní","Las Barías","Las Barías"
"Valdesia","Peravia","Baní","Las Barías","Los Dormilones"
"Valdesia","Peravia","Baní","El Roblegar","Arroyo Canoa"
"Valdesia","Peravia","Baní","El Roblegar","Arroyo Hondo"
"Valdesia","Peravia","Baní","El Roblegar","Arroyo Mingo"
"Valdesia","Peravia","Baní","El Roblegar","Cañada Prieta"
"Valdesia","Peravia","Baní","El Roblegar","Contraembalse"
"Valdesia","Peravia","Baní","El Roblegar","Cruz de Marcos"
"Valdesia","Peravia","Baní","El Roblegar","El Roblegar"
"Valdesia","Peravia","Baní","El Roblegar","Loma del Guano"
"Valdesia","Peravia","Baní","El Roblegar","Los Sitios de Juan Decena"
"Valdesia","Peravia","Matanzas","Matanzas","Ana Lucila II"
"Valdesia","Peravia","Matanzas","Matanzas","El Bajito"
"Valdesia","Peravia","Matanzas","Matanzas","La Bellaca"
"Valdesia","Peravia","Matanzas","Matanzas","Los Jobos"
"Valdesia","Peravia","Matanzas","Matanzas","Matanzas Abajo"
"Valdesia","Peravia","Matanzas","Matanzas","Matanzas Arriba"
"Valdesia","Peravia","Matanzas","Matanzas","Villa Campo Mar"
"Valdesia","Peravia","Matanzas","Arroyo Hondo","Arroyo Hondo"
"Valdesia","Peravia","Matanzas","Arroyo Hondo","Matanzas Rural"
"Valdesia","Peravia","Matanzas","Quijá Quieta","Quijá Quieta"
"Valdesia","Peravia","Matanzas","Las Tablas","Las Tablas"
"Valdesia","Peravia","Matanzas","Galión (Galeón)","Angostura"
"Valdesia","Peravia","Matanzas","Galión (Galeón)","Galión (Galeón)"
"Valdesia","Peravia","Matanzas","Galión (Galeón)","Las Calabazas"
"Valdesia","Peravia","Matanzas","San José","Hato Fino"
"Valdesia","Peravia","Matanzas","San José","Los Rieles"
"Valdesia","Peravia","Matanzas","San José","San José"
"Valdesia","Peravia","Matanzas","Los Tumbaos","Agusadera"
"Valdesia","Peravia","Matanzas","Los Tumbaos","Los Tumbaos"
"Valdesia","Peravia","Nizao","Nizao","Centro del Pueblo"
"Valdesia","Peravia","Nizao","Nizao","Ciudad Nueva"
"Valdesia","Peravia","Nizao","Nizao","Las Mercedes"
"Valdesia","Peravia","Nizao","Nizao","Maco Verde"
"Valdesia","Peravia","Nizao","Nizao","Media Blanca"
"Valdesia","Peravia","Nizao","Nizao","Zapotal"
"Valdesia","Peravia","Nizao","Don Gregorio","Alto de La Estancia"
"Valdesia","Peravia","Nizao","Don Gregorio","Don Gregorio"
"Valdesia","Peravia","Nizao","Don Gregorio","Los Salados"
"Valdesia","Peravia","Nizao","Pizarrete","Brisas del Canal"
"Valdesia","Peravia","Nizao","Pizarrete","Centro del Pueblo"
"Valdesia","Peravia","Nizao","Pizarrete","Los Martínez"
"Valdesia","Peravia","Nizao","Pizarrete","Los Nina"
"Valdesia","Peravia","Nizao","Pizarrete","Sabana Abajo"
"Valdesia","Peravia","Nizao","Gualey","Compuerta de Lico"
"Valdesia","Peravia","Nizao","Gualey","Gualey"
"Valdesia","Peravia","Nizao","Gualey","Los Roche"
"Valdesia","Peravia","Nizao","Santana","Batey María Consuelo"
"Valdesia","Peravia","Nizao","Santana","Buenas Nuevas"
"Valdesia","Peravia","Nizao","Santana","Lindo"
"Valdesia","Peravia","Nizao","Santana","Los Lora o Los Lara"
"Valdesia","Peravia","Nizao","Santana","Lucas Díaz"
"Valdesia","Peravia","Nizao","Santana","Santana Abajo"
"Valdesia","Peravia","Nizao","Santana","Santana Arriba"
"Valdesia","Peravia","Nizao","Lucas Díaz","Barrio Lindo"
"Valdesia","Peravia","Nizao","Lucas Díaz","Boca del Arroyo"
"Valdesia","Peravia","Nizao","Lucas Díaz","La Estancia"
"Valdesia","Peravia","Nizao","Lucas Díaz","María Consuelo"
"Valdesia","Peravia","Nizao","Lucas Díaz","Ramón Chalas"
"Valdesia","Peravia","Nizao","Yiyo Gómez","Alto de los Melones"
"Valdesia","Peravia","Nizao","Yiyo Gómez","Los Franco"
"Valdesia","Peravia","Nizao","Yiyo Gómez","Yiyo Gómez"
"Valdesia","San Cristóbal","Bajos de Haina","Bajos de Haina","Autoridad Portuaria"
"Valdesia","San Cristóbal","Bajos de Haina","Bajos de Haina","Barcequillo"
"Valdesia","San Cristóbal","Bajos de Haina","Bajos de Haina","Bella Vista"
"Valdesia","San Cristóbal","Bajos de Haina","Bajos de Haina","El Centro"
"Valdesia","San Cristóbal","Bajos de Haina","Bajos de Haina","El Distrito"
"Valdesia","San Cristóbal","Bajos de Haina","Bajos de Haina","Invicea"
"Valdesia","San Cristóbal","Bajos de Haina","Bajos de Haina","Los Gringos"
"Valdesia","San Cristóbal","Bajos de Haina","Bajos de Haina","Miramar u Hoyo Frío"
"Valdesia","San Cristóbal","Bajos de Haina","Bajos de Haina","Piedra Blanca"
"Valdesia","San Cristóbal","Bajos de Haina","Bajos de Haina","San Antonio"
"Valdesia","San Cristóbal","Bajos de Haina","Bajos de Haina","San Gregorio o Kilómetro 18"
"Valdesia","San Cristóbal","Bajos de Haina","Bajos de Haina","Villa Lisa"
"Valdesia","San Cristóbal","Bajos de Haina","Bajos de Haina","Villa Penca"
"Valdesia","San Cristóbal","Bajos de Haina","Bajos de Haina","Zona Industrial"
"Valdesia","San Cristóbal","Bajos de Haina","Haina","Cabón"
"Valdesia","San Cristóbal","Bajos de Haina","Haina","Calle en Medio"
"Valdesia","San Cristóbal","Bajos de Haina","Haina","El Naranjal"
"Valdesia","San Cristóbal","Bajos de Haina","Haina","Itabo"
"Valdesia","San Cristóbal","Bajos de Haina","Haina","Los Desamparados"
"Valdesia","San Cristóbal","Bajos de Haina","Haina","Piedra Blanca Sur"
"Valdesia","San Cristóbal","Bajos de Haina","El Carril","Anacagüita"
"Valdesia","San Cristóbal","Bajos de Haina","El Carril","Centro del Pueblo o La Placeta"
"Valdesia","San Cristóbal","Bajos de Haina","El Carril","Los Serranos"
"Valdesia","San Cristóbal","Bajos de Haina","El Cajuilito","Arenoso"
"Valdesia","San Cristóbal","Bajos de Haina","El Cajuilito","Cajuilito Norte"
"Valdesia","San Cristóbal","Bajos de Haina","El Cajuilito","Cajuilito Sur"
"Valdesia","San Cristóbal","Bajos de Haina","El Cajuilito","Feliciana"
"Valdesia","San Cristóbal","Bajos de Haina","El Cajuilito","Mata Naranjo o Naranjal"
"Valdesia","San Cristóbal","Bajos de Haina","El Cajuilito","Monte Adentro"
"Valdesia","San Cristóbal","Bajos de Haina","La Pared","Cruce de la Feliciana"
"Valdesia","San Cristóbal","Bajos de Haina","La Pared","El Caliche"
"Valdesia","San Cristóbal","Bajos de Haina","La Pared","El Calvario"
"Valdesia","San Cristóbal","Bajos de Haina","La Pared","La Gallera"
"Valdesia","San Cristóbal","Bajos de Haina","La Pared","La Isleta"
"Valdesia","San Cristóbal","Bajos de Haina","La Pared","La Pared"
"Valdesia","San Cristóbal","Bajos de Haina","La Pared","Monte Largo"
"Valdesia","San Cristóbal","Bajos de Haina","La Pared","Sabaneta"
"Valdesia","San Cristóbal","Bajos de Haina","La Pared","Teresandón"
"Valdesia","San Cristóbal","Bajos de Haina","Quita Sueño","Quita Sueño"
"Valdesia","San Cristóbal","Bajos de Haina","Piedra Blanca Norte","Piedra Blanca Norte"
"Valdesia","San Cristóbal","Bajos de Haina","Piedra Blanca Norte","Quita Sueño Norte"
"Valdesia","San Cristóbal","Bajos de Haina","Piedra Blanca Norte","Quita Sueño Sur"
"Valdesia","San Cristóbal","Bajos de Haina","La Cerca","La Cerca"
"Valdesia","San Cristóbal","Bajos de Haina","Villa María","Villa Maria"
"Valdesia","San Cristóbal","Bajos de Haina","Los Barrancones los Frías","Los Barrancones los Frías"
"Valdesia","San Cristóbal","Bajos de Haina","Barcequillo Industrial","Barcequillo Industrial"
"Valdesia","San Cristóbal","Cambita Garabitos","Cambita Garabitos","15 de Agosto"
"Valdesia","San Cristóbal","Cambita Garabitos","Cambita Garabitos","Centro del Pueblo"
"Valdesia","San Cristóbal","Cambita Garabitos","Cambita Garabitos","Codetel"
"Valdesia","San Cristóbal","Cambita Garabitos","Cambita Garabitos","El Cajón"
"Valdesia","San Cristóbal","Cambita Garabitos","Cambita Garabitos","Félix Núñez o El Muro"
"Valdesia","San Cristóbal","Cambita Garabitos","Cambita Garabitos","INVI"
"Valdesia","San Cristóbal","Cambita Garabitos","Cambita Garabitos","La Escuela"
"Valdesia","San Cristóbal","Cambita Garabitos","Cambita Garabitos","La Torre"
"Valdesia","San Cristóbal","Cambita Garabitos","Cambita Garabitos","Las Casitas"
"Valdesia","San Cristóbal","Cambita Garabitos","Cambita Garabitos","Villa Verde"
"Valdesia","San Cristóbal","Cambita Garabitos","Cambita Garabitos","Arroyo Higüero"
"Valdesia","San Cristóbal","Cambita Garabitos","Cambita Garabitos","Arroyo Hoyo"
"Valdesia","San Cristóbal","Cambita Garabitos","Cambita Garabitos","Botoncillo"
"Valdesia","San Cristóbal","Cambita Garabitos","Cambita Garabitos","Cumía Adentro"
"Valdesia","San Cristóbal","Cambita Garabitos","Cambita Garabitos","Cumía Arriba"
"Valdesia","San Cristóbal","Cambita Garabitos","Cambita Garabitos","El Ingenio"
"Valdesia","San Cristóbal","Cambita Garabitos","Cambita Garabitos","La Boca de La Toma"
"Valdesia","San Cristóbal","Cambita Garabitos","Cambita Garabitos","La Toma Arriba"
"Valdesia","San Cristóbal","Cambita Garabitos","Cambita Garabitos","Loma El Guazumal"
"Valdesia","San Cristóbal","Cambita Garabitos","Cambita Garabitos","Loma La Canoa"
"Valdesia","San Cristóbal","Cambita Garabitos","Cambita Garabitos","Los Bajos del Río"
"Valdesia","San Cristóbal","Cambita Garabitos","Cambita Garabitos","Palma Seca"
"Valdesia","San Cristóbal","Cambita Garabitos","Cambita Garabitos","San Francisco"
"Valdesia","San Cristóbal","Cambita Garabitos","Humachón","Botoncillos"
"Valdesia","San Cristóbal","Cambita Garabitos","Humachón","El Cedro"
"Valdesia","San Cristóbal","Cambita Garabitos","Humachón","El Limón"
"Valdesia","San Cristóbal","Cambita Garabitos","Humachón","El Llano"
"Valdesia","San Cristóbal","Cambita Garabitos","Humachón","El Macao"
"Valdesia","San Cristóbal","Cambita Garabitos","Humachón","Humachón"
"Valdesia","San Cristóbal","Cambita Garabitos","Humachón","Juan Román"
"Valdesia","San Cristóbal","Cambita Garabitos","Humachón","La Jagüita"
"Valdesia","San Cristóbal","Cambita Garabitos","Humachón","Las Auyamas"
"Valdesia","San Cristóbal","Cambita Garabitos","Humachón","Las Hicoteas"
"Valdesia","San Cristóbal","Cambita Garabitos","Humachón","Mucha Agua"
"Valdesia","San Cristóbal","Cambita Garabitos","Humachón","Palma Seca"
"Valdesia","San Cristóbal","Cambita Garabitos","La Colonia","Arroyo Lindo"
"Valdesia","San Cristóbal","Cambita Garabitos","La Colonia","El Limón"
"Valdesia","San Cristóbal","Cambita Garabitos","La Colonia","El Majagual"
"Valdesia","San Cristóbal","Cambita Garabitos","La Colonia","La Cabirma"
"Valdesia","San Cristóbal","Cambita Garabitos","La Colonia","La Colonia"
"Valdesia","San Cristóbal","Cambita Garabitos","La Colonia","La Cueva"
"Valdesia","San Cristóbal","Cambita Garabitos","La Colonia","Loma Los Anones"
"Valdesia","San Cristóbal","Cambita Garabitos","La Colonia","Mano Matuey Abajo"
"Valdesia","San Cristóbal","Cambita Garabitos","La Colonia","Mano Matuey Arriba"
"Valdesia","San Cristóbal","Cambita Garabitos","Los Manantiales","Agua Clara"
"Valdesia","San Cristóbal","Cambita Garabitos","Los Manantiales","Bruno"
"Valdesia","San Cristóbal","Cambita Garabitos","Los Manantiales","El Cañaveral"
"Valdesia","San Cristóbal","Cambita Garabitos","Los Manantiales","El Corte Nuevo"
"Valdesia","San Cristóbal","Cambita Garabitos","Los Manantiales","El Jobo"
"Valdesia","San Cristóbal","Cambita Garabitos","Los Manantiales","El Zumbí Manteca"
"Valdesia","San Cristóbal","Cambita Garabitos","Los Manantiales","La Estancia"
"Valdesia","San Cristóbal","Cambita Garabitos","Los Manantiales","La Palmita"
"Valdesia","San Cristóbal","Cambita Garabitos","Los Manantiales","La Rinconada"
"Valdesia","San Cristóbal","Cambita Garabitos","Los Manantiales","Leonardo"
"Valdesia","San Cristóbal","Cambita Garabitos","Los Manantiales","Loma La Tasajera"
"Valdesia","San Cristóbal","Cambita Garabitos","Los Manantiales","Los Coles"
"Valdesia","San Cristóbal","Cambita Garabitos","Los Manantiales","Los Hozaderos"
"Valdesia","San Cristóbal","Cambita Garabitos","Los Manantiales","Los Jugaderos"
"Valdesia","San Cristóbal","Cambita Garabitos","Los Manantiales","Los Manantiales"
"Valdesia","San Cristóbal","Cambita Garabitos","Los Manantiales","Manuel Mina"
"Valdesia","San Cristóbal","Cambita Garabitos","Los Manantiales","Miguel"
"Valdesia","San Cristóbal","Cambita Garabitos","Los Manantiales","Mucha Agua"
"Valdesia","San Cristóbal","Cambita Garabitos","Los Manantiales","Valentín"
"Valdesia","San Cristóbal","Cambita Garabitos","El Tablazo","Arroyo Grande"
"Valdesia","San Cristóbal","Cambita Garabitos","El Tablazo","Cañada Bonita"
"Valdesia","San Cristóbal","Cambita Garabitos","El Tablazo","El Carao"
"Valdesia","San Cristóbal","Cambita Garabitos","El Tablazo","El Co"
"Valdesia","San Cristóbal","Cambita Garabitos","El Tablazo","El Habrá"
"Valdesia","San Cristóbal","Cambita Garabitos","El Tablazo","El Higüerito"
"Valdesia","San Cristóbal","Cambita Garabitos","El Tablazo","El Tablazo"
"Valdesia","San Cristóbal","Cambita Garabitos","El Tablazo","Hondo Valle"
"Valdesia","San Cristóbal","Cambita Garabitos","El Tablazo","La Guazábara"
"Valdesia","San Cristóbal","Cambita Garabitos","El Tablazo","La Yabacoa"
"Valdesia","San Cristóbal","Cambita Garabitos","El Tablazo","Las Eneas"
"Valdesia","San Cristóbal","Cambita Garabitos","El Tablazo","Las Minas"
"Valdesia","San Cristóbal","Cambita Garabitos","El Tablazo","Loma el Alto de la Piña"
"Valdesia","San Cristóbal","Cambita Garabitos","El Tablazo","Los Anones"
"Valdesia","San Cristóbal","Cambita Garabitos","El Tablazo","Los Chaparrales"
"Valdesia","San Cristóbal","Cambita Garabitos","El Tablazo","Nigua"
"Valdesia","San Cristóbal","Cambita Garabitos","El Tablazo","Piedra Gorda"
"Valdesia","San Cristóbal","Cambita Garabitos","Cambita El Pueblecito","Cambita El Pueblecito"
"Valdesia","San Cristóbal","Cambita Garabitos","Llanada Grande","Cañada de la Vaca"
"Valdesia","San Cristóbal","Cambita Garabitos","Llanada Grande","Corbanito (Callao Arriba)"
"Valdesia","San Cristóbal","Cambita Garabitos","Llanada Grande","Firme de Suárez"
"Valdesia","San Cristóbal","Cambita Garabitos","Llanada Grande","La Cebolla"
"Valdesia","San Cristóbal","Cambita Garabitos","Llanada Grande","La Gallina"
"Valdesia","San Cristóbal","Cambita Garabitos","Llanada Grande","La Jagüita"
"Valdesia","San Cristóbal","Cambita Garabitos","Llanada Grande","La Lagunita"
"Valdesia","San Cristóbal","Cambita Garabitos","Llanada Grande","La Llanada Grande o Cañada Grande"
"Valdesia","San Cristóbal","Cambita Garabitos","Llanada Grande","Loma Lechoso"
"Valdesia","San Cristóbal","Cambita Garabitos","Pueblo Nuevo","Arroyo Pino"
"Valdesia","San Cristóbal","Cambita Garabitos","Pueblo Nuevo","Cumía Abajo"
"Valdesia","San Cristóbal","Cambita Garabitos","Pueblo Nuevo","El Papayo"
"Valdesia","San Cristóbal","Cambita Garabitos","Pueblo Nuevo","Jerónimo López"
"Valdesia","San Cristóbal","Cambita Garabitos","Pueblo Nuevo","La Majagua"
"Valdesia","San Cristóbal","Cambita Garabitos","Pueblo Nuevo","Pueblo Nuevo"
"Valdesia","San Cristóbal","Cambita Garabitos","El Toro","Canoa"
"Valdesia","San Cristóbal","Cambita Garabitos","El Toro","El Mamey"
"Valdesia","San Cristóbal","Cambita Garabitos","El Toro","La Guama"
"Valdesia","San Cristóbal","Cambita Garabitos","El Toro","Los Toros"
"Valdesia","San Cristóbal","Cambita Garabitos","El Toro","Martinica"
"Valdesia","San Cristóbal","Los Cacaos","Los Cacaos","Los Cacaos"
"Valdesia","San Cristóbal","Los Cacaos","El Guineo","Francisco Mateo"
"Valdesia","San Cristóbal","Los Cacaos","El Guineo","Hoyo Prieto"
"Valdesia","San Cristóbal","Los Cacaos","El Guineo","La Cuchilla de la Guardia"
"Valdesia","San Cristóbal","Los Cacaos","El Guineo","La Gina Marcada"
"Valdesia","San Cristóbal","Los Cacaos","El Guineo","La Pocilga"
"Valdesia","San Cristóbal","Los Cacaos","El Guineo","La Siembra"
"Valdesia","San Cristóbal","Los Cacaos","El Guineo","Las Tres Veredas"
"Valdesia","San Cristóbal","Los Cacaos","El Guineo","Los Arroyos"
"Valdesia","San Cristóbal","Los Cacaos","El Guineo","Los Cacaos Rural"
"Valdesia","San Cristóbal","Los Cacaos","El Guineo","Los Candonguitos"
"Valdesia","San Cristóbal","Los Cacaos","El Guineo","Los Guázaros"
"Valdesia","San Cristóbal","Los Cacaos","El Guineo","Los Guineos Adentro"
"Valdesia","San Cristóbal","Los Cacaos","El Guineo","Los Guineos Afuera"
"Valdesia","San Cristóbal","Los Cacaos","El Guineo","Los Jengibres"
"Valdesia","San Cristóbal","Los Cacaos","El Guineo","Los Jíbaros"
"Valdesia","San Cristóbal","Los Cacaos","El Guineo","Los Mineros"
"Valdesia","San Cristóbal","Los Cacaos","El Guineo","Pancholo"
"Valdesia","San Cristóbal","Los Cacaos","El Guineo","Zumbi Manteca"
"Valdesia","San Cristóbal","Los Cacaos","Los Naranjos","Arroyo del Café"
"Valdesia","San Cristóbal","Los Cacaos","Los Naranjos","Arroyo Piedra"
"Valdesia","San Cristóbal","Los Cacaos","Los Naranjos","Benito"
"Valdesia","San Cristóbal","Los Cacaos","Los Naranjos","Cañada Bonita"
"Valdesia","San Cristóbal","Los Cacaos","Los Naranjos","Cañada del Agua"
"Valdesia","San Cristóbal","Los Cacaos","Los Naranjos","Florencio"
"Valdesia","San Cristóbal","Los Cacaos","Los Naranjos","La Jina"
"Valdesia","San Cristóbal","Los Cacaos","Los Naranjos","La Palma"
"Valdesia","San Cristóbal","Los Cacaos","Los Naranjos","Los Arroyos"
"Valdesia","San Cristóbal","Los Cacaos","Los Naranjos","Los Caños"
"Valdesia","San Cristóbal","Los Cacaos","Los Naranjos","Los Naranjos"
"Valdesia","San Cristóbal","Los Cacaos","Los Naranjos","Melitón"
"Valdesia","San Cristóbal","Los Cacaos","Los Naranjos","Monte Bonito"
"Valdesia","San Cristóbal","Los Cacaos","Los Naranjos","Monteada Nueva"
"Valdesia","San Cristóbal","Los Cacaos","Los Naranjos","Palma Arriba"
"Valdesia","San Cristóbal","Los Cacaos","Los Naranjos","Santana"
"Valdesia","San Cristóbal","Los Cacaos","Los Naranjos","Silloncito"
"Valdesia","San Cristóbal","Los Cacaos","Los Naranjos","Vallejo"
"Valdesia","San Cristóbal","Los Cacaos","Calderón","Arroyo Grande"
"Valdesia","San Cristóbal","Los Cacaos","Calderón","Calderón"
"Valdesia","San Cristóbal","Los Cacaos","Calderón","Calderón Arriba"
"Valdesia","San Cristóbal","Los Cacaos","Calderón","Cienaguita"
"Valdesia","San Cristóbal","Los Cacaos","Calderón","El Valle"
"Valdesia","San Cristóbal","Los Cacaos","Calderón","La Cañada del Café"
"Valdesia","San Cristóbal","Los Cacaos","Calderón","Los Calimetes"
"Valdesia","San Cristóbal","Los Cacaos","Calderón","Mahomita Los Arroyitos"
"Valdesia","San Cristóbal","Los Cacaos","Calderón","Palo de La Cruz"
"Valdesia","San Cristóbal","Los Cacaos","Calderón","Vallejito Abajo"
"Valdesia","San Cristóbal","Sabana Grande de Palenque","Sabana Crande de Palenque","Centro del Pueblo"
"Valdesia","San Cristóbal","Sabana Grande de Palenque","Sabana Crande de Palenque","La Curva"
"Valdesia","San Cristóbal","Sabana Grande de Palenque","Sabana Crande de Palenque","Sal si Puedes"
"Valdesia","San Cristóbal","Sabana Grande de Palenque","Juan Barón","Fallete"
"Valdesia","San Cristóbal","Sabana Grande de Palenque","Juan Barón","Juan Barón"
"Valdesia","San Cristóbal","Sabana Grande de Palenque","Juan Barón","La Agüita"
"Valdesia","San Cristóbal","Sabana Grande de Palenque","Juan Barón","La Guama"
"Valdesia","San Cristóbal","Sabana Grande de Palenque","Sabana Palenque","La Sabanita"
"Valdesia","San Cristóbal","Sabana Grande de Palenque","Sabana Palenque","Puerto Palenque"
"Valdesia","San Cristóbal","Sabana Grande de Palenque","Sabana Palenque","Sabana Grande de Palenque Rural"
"Valdesia","San Cristóbal","Sabana Grande de Palenque","Sabana Palenque","Sabana Palito"
"Valdesia","San Cristóbal","San Cristóbal","San Cristóbal","5 de Abril"
"Valdesia","San Cristóbal","San Cristóbal","San Cristóbal","Agricultura o Los Barrancones"
"Valdesia","San Cristóbal","San Cristóbal","San Cristóbal","Canastica o Paraíso"
"Valdesia","San Cristóbal","San Cristóbal","San Cristóbal","Cañada Honda"
"Valdesia","San Cristóbal","San Cristóbal","San Cristóbal","Centro de la Ciudad"
"Valdesia","San Cristóbal","San Cristóbal","San Cristóbal","Doña Chucha"
"Valdesia","San Cristóbal","San Cristóbal","San Cristóbal","El Buen Pastor"
"Valdesia","San Cristóbal","San Cristóbal","San Cristóbal","El Cerro"
"Valdesia","San Cristóbal","San Cristóbal","San Cristóbal","Jeringa"
"Valdesia","San Cristóbal","San Cristóbal","San Cristóbal","Kilómetro 3 ½"
"Valdesia","San Cristóbal","San Cristóbal","San Cristóbal","La Coquera"
"Valdesia","San Cristóbal","San Cristóbal","San Cristóbal","La Guandulera"
"Valdesia","San Cristóbal","San Cristóbal","San Cristóbal","La Suiza"
"Valdesia","San Cristóbal","San Cristóbal","San Cristóbal","Las Flores"
"Valdesia","San Cristóbal","San Cristóbal","San Cristóbal","Lavapié"
"Valdesia","San Cristóbal","San Cristóbal","San Cristóbal","Los Molina"
"Valdesia","San Cristóbal","San Cristóbal","San Cristóbal","Los Nova"
"Valdesia","San Cristóbal","San Cristóbal","San Cristóbal","Los Trinitarios"
"Valdesia","San Cristóbal","San Cristóbal","San Cristóbal","Madre Vieja del Norte"
"Valdesia","San Cristóbal","San Cristóbal","San Cristóbal","Madre Vieja del Sur o San Ignacio de Loyola"
"Valdesia","San Cristóbal","San Cristóbal","San Cristóbal","Moscú"
"Valdesia","San Cristóbal","San Cristóbal","San Cristóbal","Pueblo Nuevo"
"Valdesia","San Cristóbal","San Cristóbal","San Cristóbal","Puerto Rico"
"Valdesia","San Cristóbal","San Cristóbal","San Cristóbal","Sabana Toro"
"Valdesia","San Cristóbal","San Cristóbal","San Cristóbal","San Isidro"
"Valdesia","San Cristóbal","San Cristóbal","San Cristóbal","Villa Fundación"
"Valdesia","San Cristóbal","San Cristóbal","San Cristóbal","Zona Verde"
"Valdesia","San Cristóbal","San Cristóbal","Borbón","El Pomier"
"Valdesia","San Cristóbal","San Cristóbal","Borbón","Establo"
"Valdesia","San Cristóbal","San Cristóbal","Borbón","Gallinero"
"Valdesia","San Cristóbal","San Cristóbal","Borbón","La Toma"
"Valdesia","San Cristóbal","San Cristóbal","Borbón","Los Cacaítos"
"Valdesia","San Cristóbal","San Cristóbal","Borbón","Los Corozos"
"Valdesia","San Cristóbal","San Cristóbal","Borbón","Manuel"
"Valdesia","San Cristóbal","San Cristóbal","Borbón","Naranjo Dulce"
"Valdesia","San Cristóbal","San Cristóbal","Borbón","Villegas"
"Valdesia","San Cristóbal","San Cristóbal","Ingenio Nuevo","Caño Andrés"
"Valdesia","San Cristóbal","San Cristóbal","Ingenio Nuevo","Don López"
"Valdesia","San Cristóbal","San Cristóbal","Ingenio Nuevo","Doña Ana"
"Valdesia","San Cristóbal","San Cristóbal","Ingenio Nuevo","Hoyo del Barro"
"Valdesia","San Cristóbal","San Cristóbal","Ingenio Nuevo","Ingenio Nuevo"
"Valdesia","San Cristóbal","San Cristóbal","Ingenio Nuevo","La Palmita"
"Valdesia","San Cristóbal","San Cristóbal","Ingenio Nuevo","Los Bajos"
"Valdesia","San Cristóbal","San Cristóbal","Ingenio Nuevo","Los Hoyos"
"Valdesia","San Cristóbal","San Cristóbal","Ingenio Nuevo","Miracielo"
"Valdesia","San Cristóbal","San Cristóbal","Ingenio Nuevo","Niza Abajo"
"Valdesia","San Cristóbal","San Cristóbal","Ingenio Nuevo","Niza Arriba"
"Valdesia","San Cristóbal","San Cristóbal","Ingenio Nuevo","Rancho al Medio"
"Valdesia","San Cristóbal","San Cristóbal","Ingenio Nuevo","Sabana al Medio"
"Valdesia","San Cristóbal","San Cristóbal","Ingenio Nuevo","San Isidro"
"Valdesia","San Cristóbal","San Cristóbal","Ingenio Nuevo","Santana"
"Valdesia","San Cristóbal","San Cristóbal","Najayo Arriba","Canasta"
"Valdesia","San Cristóbal","San Cristóbal","Najayo Arriba","Fuerte Resolí"
"Valdesia","San Cristóbal","San Cristóbal","Najayo Arriba","La Conga"
"Valdesia","San Cristóbal","San Cristóbal","Najayo Arriba","Loma Verde - Maricao"
"Valdesia","San Cristóbal","San Cristóbal","Najayo Arriba","Najayo"
"Valdesia","San Cristóbal","San Cristóbal","Najayo Arriba","Najayo Arriba"
"Valdesia","San Cristóbal","San Cristóbal","Najayo Arriba","Pozo Prieto"
"Valdesia","San Cristóbal","San Cristóbal","Najayo Arriba","Santa Lucía de Camba"
"Valdesia","San Cristóbal","San Cristóbal","Najayo Arriba","Zorra Buena"
"Valdesia","San Cristóbal","San Cristóbal","Sainaguá","La Plena"
"Valdesia","San Cristóbal","San Cristóbal","Sainaguá","Los Arroyos (Arroyo Bueno)"
"Valdesia","San Cristóbal","San Cristóbal","Sainaguá","Los Asicis"
"Valdesia","San Cristóbal","San Cristóbal","Sainaguá","Los Botaos"
"Valdesia","San Cristóbal","San Cristóbal","Sainaguá","Montaño"
"Valdesia","San Cristóbal","San Cristóbal","Sainaguá","Sainaguá"
"Valdesia","San Cristóbal","San Cristóbal","Santa María","La Palma"
"Valdesia","San Cristóbal","San Cristóbal","Santa María","La Placeta (El Palmar)"
"Valdesia","San Cristóbal","San Cristóbal","Santa María","Mandinga"
"Valdesia","San Cristóbal","San Cristóbal","Santa María","Mingo Bartolo o La Privada"
"Valdesia","San Cristóbal","San Cristóbal","Santa María","Yerba Buena o Pica Pica"
"Valdesia","San Cristóbal","San Cristóbal","Cambita Sterling","Cambita Sterling"
"Valdesia","San Cristóbal","San Cristóbal","Cambita Sterling","Cambita Uribe"
"Valdesia","San Cristóbal","San Cristóbal","Cambita Sterling","El Cinco"
"Valdesia","San Cristóbal","San Cristóbal","Cambita Sterling","El Fundo"
"Valdesia","San Cristóbal","San Cristóbal","Cambita Sterling","Fundación"
"Valdesia","San Cristóbal","San Cristóbal","Cambita Sterling","Junda Junda"
"Valdesia","San Cristóbal","San Cristóbal","Cambita Sterling","Kilómetro 4"
"Valdesia","San Cristóbal","San Cristóbal","Cambita Sterling","La Rosa"
"Valdesia","San Cristóbal","San Cristóbal","Cambita Sterling","Sabana Toro"
"Valdesia","San Cristóbal","San Cristóbal","Hato Damas","Hato Damas"
"Valdesia","San Cristóbal","San Cristóbal","Los Montones","El Cobre"
"Valdesia","San Cristóbal","San Cristóbal","Los Montones","Ingenge"
"Valdesia","San Cristóbal","San Cristóbal","Los Montones","La Lechuza o El Cuayo"
"Valdesia","San Cristóbal","San Cristóbal","Los Montones","Los Gervacio"
"Valdesia","San Cristóbal","San Cristóbal","Los Montones","Los Montones Abajo"
"Valdesia","San Cristóbal","San Cristóbal","Los Montones","Los Montones Arriba"
"Valdesia","San Cristóbal","San Cristóbal","Los Montones","Parra"
"Valdesia","San Cristóbal","San Cristóbal","Dasa","Boca de Gamboa"
"Valdesia","San Cristóbal","San Cristóbal","Dasa","Dasa I"
"Valdesia","San Cristóbal","San Cristóbal","Dasa","Dasa II"
"Valdesia","San Cristóbal","San Cristóbal","Dasa","La Cabuya"
"Valdesia","San Cristóbal","San Cristóbal","Dasa","Limón Dulce"
"Valdesia","San Cristóbal","San Cristóbal","Dasa","Nuevos Horizontes"
"Valdesia","San Cristóbal","San Cristóbal","Dasa","Pedro Caballero"
"Valdesia","San Cristóbal","San Cristóbal","San Francisco","Boruga"
"Valdesia","San Cristóbal","San Cristóbal","San Francisco","Carvajal"
"Valdesia","San Cristóbal","San Cristóbal","San Francisco","El Ramón"
"Valdesia","San Cristóbal","San Cristóbal","San Francisco","La Lica"
"Valdesia","San Cristóbal","San Cristóbal","San Francisco","Los Calimetes"
"Valdesia","San Cristóbal","San Cristóbal","San Francisco","Los Hoyos o El Guano"
"Valdesia","San Cristóbal","San Cristóbal","San Francisco","Mano Matuey"
"Valdesia","San Cristóbal","San Cristóbal","San Francisco","Rincón Largo"
"Valdesia","San Cristóbal","San Cristóbal","San Francisco","San Francisco"
"Valdesia","San Cristóbal","San Cristóbal","Jamey","Arroyo Claro"
"Valdesia","San Cristóbal","San Cristóbal","Jamey","Arroyo Mingo"
"Valdesia","San Cristóbal","San Cristóbal","Jamey","Boca de los dos Ríos"
"Valdesia","San Cristóbal","San Cristóbal","Jamey","Jamey"
"Valdesia","San Cristóbal","San Cristóbal","Jamey","La Jainera (Hainera)"
"Valdesia","San Cristóbal","San Cristóbal","Jamey","Los Arroyones"
"Valdesia","San Cristóbal","San Cristóbal","Jamey","Maluco"
"Valdesia","San Cristóbal","San Cristóbal","Jamey","Venturoso"
"Valdesia","San Cristóbal","San Cristóbal","Hatillo","Hatillo"
"Valdesia","San Cristóbal","San Cristóbal","La Sabana","Calle Bonita"
"Valdesia","San Cristóbal","San Cristóbal","La Sabana","Coco"
"Valdesia","San Cristóbal","San Cristóbal","La Sabana","El Zumbón"
"Valdesia","San Cristóbal","San Cristóbal","La Sabana","La Cruz de Santiago"
"Valdesia","San Cristóbal","San Cristóbal","La Sabana","La Florida"
"Valdesia","San Cristóbal","San Cristóbal","La Sabana","La Sabana"
"Valdesia","San Cristóbal","San Cristóbal","La Sabana","Los Cantines o Los Algarrobos"
"Valdesia","San Cristóbal","San Cristóbal","La Sabana","San Miguel"
"Valdesia","San Cristóbal","San Cristóbal","Hojas Anchas","Curva del Turco"
"Valdesia","San Cristóbal","San Cristóbal","Hojas Anchas","Estebanía"
"Valdesia","San Cristóbal","San Cristóbal","Hojas Anchas","Hojas Anchas"
"Valdesia","San Cristóbal","San Cristóbal","Hojas Anchas","Los Cantines (S.D.)"
"Valdesia","San Cristóbal","San Cristóbal","Hojas Anchas","Los Platanos"
"Valdesia","San Cristóbal","San Cristóbal","Hojas Anchas","San Rafael"
"Valdesia","San Cristóbal","San Cristóbal","Mata Naranjo","Boca de Burro"
"Valdesia","San Cristóbal","San Cristóbal","Mata Naranjo","El Corte"
"Valdesia","San Cristóbal","San Cristóbal","Mata Naranjo","Limón Dulce"
"Valdesia","San Cristóbal","San Cristóbal","Mata Naranjo","Loma de Porquero"
"Valdesia","San Cristóbal","San Cristóbal","Mata Naranjo","Los Chivos"
"Valdesia","San Cristóbal","San Cristóbal","Mata Naranjo","Los Mameyes"
"Valdesia","San Cristóbal","San Cristóbal","Mata Naranjo","Mata Naranjo"
"Valdesia","San Cristóbal","San Cristóbal","Mata Naranjo","Mata Paloma"
"Valdesia","San Cristóbal","San Cristóbal","Mata Naranjo","Vendaño"
"Valdesia","San Cristóbal","San Cristóbal","Mata Naranjo","Villa Encanto"
"Valdesia","San Cristóbal","San Gregorio de Nigua","San Gregorio de Nigua","La Costa"
"Valdesia","San Cristóbal","San Gregorio de Nigua","San Gregorio de Nigua","Nigua Norte I"
"Valdesia","San Cristóbal","San Gregorio de Nigua","San Gregorio de Nigua","Nigua Sur I"
"Valdesia","San Cristóbal","San Gregorio de Nigua","San Gregorio de Nigua","Nigua Sur II"
"Valdesia","San Cristóbal","San Gregorio de Nigua","San Gregorio de Nigua","Puerta Blanca"
"Valdesia","San Cristóbal","San Gregorio de Nigua","San Gregorio de Nigua","Yogo Yogo"
"Valdesia","San Cristóbal","San Gregorio de Nigua","Boca de Nigua","Arroyo Higüero"
"Valdesia","San Cristóbal","San Gregorio de Nigua","Boca de Nigua","Boca de Nigua"
"Valdesia","San Cristóbal","San Gregorio de Nigua","Boca de Nigua","Cambelén"
"Valdesia","San Cristóbal","San Gregorio de Nigua","Boca de Nigua","Los Fructuosos"
"Valdesia","San Cristóbal","San Gregorio de Nigua","Boca de Nigua","Samángola"
"Valdesia","San Cristóbal","San Gregorio de Nigua","Boca de Nigua","San Antonio"
"Valdesia","San Cristóbal","San Gregorio de Nigua","Boca de Nigua","San Nicolás"
"Valdesia","San Cristóbal","San Gregorio de Nigua","Boca de Nigua","Yogo Yogo"
"Valdesia","San Cristóbal","San Gregorio de Nigua","Najayo Abajo","Cañada Andrés"
"Valdesia","San Cristóbal","San Gregorio de Nigua","Najayo Abajo","Carlos Pinto"
"Valdesia","San Cristóbal","San Gregorio de Nigua","Najayo Abajo","Dios Dirá"
"Valdesia","San Cristóbal","San Gregorio de Nigua","Najayo Abajo","El Guano"
"Valdesia","San Cristóbal","San Gregorio de Nigua","Najayo Abajo","Goyo Viejo"
"Valdesia","San Cristóbal","San Gregorio de Nigua","Najayo Abajo","Hato Viejo"
"Valdesia","San Cristóbal","San Gregorio de Nigua","Najayo Abajo","Las Playas"
"Valdesia","San Cristóbal","San Gregorio de Nigua","Najayo Abajo","Los Amaceyes"
"Valdesia","San Cristóbal","San Gregorio de Nigua","Najayo Abajo","Los Higüeros"
"Valdesia","San Cristóbal","San Gregorio de Nigua","Najayo Abajo","Najayo Abajo o Cruce de Najayo"
"Valdesia","San Cristóbal","San Gregorio de Nigua","Malpáez","La Canela"
"Valdesia","San Cristóbal","San Gregorio de Nigua","Malpáez","Los Cajuiles"
"Valdesia","San Cristóbal","San Gregorio de Nigua","Malpáez","Malpáez"
"Valdesia","San Cristóbal","Villa Altagracia","Villa Altagracia","Buenos Aires"
"Valdesia","San Cristóbal","Villa Altagracia","Villa Altagracia","Caribe"
"Valdesia","San Cristóbal","Villa Altagracia","Villa Altagracia","Catarey"
"Valdesia","San Cristóbal","Villa Altagracia","Villa Altagracia","Centro del Pueblo"
"Valdesia","San Cristóbal","Villa Altagracia","Villa Altagracia","Fátima o Los Cachimbos"
"Valdesia","San Cristóbal","Villa Altagracia","Villa Altagracia","INVI"
"Valdesia","San Cristóbal","Villa Altagracia","Villa Altagracia","Juan Pablo Duarte"
"Valdesia","San Cristóbal","Villa Altagracia","Villa Altagracia","Las Cañitas"
"Valdesia","San Cristóbal","Villa Altagracia","Villa Altagracia","Las Sarnas"
"Valdesia","San Cristóbal","Villa Altagracia","Villa Altagracia","Libertad"
"Valdesia","San Cristóbal","Villa Altagracia","Villa Altagracia","Los Mercados"
"Valdesia","San Cristóbal","Villa Altagracia","Villa Altagracia","Los Solares"
"Valdesia","San Cristóbal","Villa Altagracia","Villa Altagracia","Maternidad"
"Valdesia","San Cristóbal","Villa Altagracia","Villa Altagracia","Pajarito"
"Valdesia","San Cristóbal","Villa Altagracia","Villa Altagracia","Pueblo Nuevo"
"Valdesia","San Cristóbal","Villa Altagracia","Villa Altagracia","Ramón Matías Mella"
"Valdesia","San Cristóbal","Villa Altagracia","Villa Altagracia","Remangao"
"Valdesia","San Cristóbal","Villa Altagracia","Villa Altagracia","San Francisco (Entrada)"
"Valdesia","San Cristóbal","Villa Altagracia","Villa Altagracia","Tierra Santa"
"Valdesia","San Cristóbal","Villa Altagracia","Villa Altagracia","Vista Hermosa"
"Valdesia","San Cristóbal","Villa Altagracia","Catarey","Arroyo Grande"
"Valdesia","San Cristóbal","Villa Altagracia","Catarey","Batey Lechería"
"Valdesia","San Cristóbal","Villa Altagracia","Catarey","Cañada Blanca"
"Valdesia","San Cristóbal","Villa Altagracia","Catarey","Cañada Honda"
"Valdesia","San Cristóbal","Villa Altagracia","Catarey","El Duey"
"Valdesia","San Cristóbal","Villa Altagracia","Catarey","El Molino"
"Valdesia","San Cristóbal","Villa Altagracia","Catarey","El Negro"
"Valdesia","San Cristóbal","Villa Altagracia","Catarey","El Rodeo"
"Valdesia","San Cristóbal","Villa Altagracia","Catarey","Kilómetro 45"
"Valdesia","San Cristóbal","Villa Altagracia","Catarey","La Lomita o El Corral"
"Valdesia","San Cristóbal","Villa Altagracia","Catarey","Loma Vieja"
"Valdesia","San Cristóbal","Villa Altagracia","Catarey","Los Aguacates"
"Valdesia","San Cristóbal","Villa Altagracia","Catarey","Novillero"
"Valdesia","San Cristóbal","Villa Altagracia","Maná de Haina","Batey 43"
"Valdesia","San Cristóbal","Villa Altagracia","Maná de Haina","Batey los Guineos"
"Valdesia","San Cristóbal","Villa Altagracia","Maná de Haina","Cambutera"
"Valdesia","San Cristóbal","Villa Altagracia","Maná de Haina","Caobal"
"Valdesia","San Cristóbal","Villa Altagracia","Maná de Haina","Carvajal"
"Valdesia","San Cristóbal","Villa Altagracia","Maná de Haina","Derrumbadero"
"Valdesia","San Cristóbal","Villa Altagracia","Maná de Haina","El Sereno"
"Valdesia","San Cristóbal","Villa Altagracia","Maná de Haina","Finquita"
"Valdesia","San Cristóbal","Villa Altagracia","Maná de Haina","Guardarraya de Naiboa"
"Valdesia","San Cristóbal","Villa Altagracia","Maná de Haina","Higüerito"
"Valdesia","San Cristóbal","Villa Altagracia","Maná de Haina","Hormigo"
"Valdesia","San Cristóbal","Villa Altagracia","Maná de Haina","Joa"
"Valdesia","San Cristóbal","Villa Altagracia","Maná de Haina","Kilómetro 40"
"Valdesia","San Cristóbal","Villa Altagracia","Maná de Haina","La Caoba"
"Valdesia","San Cristóbal","Villa Altagracia","Maná de Haina","La Celestina"
"Valdesia","San Cristóbal","Villa Altagracia","Maná de Haina","La Guázuma"
"Valdesia","San Cristóbal","Villa Altagracia","Maná de Haina","La Isabela"
"Valdesia","San Cristóbal","Villa Altagracia","Maná de Haina","Los Lirios"
"Valdesia","San Cristóbal","Villa Altagracia","Maná de Haina","Madrigal"
"Valdesia","San Cristóbal","Villa Altagracia","Maná de Haina","Maná de Haina"
"Valdesia","San Cristóbal","Villa Altagracia","Maná de Haina","Maná de Maizal o Maizal Arriba"
"Valdesia","San Cristóbal","Villa Altagracia","Maná de Haina","Monte Bonito"
"Valdesia","San Cristóbal","Villa Altagracia","Maná de Haina","Nandita"
"Valdesia","San Cristóbal","Villa Altagracia","Maná de Haina","Reparadero"
"Valdesia","San Cristóbal","Villa Altagracia","San José del Puerto","Batey"
"Valdesia","San Cristóbal","Villa Altagracia","San José del Puerto","El Puerto o El Centro"
"Valdesia","San Cristóbal","Villa Altagracia","San José del Puerto","Puerto Rico"
"Valdesia","San Cristóbal","Villa Altagracia","Básima","Básima"
"Valdesia","San Cristóbal","Villa Altagracia","Básima","Come Hombre"
"Valdesia","San Cristóbal","Villa Altagracia","Básima","El Duey"
"Valdesia","San Cristóbal","Villa Altagracia","Básima","Guananito"
"Valdesia","San Cristóbal","Villa Altagracia","Básima","Kilómetro 48"
"Valdesia","San Cristóbal","Villa Altagracia","Básima","La Cueva del Duey"
"Valdesia","San Cristóbal","Villa Altagracia","Básima","Los Arroyones"
"Valdesia","San Cristóbal","Villa Altagracia","Básima","Sabana Culebra"
"Valdesia","San Cristóbal","Villa Altagracia","Básima","Sabana Piedra"
"Valdesia","San Cristóbal","Villa Altagracia","Básima","Tubo Prieto"
"Valdesia","San Cristóbal","Villa Altagracia","Los Mogotes","Arenoso"
"Valdesia","San Cristóbal","Villa Altagracia","Los Mogotes","Blanco"
"Valdesia","San Cristóbal","Villa Altagracia","Los Mogotes","Kilómetro 56"
"Valdesia","San Cristóbal","Villa Altagracia","Los Mogotes","Kilómetro 59"
"Valdesia","San Cristóbal","Villa Altagracia","Los Mogotes","Los Mogotes"
"Valdesia","San Cristóbal","Villa Altagracia","Los Mogotes","Majagua"
"Valdesia","San Cristóbal","Villa Altagracia","Los Mogotes","Rancho Yagua"
"Valdesia","San Cristóbal","Villa Altagracia","Pino Herrado","El Café"
"Valdesia","San Cristóbal","Villa Altagracia","Pino Herrado","El Dos (El 2) o La Mina"
"Valdesia","San Cristóbal","Villa Altagracia","Pino Herrado","El Puerto"
"Valdesia","San Cristóbal","Villa Altagracia","Pino Herrado","El Sesenta y Uno (61)"
"Valdesia","San Cristóbal","Villa Altagracia","Pino Herrado","La Cumbre"
"Valdesia","San Cristóbal","Villa Altagracia","Pino Herrado","Los Ganchos"
"Valdesia","San Cristóbal","Villa Altagracia","Pino Herrado","Rancho La Cumbre"
"Valdesia","San Cristóbal","Villa Altagracia","Medina","Medina"
"Valdesia","San Cristóbal","Villa Altagracia","Loma Verde","Los Jesús"
"Valdesia","San Cristóbal","Villa Altagracia","Loma Verde","Los Mejía"
"Valdesia","San Cristóbal","Villa Altagracia","Loma Verde","Núñez Abajo"
"Valdesia","San Cristóbal","Villa Altagracia","El Pedrero","El Limón"
"Valdesia","San Cristóbal","Villa Altagracia","El Pedrero","El Pedrero"
"Valdesia","San Cristóbal","Villa Altagracia","El Pedrero","Guanabanito"
"Valdesia","San Cristóbal","Villa Altagracia","El Pedrero","La Juliana Arriba"
"Valdesia","San Cristóbal","Villa Altagracia","El Pedrero","Mamey Macho"
"Valdesia","San Cristóbal","Villa Altagracia","El Pedrero","Núñez Arriba"
"Valdesia","San Cristóbal","Villa Altagracia","Castaño","Castaño"
"Valdesia","San Cristóbal","Villa Altagracia","Castaño","La Cuabita"
"Valdesia","San Cristóbal","Villa Altagracia","Castaño","La Curva"
"Valdesia","San Cristóbal","Villa Altagracia","Castaño","Vietnam"
"Valdesia","San Cristóbal","Villa Altagracia","Medina","El Fundo"
"Valdesia","San Cristóbal","Villa Altagracia","Medina","El Paraíso"
"Valdesia","San Cristóbal","Villa Altagracia","Medina","La Juliana Abajo"
"Valdesia","San Cristóbal","Villa Altagracia","Medina","Lechería"
"Valdesia","San Cristóbal","Villa Altagracia","Medina","Los Algarrobos"
"Valdesia","San Cristóbal","Villa Altagracia","Medina","Media Cara"
"Valdesia","San Cristóbal","Villa Altagracia","Medina","Rancho Acevedo"
"Valdesia","San Cristóbal","Villa Altagracia","La Cuchilla","Guachupita"
"Valdesia","San Cristóbal","Villa Altagracia","La Cuchilla","La Cuchilla"
"Valdesia","San Cristóbal","Villa Altagracia","La Cuchilla","La Joya"
"Valdesia","San Cristóbal","Villa Altagracia","La Cuchilla","La Piña"
"Valdesia","San Cristóbal","Villa Altagracia","La Cuchilla","La Rosa"
"Valdesia","San Cristóbal","Villa Altagracia","La Cuchilla","Lo Menso"
"Valdesia","San Cristóbal","Villa Altagracia","La Cuchilla","Los Brache o Los Bellacos"
"Valdesia","San Cristóbal","Villa Altagracia","El Aguacero","Aguacero"
"Valdesia","San Cristóbal","Villa Altagracia","El Aguacero","Arroyo el Loro"
"Valdesia","San Cristóbal","Villa Altagracia","El Aguacero","Barrio La Grama"
"Valdesia","San Cristóbal","Villa Altagracia","El Aguacero","Cañada de la Palma"
"Valdesia","San Cristóbal","Villa Altagracia","El Aguacero","Gragea"
"Valdesia","San Cristóbal","Villa Altagracia","El Aguacero","Higo Claro"
"Valdesia","San Cristóbal","Villa Altagracia","El Aguacero","Los Compé"
"Valdesia","San Cristóbal","Villa Altagracia","El Aguacero","Los Placencio o Los Horacio"
"Valdesia","San Cristóbal","Villa Altagracia","El Caobal","El Caobal"
"Valdesia","San Cristóbal","Villa Altagracia","El Caobal","El Maricao"
"Valdesia","San Cristóbal","Villa Altagracia","El Caobal","Los Anones"
"Valdesia","San Cristóbal","Villa Altagracia","El Caobal","Los Conucos"
"Valdesia","San Cristóbal","Villa Altagracia","El Caobal","Los Hoyos"
"Valdesia","San Cristóbal","Villa Altagracia","El Caobal","Los Mosquitos"
"Valdesia","San Cristóbal","Villa Altagracia","El Caobal","Los Pineda"
"Valdesia","San Cristóbal","Villa Altagracia","El Caobal","Sabana Caobal"
"Valdesia","San Cristóbal","Villa Altagracia","El Cidral","Blanco Caobal"
"Valdesia","San Cristóbal","Villa Altagracia","El Cidral","El Cidral"
"Valdesia","San Cristóbal","Villa Altagracia","El Cidral","Jengibre"
"Valdesia","San Cristóbal","Villa Altagracia","El Cidral","La Bomba"
"Valdesia","San Cristóbal","Villa Altagracia","El Cidral","Loma de Los Majaguales"
"Valdesia","San Cristóbal","Villa Altagracia","El Cidral","Los Reinoso"
"Valdesia","San Cristóbal","Villa Altagracia","El Cidral","Terreno del Estado"
"Valdesia","San Cristóbal","Villa Altagracia","El Cidral (La Represa)","Barrio Chino"
"Valdesia","San Cristóbal","Villa Altagracia","El Cidral (La Represa)","Blanco Majagua"
"Valdesia","San Cristóbal","Villa Altagracia","El Cidral (La Represa)","Higüerito"
"Valdesia","San Cristóbal","Villa Altagracia","El Cidral (La Represa)","La Ceiba"
"Valdesia","San Cristóbal","Villa Altagracia","El Cidral (La Represa)","La Represa"
"Valdesia","San Cristóbal","Yaguate","Yaguate","Centro del Pueblo"
"Valdesia","San Cristóbal","Yaguate","Yaguate","La Uva"
"Valdesia","San Cristóbal","Yaguate","Yaguate","Moja Casabe (Bella Vista)"
"Valdesia","San Cristóbal","Yaguate","Yaguate","Nuevo"
"Valdesia","San Cristóbal","Yaguate","Yaguate","Santa Cruz"
"Valdesia","San Cristóbal","Yaguate","Yaguate","Viejo"
"Valdesia","San Cristóbal","Yaguate","Las Gallardas","Arroyo Mamey (S.D.)"
"Valdesia","San Cristóbal","Yaguate","Las Gallardas","El Fuerte (S.D.)"
"Valdesia","San Cristóbal","Yaguate","Las Gallardas","Gerónimo López (S.D.)"
"Valdesia","San Cristóbal","Yaguate","Las Gallardas","Higuerito"
"Valdesia","San Cristóbal","Yaguate","Las Gallardas","La Cueva (S.D.)"
"Valdesia","San Cristóbal","Yaguate","Las Gallardas","La Cumba"
"Valdesia","San Cristóbal","Yaguate","Las Gallardas","La Jagua (S.D.)"
"Valdesia","San Cristóbal","Yaguate","Las Gallardas","Las Gallardas (S.D.)"
"Valdesia","San Cristóbal","Yaguate","Las Gallardas","Las Mercedes"
"Valdesia","San Cristóbal","Yaguate","Las Gallardas","Los Guzmán"
"Valdesia","San Cristóbal","Yaguate","Las Gallardas","Paimatía (S.D.)"
"Valdesia","San Cristóbal","Yaguate","Las Gallardas","Semana Santa"
"Valdesia","San Cristóbal","Yaguate","Las Gallardas","Tío Lorenzo (S.D.)"
"Valdesia","San Cristóbal","Yaguate","Las Gallardas","Yaguate Arriba o La Jabilla"
"Valdesia","San Cristóbal","Yaguate","Najayo en Medio","Boca de los Arroyos"
"Valdesia","San Cristóbal","Yaguate","Najayo en Medio","Buzón"
"Valdesia","San Cristóbal","Yaguate","Najayo en Medio","Cabria Abajo"
"Valdesia","San Cristóbal","Yaguate","Najayo en Medio","Duveaux (Mamey Macho)"
"Valdesia","San Cristóbal","Yaguate","Najayo en Medio","El Limón"
"Valdesia","San Cristóbal","Yaguate","Najayo en Medio","Ingenio Caei"
"Valdesia","San Cristóbal","Yaguate","Najayo en Medio","La Cabirma"
"Valdesia","San Cristóbal","Yaguate","Najayo en Medio","La Caoba"
"Valdesia","San Cristóbal","Yaguate","Najayo en Medio","La Ermita o Najayo en Medio"
"Valdesia","San Cristóbal","Yaguate","Najayo en Medio","La Jagua"
"Valdesia","San Cristóbal","Yaguate","Najayo en Medio","La Loma"
"Valdesia","San Cristóbal","Yaguate","Najayo en Medio","La Vaca"
"Valdesia","San Cristóbal","Yaguate","Najayo en Medio","Los Franco"
"Valdesia","San Cristóbal","Yaguate","Najayo en Medio","Los Leones"
"Valdesia","San Cristóbal","Yaguate","Najayo en Medio","Los Mateo"
"Valdesia","San Cristóbal","Yaguate","Najayo en Medio","Los Riceli (Los Brea)"
"Valdesia","San Cristóbal","Yaguate","Najayo en Medio","Los Sánchez"
"Valdesia","San Cristóbal","Yaguate","Najayo en Medio","Lucas Díaz"
"Valdesia","San Cristóbal","Yaguate","Najayo en Medio","Moja Casabe"
"Valdesia","San Cristóbal","Yaguate","Najayo en Medio","Najayo en Medio"
"Valdesia","San Cristóbal","Yaguate","Najayo en Medio","Pajarito"
"Valdesia","San Cristóbal","Yaguate","Maná de Yaguate","Boca de Maná"
"Valdesia","San Cristóbal","Yaguate","Maná de Yaguate","El Copey"
"Valdesia","San Cristóbal","Yaguate","Maná de Yaguate","El Fuerte"
"Valdesia","San Cristóbal","Yaguate","Maná de Yaguate","El Horno"
"Valdesia","San Cristóbal","Yaguate","Maná de Yaguate","El Maizal"
"Valdesia","San Cristóbal","Yaguate","Maná de Yaguate","El Pozo"
"Valdesia","San Cristóbal","Yaguate","Maná de Yaguate","La Mancha"
"Valdesia","San Cristóbal","Yaguate","Maná de Yaguate","Maná Abajo"
"Valdesia","San Cristóbal","Yaguate","Maná de Yaguate","Maná de Yaguate"
"Valdesia","San Cristóbal","Yaguate","Maná de Yaguate","Monte Bonito"
"Valdesia","San Cristóbal","Yaguate","Doña Ana","Doña Ana"
"Valdesia","San Cristóbal","Yaguate","Los Brujanes","Las Gallardas (Los Brujanes)"
"Valdesia","San Cristóbal","Yaguate","Los Brujanes","Machín"
"Valdesia","San Cristóbal","Yaguate","Los Brujanes","Machincito"
"Valdesia","San Cristóbal","Yaguate","Los Brujanes","Pujabante (Pujavante)"
"Valdesia","San Cristóbal","Yaguate","La Sierra","El Anón"
"Valdesia","San Cristóbal","Yaguate","La Sierra","La Manigua"
"Valdesia","San Cristóbal","Yaguate","La Sierra","La Sierra"
"Valdesia","San José de Ocoa","Rancho Arriba","Villa de Rancho Arriba","Rancho Arriba"
"Valdesia","San José de Ocoa","Rancho Arriba","Arroyo Caña","Arroyo Blanco"
"Valdesia","San José de Ocoa","Rancho Arriba","Arroyo Caña","Arroyo Caña"
"Valdesia","San José de Ocoa","Rancho Arriba","Arroyo Caña","Banilejo"
"Valdesia","San José de Ocoa","Rancho Arriba","Arroyo Caña","El Comedero"
"Valdesia","San José de Ocoa","Rancho Arriba","Arroyo Caña","Juan Luis"
"Valdesia","San José de Ocoa","Rancho Arriba","Arroyo Caña","La Vigía"
"Valdesia","San José de Ocoa","Rancho Arriba","Arroyo Caña","Los Morones"
"Valdesia","San José de Ocoa","Rancho Arriba","Arroyo Caña","Los Quemado"
"Valdesia","San José de Ocoa","Rancho Arriba","Mahoma","Arroyo Chiquito"
"Valdesia","San José de Ocoa","Rancho Arriba","Mahoma","Arroyo del Café"
"Valdesia","San José de Ocoa","Rancho Arriba","Mahoma","Arroyo del Medio"
"Valdesia","San José de Ocoa","Rancho Arriba","Mahoma","Arroyo Manteca"
"Valdesia","San José de Ocoa","Rancho Arriba","Mahoma","Arroyo Prieto"
"Valdesia","San José de Ocoa","Rancho Arriba","Mahoma","Derrumbadero de Mahoma"
"Valdesia","San José de Ocoa","Rancho Arriba","Mahoma","Derrumbado"
"Valdesia","San José de Ocoa","Rancho Arriba","Mahoma","El Barranquito"
"Valdesia","San José de Ocoa","Rancho Arriba","Mahoma","El Catey"
"Valdesia","San José de Ocoa","Rancho Arriba","Mahoma","El Toro"
"Valdesia","San José de Ocoa","Rancho Arriba","Mahoma","Florencio"
"Valdesia","San José de Ocoa","Rancho Arriba","Mahoma","La Bocaína"
"Valdesia","San José de Ocoa","Rancho Arriba","Mahoma","La Cabirma"
"Valdesia","San José de Ocoa","Rancho Arriba","Mahoma","La Colonia"
"Valdesia","San José de Ocoa","Rancho Arriba","Mahoma","La Marca"
"Valdesia","San José de Ocoa","Rancho Arriba","Mahoma","La Nuez"
"Valdesia","San José de Ocoa","Rancho Arriba","Mahoma","La Peñita"
"Valdesia","San José de Ocoa","Rancho Arriba","Mahoma","La Trocha (La Tocha)"
"Valdesia","San José de Ocoa","Rancho Arriba","Mahoma","La Yuca"
"Valdesia","San José de Ocoa","Rancho Arriba","Mahoma","Las Avispas"
"Valdesia","San José de Ocoa","Rancho Arriba","Mahoma","Las Yayas"
"Valdesia","San José de Ocoa","Rancho Arriba","Mahoma","Los Fogoncitos"
"Valdesia","San José de Ocoa","Rancho Arriba","Mahoma","Los Gatos"
"Valdesia","San José de Ocoa","Rancho Arriba","Mahoma","Los Grillos"
"Valdesia","San José de Ocoa","Rancho Arriba","Mahoma","Mahoma"
"Valdesia","San José de Ocoa","Rancho Arriba","Mahoma","Mata de Café"
"Valdesia","San José de Ocoa","Rancho Arriba","Mahoma","Palo de la Cruz"
"Valdesia","San José de Ocoa","Rancho Arriba","Mahoma","Suardí"
"Valdesia","San José de Ocoa","Rancho Arriba","Quita Sueño","Arroyo Hondo"
"Valdesia","San José de Ocoa","Rancho Arriba","Quita Sueño","Desecho Largo"
"Valdesia","San José de Ocoa","Rancho Arriba","Quita Sueño","El Mogote"
"Valdesia","San José de Ocoa","Rancho Arriba","Quita Sueño","Firme de Monroe"
"Valdesia","San José de Ocoa","Rancho Arriba","Quita Sueño","Hato Viejo"
"Valdesia","San José de Ocoa","Rancho Arriba","Quita Sueño","Junumucú"
"Valdesia","San José de Ocoa","Rancho Arriba","Quita Sueño","La Cienaguita"
"Valdesia","San José de Ocoa","Rancho Arriba","Quita Sueño","La Estrechura"
"Valdesia","San José de Ocoa","Rancho Arriba","Quita Sueño","La Monteadita"
"Valdesia","San José de Ocoa","Rancho Arriba","Quita Sueño","La Sabana"
"Valdesia","San José de Ocoa","Rancho Arriba","Quita Sueño","La Travesía"
"Valdesia","San José de Ocoa","Rancho Arriba","Quita Sueño","Las Yayas"
"Valdesia","San José de Ocoa","Rancho Arriba","Quita Sueño","Loma del Cajón"
"Valdesia","San José de Ocoa","Rancho Arriba","Quita Sueño","Los Arroyitos"
"Valdesia","San José de Ocoa","Rancho Arriba","Quita Sueño","Los Naranjos"
"Valdesia","San José de Ocoa","Rancho Arriba","Quita Sueño","Monte Negro"
"Valdesia","San José de Ocoa","Rancho Arriba","Quita Sueño","Montía del Coco"
"Valdesia","San José de Ocoa","Rancho Arriba","Quita Sueño","Quita Pena (Quita Peña)"
"Valdesia","San José de Ocoa","Rancho Arriba","Quita Sueño","Quita Sueño"
"Valdesia","San José de Ocoa","Rancho Arriba","Quita Sueño","Yerba Buena"
"Valdesia","San José de Ocoa","Sabana Larga","Sabana Larga","Centro del Pueblo"
"Valdesia","San José de Ocoa","Sabana Larga","Sabana Larga","El Cruce de La Esperanza"
"Valdesia","San José de Ocoa","Sabana Larga","Sabana Larga","El Limonal"
"Valdesia","San José de Ocoa","Sabana Larga","Sabana Larga","El Rincón"
"Valdesia","San José de Ocoa","Sabana Larga","Sabana Larga","Sabana Larga Abajo o Los Come Dulce"
"Valdesia","San José de Ocoa","Sabana Larga","La Horma","Arabia"
"Valdesia","San José de Ocoa","Sabana Larga","La Horma","Arroyo Bonito"
"Valdesia","San José de Ocoa","Sabana Larga","La Horma","Carmona"
"Valdesia","San José de Ocoa","Sabana Larga","La Horma","Derrico Blanco"
"Valdesia","San José de Ocoa","Sabana Larga","La Horma","El Cajón"
"Valdesia","San José de Ocoa","Sabana Larga","La Horma","El Canal"
"Valdesia","San José de Ocoa","Sabana Larga","La Horma","El Rifle"
"Valdesia","San José de Ocoa","Sabana Larga","La Horma","La Barra"
"Valdesia","San José de Ocoa","Sabana Larga","La Horma","La Ciénaga al Medio"
"Valdesia","San José de Ocoa","Sabana Larga","La Horma","La Ciénaga de los Pocitos"
"Valdesia","San José de Ocoa","Sabana Larga","La Horma","La Horma"
"Valdesia","San José de Ocoa","Sabana Larga","La Horma","La Nuez"
"Valdesia","San José de Ocoa","Sabana Larga","La Horma","La Palma"
"Valdesia","San José de Ocoa","Sabana Larga","La Horma","Las Cayas"
"Valdesia","San José de Ocoa","Sabana Larga","La Horma","Las Espinas"
"Valdesia","San José de Ocoa","Sabana Larga","La Horma","Las Nueces"
"Valdesia","San José de Ocoa","Sabana Larga","La Horma","Los Almendros"
"Valdesia","San José de Ocoa","Sabana Larga","La Horma","Los Arroyos"
"Valdesia","San José de Ocoa","Sabana Larga","La Horma","Los Limoncillos"
"Valdesia","San José de Ocoa","Sabana Larga","La Horma","Los Manaclares"
"Valdesia","San José de Ocoa","Sabana Larga","La Horma","Los Pocitos"
"Valdesia","San José de Ocoa","Sabana Larga","La Horma","Manuel Lorenzo"
"Valdesia","San José de Ocoa","Sabana Larga","La Horma","Rincón del Pino"
"Valdesia","San José de Ocoa","Sabana Larga","Sabana Larga","El Guayabo"
"Valdesia","San José de Ocoa","Sabana Larga","Sabana Larga","La Angostura"
"Valdesia","San José de Ocoa","Sabana Larga","Sabana Larga","La Esperanza"
"Valdesia","San José de Ocoa","Sabana Larga","Sabana Larga","La Malagueta"
"Valdesia","San José de Ocoa","Sabana Larga","Sabana Larga","Loma Comején (El Comején)"
"Valdesia","San José de Ocoa","Sabana Larga","Sabana Larga","Los Guayabos"
"Valdesia","San José de Ocoa","Sabana Larga","Sabana Larga","Los Martínez"
"Valdesia","San José de Ocoa","Sabana Larga","Sabana Larga","Sabana Larga"
"Valdesia","San José de Ocoa","San José de Ocoa","San José de Ocoa","Avenida Canadá"
"Valdesia","San José de Ocoa","San José de Ocoa","San José de Ocoa","Cañada del Horno"
"Valdesia","San José de Ocoa","San José de Ocoa","San José de Ocoa","Centro del Pueblo"
"Valdesia","San José de Ocoa","San José de Ocoa","San José de Ocoa","El Rastrillo"
"Valdesia","San José de Ocoa","San José de Ocoa","San José de Ocoa","Juan Pablo Duarte"
"Valdesia","San José de Ocoa","San José de Ocoa","San José de Ocoa","La Colina"
"Valdesia","San José de Ocoa","San José de Ocoa","San José de Ocoa","La Vigía"
"Valdesia","San José de Ocoa","San José de Ocoa","San José de Ocoa","Las Clavellinas"
"Valdesia","San José de Ocoa","San José de Ocoa","San José de Ocoa","Las Flores"
"Valdesia","San José de Ocoa","San José de Ocoa","San José de Ocoa","Las Mercedes"
"Valdesia","San José de Ocoa","San José de Ocoa","San José de Ocoa","Los Invasores"
"Valdesia","San José de Ocoa","San José de Ocoa","San José de Ocoa","Nuevo Esfuerzo (Nuestro Esfuerzo)"
"Valdesia","San José de Ocoa","San José de Ocoa","San José de Ocoa","Prolongación 30 de Abril"
"Valdesia","San José de Ocoa","San José de Ocoa","San José de Ocoa","Pueblo Abajo"
"Valdesia","San José de Ocoa","San José de Ocoa","San José de Ocoa","Pueblo Arriba"
"Valdesia","San José de Ocoa","San José de Ocoa","San José de Ocoa","Pueblo Nuevo"
"Valdesia","San José de Ocoa","San José de Ocoa","San José de Ocoa","Rancho de San Francisco (San Andrés)"
"Valdesia","San José de Ocoa","San José de Ocoa","San José de Ocoa","San Francisco"
"Valdesia","San José de Ocoa","San José de Ocoa","San José de Ocoa","San Luis"
"Valdesia","San José de Ocoa","San José de Ocoa","San José de Ocoa","San Rafael"
"Valdesia","San José de Ocoa","San José de Ocoa","San José de Ocoa","Urbanización Bella Vista"
"Valdesia","San José de Ocoa","San José de Ocoa","San José de Ocoa","Urbanización Los Maestros"
"Valdesia","San José de Ocoa","San José de Ocoa","Los Ranchitos","Arenoso"
"Valdesia","San José de Ocoa","San José de Ocoa","Los Ranchitos","Arroyo Palma"
"Valdesia","San José de Ocoa","San José de Ocoa","Los Ranchitos","Bayona"
"Valdesia","San José de Ocoa","San José de Ocoa","Los Ranchitos","El Angelito"
"Valdesia","San José de Ocoa","San José de Ocoa","Los Ranchitos","El Limón"
"Valdesia","San José de Ocoa","San José de Ocoa","Los Ranchitos","Hoyo Nuevo"
"Valdesia","San José de Ocoa","San José de Ocoa","Los Ranchitos","Jengibre"
"Valdesia","San José de Ocoa","San José de Ocoa","Los Ranchitos","La Laguneta"
"Valdesia","San José de Ocoa","San José de Ocoa","Los Ranchitos","Las Caobas"
"Valdesia","San José de Ocoa","San José de Ocoa","Los Ranchitos","Las Flores"
"Valdesia","San José de Ocoa","San José de Ocoa","Los Ranchitos","Los Martínez"
"Valdesia","San José de Ocoa","San José de Ocoa","Los Ranchitos","Los Ranchitos"
"Valdesia","San José de Ocoa","San José de Ocoa","Los Ranchitos","Méndez"
"Valdesia","San José de Ocoa","San José de Ocoa","Los Ranchitos","Monte Higüero"
"Valdesia","San José de Ocoa","San José de Ocoa","Los Ranchitos","Saviñón"
"Valdesia","San José de Ocoa","San José de Ocoa","Los Ranchitos","Vuelta de la Paloma"
"Valdesia","San José de Ocoa","San José de Ocoa","La Ciénaga","Proyecto La Ciénaga"
"Valdesia","San José de Ocoa","San José de Ocoa","Los Anones","Cañada Grande"
"Valdesia","San José de Ocoa","San José de Ocoa","Los Anones","Domingo Frío"
"Valdesia","San José de Ocoa","San José de Ocoa","Los Anones","El Buey"
"Valdesia","San José de Ocoa","San José de Ocoa","Los Anones","El Desecho"
"Valdesia","San José de Ocoa","San José de Ocoa","Los Anones","El Higüerote"
"Valdesia","San José de Ocoa","San José de Ocoa","Los Anones","El Manaclar"
"Valdesia","San José de Ocoa","San José de Ocoa","Los Anones","El Manielito"
"Valdesia","San José de Ocoa","San José de Ocoa","Los Anones","El Mochito"
"Valdesia","San José de Ocoa","San José de Ocoa","Los Anones","El Mogote"
"Valdesia","San José de Ocoa","San José de Ocoa","Los Anones","El Quemado"
"Valdesia","San José de Ocoa","San José de Ocoa","Los Anones","El Toro"
"Valdesia","San José de Ocoa","San José de Ocoa","Los Anones","Jigüey"
"Valdesia","San José de Ocoa","San José de Ocoa","Los Anones","Juan Grande"
"Valdesia","San José de Ocoa","San José de Ocoa","Los Anones","La Jina"
"Valdesia","San José de Ocoa","San José de Ocoa","Los Anones","Las Peñas"
"Valdesia","San José de Ocoa","San José de Ocoa","Los Anones","Los Anones"
"Valdesia","San José de Ocoa","San José de Ocoa","Los Anones","Los Limones"
"Valdesia","San José de Ocoa","San José de Ocoa","Los Anones","Monte Grande"
"Valdesia","San José de Ocoa","San José de Ocoa","La Ciénaga","Boca de Cazuela"
"Valdesia","San José de Ocoa","San José de Ocoa","La Ciénaga","Camarón"
"Valdesia","San José de Ocoa","San José de Ocoa","La Ciénaga","Cañada Honda"
"Valdesia","San José de Ocoa","San José de Ocoa","La Ciénaga","El Arenazo"
"Valdesia","San José de Ocoa","San José de Ocoa","La Ciénaga","El Jobo"
"Valdesia","San José de Ocoa","San José de Ocoa","La Ciénaga","El Rincón"
"Valdesia","San José de Ocoa","San José de Ocoa","La Ciénaga","El Rodadero"
"Valdesia","San José de Ocoa","San José de Ocoa","La Ciénaga","La Ciénaga"
"Valdesia","San José de Ocoa","San José de Ocoa","La Ciénaga","La Jaiba o La Jamba"
"Valdesia","San José de Ocoa","San José de Ocoa","La Ciénaga","La Vereda o La Verea"
"Valdesia","San José de Ocoa","San José de Ocoa","La Ciénaga","Los Palmaritos"
"Valdesia","San José de Ocoa","San José de Ocoa","La Ciénaga","Monte Bonito"
"Valdesia","San José de Ocoa","San José de Ocoa","La Ciénaga","Río Abajo"
"Valdesia","San José de Ocoa","San José de Ocoa","La Ciénaga","Tatón"
"Valdesia","San José de Ocoa","San José de Ocoa","El Rosalito","Apolinar"
"Valdesia","San José de Ocoa","San José de Ocoa","El Rosalito","Arroyo de Pedro"
"Valdesia","San José de Ocoa","San José de Ocoa","El Rosalito","Boca de Mahoma"
"Valdesia","San José de Ocoa","San José de Ocoa","El Rosalito","Doña Ana"
"Valdesia","San José de Ocoa","San José de Ocoa","El Rosalito","El Capá"
"Valdesia","San José de Ocoa","San José de Ocoa","El Rosalito","El Chifle"
"Valdesia","San José de Ocoa","San José de Ocoa","El Rosalito","El Firme"
"Valdesia","San José de Ocoa","San José de Ocoa","El Rosalito","El Loasa"
"Valdesia","San José de Ocoa","San José de Ocoa","El Rosalito","El Mogote"
"Valdesia","San José de Ocoa","San José de Ocoa","El Rosalito","El Rosalito"
"Valdesia","San José de Ocoa","San José de Ocoa","El Rosalito","El Toro"
"Valdesia","San José de Ocoa","San José de Ocoa","El Rosalito","La Cabirma"
"Valdesia","San José de Ocoa","San José de Ocoa","El Rosalito","La Higuerita (La Higuereta)"
"Valdesia","San José de Ocoa","San José de Ocoa","El Rosalito","La Laguna"
"Valdesia","San José de Ocoa","San José de Ocoa","El Rosalito","La Travesía"
"Valdesia","San José de Ocoa","San José de Ocoa","El Rosalito","La Yautía"
"Valdesia","San José de Ocoa","San José de Ocoa","El Rosalito","Las Barías"
"Valdesia","San José de Ocoa","San José de Ocoa","El Rosalito","Loma del Mogote"
"Valdesia","San José de Ocoa","San José de Ocoa","El Rosalito","Los Capacitos"
"Valdesia","San José de Ocoa","San José de Ocoa","El Rosalito","Los Indios"
"Valdesia","San José de Ocoa","San José de Ocoa","El Rosalito","Palo de Caja"
"Valdesia","San José de Ocoa","San José de Ocoa","El Rosalito","Palo de la Higüera"
"Valdesia","San José de Ocoa","San José de Ocoa","El Rosalito","Pío"
"Valdesia","San José de Ocoa","San José de Ocoa","El Rosalito","Santana"
"Valdesia","San José de Ocoa","San José de Ocoa","Nizao","Arroyo Seco"
"Valdesia","San José de Ocoa","San José de Ocoa","Nizao","El Alto"
"Valdesia","San José de Ocoa","San José de Ocoa","Nizao","El callejón"
"Valdesia","San José de Ocoa","San José de Ocoa","Nizao","La Cumbre"
"Valdesia","San José de Ocoa","San José de Ocoa","Nizao","La Sabana"
"Valdesia","San José de Ocoa","San José de Ocoa","Nizao","Los Macos"
"Valdesia","San José de Ocoa","San José de Ocoa","Las Auyamas Arriba","Arroyo al Medio"
"Valdesia","San José de Ocoa","San José de Ocoa","Las Auyamas Arriba","Cañada de Manacla"
"Valdesia","San José de Ocoa","San José de Ocoa","Las Auyamas Arriba","Cañada Mala"
"Valdesia","San José de Ocoa","San José de Ocoa","Las Auyamas Arriba","Cañada Nueva"
"Valdesia","San José de Ocoa","San José de Ocoa","Las Auyamas Arriba","Cazuela"
"Valdesia","San José de Ocoa","San José de Ocoa","Las Auyamas Arriba","Cazuelita"
"Valdesia","San José de Ocoa","San José de Ocoa","Las Auyamas Arriba","El Aguacate"
"Valdesia","San José de Ocoa","San José de Ocoa","Las Auyamas Arriba","La Bija"
"Valdesia","San José de Ocoa","San José de Ocoa","Las Auyamas Arriba","La Botella"
"Valdesia","San José de Ocoa","San José de Ocoa","Las Auyamas Arriba","La Majagua"
"Valdesia","San José de Ocoa","San José de Ocoa","Las Auyamas Arriba","La Marca"
"Valdesia","San José de Ocoa","San José de Ocoa","Las Auyamas Arriba","La Matica"
"Valdesia","San José de Ocoa","San José de Ocoa","Las Auyamas Arriba","La Nuez"
"Valdesia","San José de Ocoa","San José de Ocoa","Las Auyamas Arriba","La Sabana"
"Valdesia","San José de Ocoa","San José de Ocoa","Las Auyamas Arriba","La Vereda Nueva"
"Valdesia","San José de Ocoa","San José de Ocoa","Las Auyamas Arriba","Las Auyamas"
"Valdesia","San José de Ocoa","San José de Ocoa","Las Auyamas Arriba","Las Piedras"
"Valdesia","San José de Ocoa","San José de Ocoa","Las Auyamas Arriba","Los Almendros"
"Valdesia","San José de Ocoa","San José de Ocoa","Las Auyamas Arriba","Los Cajones"
"Valdesia","San José de Ocoa","San José de Ocoa","Las Auyamas Arriba","Los Palmaritos"
"Valdesia","San José de Ocoa","San José de Ocoa","Las Cumbres","Arroyo Seco"
"Valdesia","San José de Ocoa","San José de Ocoa","Las Cumbres","El Botado"
"Valdesia","San José de Ocoa","San José de Ocoa","Las Cumbres","El Callejón"
"Valdesia","San José de Ocoa","San José de Ocoa","Las Cumbres","El Mulo"
"Valdesia","San José de Ocoa","San José de Ocoa","Las Cumbres","El Pie de la Loma"
"Valdesia","San José de Ocoa","San José de Ocoa","Las Cumbres","El Pomo"
"Valdesia","San José de Ocoa","San José de Ocoa","Las Cumbres","La Cumbre"
"Valdesia","San José de Ocoa","San José de Ocoa","Las Cumbres","Laguna Seca"
"Valdesia","San José de Ocoa","San José de Ocoa","Las Cumbres","Los Brazos"
"Valdesia","San José de Ocoa","San José de Ocoa","Las Cumbres","Los Guázaros"
"Valdesia","San José de Ocoa","San José de Ocoa","Las Cumbres","Monte Prieto"
"Valdesia","San José de Ocoa","San José de Ocoa","Las Cumbres","Pino Mocho (Pino Moncho)"
"Valdesia","San José de Ocoa","San José de Ocoa","El Higuito","Arroyo Arriba"
"Valdesia","San José de Ocoa","San José de Ocoa","El Higuito","El Carrao"
"Valdesia","San José de Ocoa","San José de Ocoa","El Higuito","El Higuito"
"Valdesia","San José de Ocoa","San José de Ocoa","El Higuito","La Higuera"
"Valdesia","San José de Ocoa","San José de Ocoa","El Higuito","Las Avispas"
"Valdesia","San José de Ocoa","San José de Ocoa","El Higuito","Los Guineos"
"Valdesia","San José de Ocoa","San José de Ocoa","El Higuito","Los Palos Grandes"
"Valdesia","San José de Ocoa","San José de Ocoa","El Higuito","Monte Bonito"
"Valdesia","San José de Ocoa","San José de Ocoa","El Higuito","Yerba Buena"
"Valdesia","San José de Ocoa","San José de Ocoa","El Pinar","El Pinar"
"Valdesia","San José de Ocoa","San José de Ocoa","Los Corozos","El Bejucal"
"Valdesia","San José de Ocoa","San José de Ocoa","Los Corozos","El Caimital"
"Valdesia","San José de Ocoa","San José de Ocoa","Los Corozos","El Corbanal"
"Valdesia","San José de Ocoa","San José de Ocoa","Los Corozos","El Montazo"
"Valdesia","San José de Ocoa","San José de Ocoa","Los Corozos","El Ojo de Agua"
"Valdesia","San José de Ocoa","San José de Ocoa","Los Corozos","El Perico"
"Valdesia","San José de Ocoa","San José de Ocoa","Los Corozos","La Agüita"
"Valdesia","San José de Ocoa","San José de Ocoa","Los Corozos","La Cruz"
"Valdesia","San José de Ocoa","San José de Ocoa","Los Corozos","La Cuchilla"
"Valdesia","San José de Ocoa","San José de Ocoa","Los Corozos","La Damajuana o La Damajagua"
"Valdesia","San José de Ocoa","San José de Ocoa","Los Corozos","La Isleta"
"Valdesia","San José de Ocoa","San José de Ocoa","Los Corozos","La Toronja"
"Valdesia","San José de Ocoa","San José de Ocoa","Los Corozos","Los Canes"
"Valdesia","San José de Ocoa","San José de Ocoa","Los Corozos","Los Corozos"
"Valdesia","San José de Ocoa","San José de Ocoa","Los Corozos","Los Palmaritos"
"Valdesia","San José de Ocoa","San José de Ocoa","Los Corozos","Los Pocheses"
"Valdesia","San José de Ocoa","San José de Ocoa","Los Corozos","Rancho Francisco"
"Valdesia","San José de Ocoa","San José de Ocoa","Los Tramojos","La Ciénaga"
"Valdesia","San José de Ocoa","San José de Ocoa","Los Tramojos","La Tachuela"
"Valdesia","San José de Ocoa","San José de Ocoa","Los Tramojos","Los Limones"
"Valdesia","San José de Ocoa","San José de Ocoa","Los Tramojos","Los Negros"
"Valdesia","San José de Ocoa","San José de Ocoa","Los Tramojos","Los Tramojos"
"Valdesia","San José de Ocoa","San José de Ocoa","El Cercado","El Cercado"
"Valdesia","San José de Ocoa","San José de Ocoa","El Cercado","Mancebo"
"Valdesia","San José de Ocoa","San José de Ocoa","El Cercado","Mesa de Domingo o Neón de Domingo"
"Valdesia","San José de Ocoa","San José de Ocoa","El Cercado","Palo de Sabina"
"Valdesia","San José de Ocoa","San José de Ocoa","El Cercado","Sabana Abajo"
"Valdesia","San José de Ocoa","San José de Ocoa","El Naranjal","Naranjal Arriba"
"Valdesia","San José de Ocoa","San José de Ocoa","El Naranjal","Arroyo Hondo"
"Valdesia","San José de Ocoa","San José de Ocoa","El Naranjal","Cazuela"
"Valdesia","San José de Ocoa","San José de Ocoa","El Naranjal","Derrumbado"
"Valdesia","San José de Ocoa","San José de Ocoa","El Naranjal","El Ojo de Agua"
"Valdesia","San José de Ocoa","San José de Ocoa","El Naranjal","La Fortuna"
"Valdesia","San José de Ocoa","San José de Ocoa","El Naranjal","Los Limoncillos"
"Valdesia","San José de Ocoa","San José de Ocoa","El Naranjal","Parra"
"Valdesia","San José de Ocoa","San José de Ocoa","El Naranjal","Tumbaca"
"Valdesia","San José de Ocoa","San José de Ocoa","El Naranjal","Vengan a Ver"
"Yuma","El Seibo","El Seibo","Santa Cruz de El Seibo","Cañada Francisca"
"Yuma","El Seibo","El Seibo","Santa Cruz de El Seibo","Capotillo"
"Yuma","El Seibo","El Seibo","Santa Cruz de El Seibo","Centro del Pueblo"
"Yuma","El Seibo","El Seibo","Santa Cruz de El Seibo","El Matadero"
"Yuma","El Seibo","El Seibo","Santa Cruz de El Seibo","El Retiro"
"Yuma","El Seibo","El Seibo","Santa Cruz de El Seibo","El Rincón"
"Yuma","El Seibo","El Seibo","Santa Cruz de El Seibo","Ensanche Palo Hincado o Blanco"
"Yuma","El Seibo","El Seibo","Santa Cruz de El Seibo","Ginandiana"
"Yuma","El Seibo","El Seibo","Santa Cruz de El Seibo","Loma de los Chivos"
"Yuma","El Seibo","El Seibo","Santa Cruz de El Seibo","Los Cajuiles"
"Yuma","El Seibo","El Seibo","Santa Cruz de El Seibo","Los Hoyitos"
"Yuma","El Seibo","El Seibo","Santa Cruz de El Seibo","Villa Guerrero"
"Yuma","El Seibo","El Seibo","Santa Cruz de El Seibo","Villa Nene"
"Yuma","El Seibo","El Seibo","Arroyo Grande","Arroyón"
"Yuma","El Seibo","El Seibo","Arroyo Grande","Buenas Noches"
"Yuma","El Seibo","El Seibo","Arroyo Grande","Cañada de Cacao"
"Yuma","El Seibo","El Seibo","Arroyo Grande","Cañada te Hundes"
"Yuma","El Seibo","El Seibo","Arroyo Grande","Dos Bocas"
"Yuma","El Seibo","El Seibo","Arroyo Grande","El Llano"
"Yuma","El Seibo","El Seibo","Arroyo Grande","Guayuyo"
"Yuma","El Seibo","El Seibo","Arroyo Grande","Hoyo Frío"
"Yuma","El Seibo","El Seibo","Arroyo Grande","Los Negros Viejos"
"Yuma","El Seibo","El Seibo","Arroyo Grande","Los Prietos"
"Yuma","El Seibo","El Seibo","Arroyo Grande","Sabana de Arroyo Grande"
"Yuma","El Seibo","El Seibo","Arroyo Grande","Sal si Puedes"
"Yuma","El Seibo","El Seibo","Arroyo Grande","Santo Espíritu"
"Yuma","El Seibo","El Seibo","Arroyo Grande","Yaguaque"
"Yuma","El Seibo","El Seibo","Campiña","Arroyo Hondo"
"Yuma","El Seibo","El Seibo","Campiña","Arroyo Lucas Campo"
"Yuma","El Seibo","El Seibo","Campiña","Barragüeybano"
"Yuma","El Seibo","El Seibo","Campiña","Batey Agua Blanca"
"Yuma","El Seibo","El Seibo","Campiña","Batey Albizu"
"Yuma","El Seibo","El Seibo","Campiña","Batey Altagracia"
"Yuma","El Seibo","El Seibo","Campiña","Batey Arroyo Lucas"
"Yuma","El Seibo","El Seibo","Campiña","Batey Bejucal"
"Yuma","El Seibo","El Seibo","Campiña","Batey Bella Cruz"
"Yuma","El Seibo","El Seibo","Campiña","Batey Bermejo"
"Yuma","El Seibo","El Seibo","Campiña","Batey Copey"
"Yuma","El Seibo","El Seibo","Campiña","Batey El 28"
"Yuma","El Seibo","El Seibo","Campiña","Batey El 29"
"Yuma","El Seibo","El Seibo","Campiña","Batey El 30"
"Yuma","El Seibo","El Seibo","Campiña","Batey El Higo"
"Yuma","El Seibo","El Seibo","Campiña","Batey Español"
"Yuma","El Seibo","El Seibo","Campiña","Batey Guayacanes"
"Yuma","El Seibo","El Seibo","Campiña","Batey Guazabal"
"Yuma","El Seibo","El Seibo","Campiña","Batey Higüeyana"
"Yuma","El Seibo","El Seibo","Campiña","Batey Juan Gil"
"Yuma","El Seibo","El Seibo","Campiña","Batey La Gina"
"Yuma","El Seibo","El Seibo","Campiña","Batey Lechuga"
"Yuma","El Seibo","El Seibo","Campiña","Batey Los Martínez"
"Yuma","El Seibo","El Seibo","Campiña","Batey Marchena"
"Yuma","El Seibo","El Seibo","Campiña","Batey Monte Adentro"
"Yuma","El Seibo","El Seibo","Campiña","Batey Plumita"
"Yuma","El Seibo","El Seibo","Campiña","Batey Solano"
"Yuma","El Seibo","El Seibo","Campiña","Batey Tentación 27"
"Yuma","El Seibo","El Seibo","Campiña","Colón Salvaleón"
"Yuma","El Seibo","El Seibo","Campiña","Dominica"
"Yuma","El Seibo","El Seibo","Campiña","Hozaro"
"Yuma","El Seibo","El Seibo","Campiña","La Guarapa"
"Yuma","El Seibo","El Seibo","Campiña","Los Novillos"
"Yuma","El Seibo","El Seibo","Campiña","Los Platanitos"
"Yuma","El Seibo","El Seibo","Campiña","Sabana de Campiña"
"Yuma","El Seibo","El Seibo","Candelaria","Batey Kilómetro 2"
"Yuma","El Seibo","El Seibo","Candelaria","Candelaria"
"Yuma","El Seibo","El Seibo","Candelaria","Cañada de Jengibre"
"Yuma","El Seibo","El Seibo","Candelaria","Cerro Guamo"
"Yuma","El Seibo","El Seibo","Candelaria","Cerro Naranjo"
"Yuma","El Seibo","El Seibo","Candelaria","El Copey"
"Yuma","El Seibo","El Seibo","Candelaria","El Grumo"
"Yuma","El Seibo","El Seibo","Candelaria","La Tala"
"Yuma","El Seibo","El Seibo","Candelaria","La Zanja"
"Yuma","El Seibo","El Seibo","Candelaria","Los Corazones"
"Yuma","El Seibo","El Seibo","Candelaria","Los Jengibres"
"Yuma","El Seibo","El Seibo","Candelaria","Los Sopaipos"
"Yuma","El Seibo","El Seibo","Candelaria","Los Verracos"
"Yuma","El Seibo","El Seibo","Candelaria","Palo Hincado"
"Yuma","El Seibo","El Seibo","Candelaria","Reparadero"
"Yuma","El Seibo","El Seibo","Candelaria","San Pablo"
"Yuma","El Seibo","El Seibo","Las Cuchillas","Alto del Jobo (Ant. Las Cuchillas)"
"Yuma","El Seibo","El Seibo","Las Cuchillas","Arroyo Higuero"
"Yuma","El Seibo","El Seibo","Las Cuchillas","Arroyo Tabaco"
"Yuma","El Seibo","El Seibo","Las Cuchillas","Dos Bocas"
"Yuma","El Seibo","El Seibo","Las Cuchillas","El Cabao"
"Yuma","El Seibo","El Seibo","Las Cuchillas","El Coamo"
"Yuma","El Seibo","El Seibo","Las Cuchillas","El Lial"
"Yuma","El Seibo","El Seibo","Las Cuchillas","El Limoncillar"
"Yuma","El Seibo","El Seibo","Las Cuchillas","El Majagual"
"Yuma","El Seibo","El Seibo","Las Cuchillas","Janabito"
"Yuma","El Seibo","El Seibo","Las Cuchillas","Janabo"
"Yuma","El Seibo","El Seibo","Las Cuchillas","La Maravilla"
"Yuma","El Seibo","El Seibo","Las Cuchillas","Los Dieguillos"
"Yuma","El Seibo","El Seibo","Las Cuchillas","Los Guzmán"
"Yuma","El Seibo","El Seibo","Las Cuchillas","Mata Guineo"
"Yuma","El Seibo","El Seibo","Las Cuchillas","Piedra Blanca 1"
"Yuma","El Seibo","El Seibo","Las Cuchillas","Piedra Mala"
"Yuma","El Seibo","El Seibo","Las Cuchillas","Porto"
"Yuma","El Seibo","El Seibo","Las Cuchillas","Soco Arriba"
"Yuma","El Seibo","El Seibo","Las Cuchillas","Trepada de Jabilla"
"Yuma","El Seibo","El Seibo","El Cuey","Alto del Jobo Dulce o Yabana"
"Yuma","El Seibo","El Seibo","El Cuey","Cabirmal"
"Yuma","El Seibo","El Seibo","El Cuey","Caciquillo"
"Yuma","El Seibo","El Seibo","El Cuey","Cal de Piedra"
"Yuma","El Seibo","El Seibo","El Cuey","Cañada de la Vaca"
"Yuma","El Seibo","El Seibo","El Cuey","Cañada Honda"
"Yuma","El Seibo","El Seibo","El Cuey","Ceibita (La Cuevita)"
"Yuma","El Seibo","El Seibo","El Cuey","Cesteadoro"
"Yuma","El Seibo","El Seibo","El Cuey","Chavoncito"
"Yuma","El Seibo","El Seibo","El Cuey","Cuchillita"
"Yuma","El Seibo","El Seibo","El Cuey","El Palmar"
"Yuma","El Seibo","El Seibo","El Cuey","El Prieto"
"Yuma","El Seibo","El Seibo","El Cuey","Higua"
"Yuma","El Seibo","El Seibo","El Cuey","Jobo Claro"
"Yuma","El Seibo","El Seibo","El Cuey","Jobo Dulce"
"Yuma","El Seibo","El Seibo","El Cuey","La Cabirma"
"Yuma","El Seibo","El Seibo","El Cuey","La Meseta"
"Yuma","El Seibo","El Seibo","El Cuey","La Parcela"
"Yuma","El Seibo","El Seibo","El Cuey","La Viuda"
"Yuma","El Seibo","El Seibo","El Cuey","Los Mameyes"
"Yuma","El Seibo","El Seibo","El Cuey","Los Rodríguez"
"Yuma","El Seibo","El Seibo","El Cuey","Los Vargas"
"Yuma","El Seibo","El Seibo","El Cuey","Mal Pecao"
"Yuma","El Seibo","El Seibo","El Cuey","Rincón Chavón"
"Yuma","El Seibo","El Seibo","El Cuey","Río Piedras"
"Yuma","El Seibo","El Seibo","El Cuey","Sabana del Cuey"
"Yuma","El Seibo","El Seibo","El Cuey","Sabana Grande"
"Yuma","El Seibo","El Seibo","El Cuey","Sabana Rodeo"
"Yuma","El Seibo","El Seibo","El Cuey","Sabaneta"
"Yuma","El Seibo","El Seibo","Magarín","Agua Clara"
"Yuma","El Seibo","El Seibo","Magarín","Bejucal"
"Yuma","El Seibo","El Seibo","Magarín","Jobo Dulce Adentro"
"Yuma","El Seibo","El Seibo","Magarín","Jobo Dulce Afuera"
"Yuma","El Seibo","El Seibo","Magarín","Las Agustinas"
"Yuma","El Seibo","El Seibo","Magarín","Las Uvas"
"Yuma","El Seibo","El Seibo","Magarín","Los Carlos"
"Yuma","El Seibo","El Seibo","Magarín","Magarín Abajo"
"Yuma","El Seibo","El Seibo","Magarín","Mancorneta"
"Yuma","El Seibo","El Seibo","Magarín","Peña Blanca Adentro"
"Yuma","El Seibo","El Seibo","Magarín","Peña Blanca Afuera"
"Yuma","El Seibo","El Seibo","Magarín","Quaiquía"
"Yuma","El Seibo","El Seibo","Magarín","Saguatico"
"Yuma","El Seibo","El Seibo","Mata de Palma","Alemán"
"Yuma","El Seibo","El Seibo","Mata de Palma","Arroyo Blanco"
"Yuma","El Seibo","El Seibo","Mata de Palma","Batey Bella Vista"
"Yuma","El Seibo","El Seibo","Mata de Palma","Batey Carlos Torres"
"Yuma","El Seibo","El Seibo","Mata de Palma","Batey Castillo"
"Yuma","El Seibo","El Seibo","Mata de Palma","Batey El Guaral"
"Yuma","El Seibo","El Seibo","Mata de Palma","Batey Haití"
"Yuma","El Seibo","El Seibo","Mata de Palma","Batey los Blocks de Haití"
"Yuma","El Seibo","El Seibo","Mata de Palma","Batey Los Riseles o Rieles"
"Yuma","El Seibo","El Seibo","Mata de Palma","Batey Paraíso Dos"
"Yuma","El Seibo","El Seibo","Mata de Palma","Batey Polonio"
"Yuma","El Seibo","El Seibo","Mata de Palma","Campo Alegre"
"Yuma","El Seibo","El Seibo","Mata de Palma","Cañada del Agua"
"Yuma","El Seibo","El Seibo","Mata de Palma","Casabe"
"Yuma","El Seibo","El Seibo","Mata de Palma","El Caimito"
"Yuma","El Seibo","El Seibo","Mata de Palma","Gorreta"
"Yuma","El Seibo","El Seibo","Mata de Palma","Guacaya"
"Yuma","El Seibo","El Seibo","Mata de Palma","La Bija"
"Yuma","El Seibo","El Seibo","Mata de Palma","La Guázuma"
"Yuma","El Seibo","El Seibo","Mata de Palma","Las Yayas"
"Yuma","El Seibo","El Seibo","Mata de Palma","Mata de Palma"
"Yuma","El Seibo","El Seibo","Mata de Palma","Mata del Toro"
"Yuma","El Seibo","El Seibo","Mata de Palma","Piedra Grande"
"Yuma","El Seibo","El Seibo","Mata de Palma","San Miguel"
"Yuma","El Seibo","El Seibo","Mata de Palma","Sanabia"
"Yuma","El Seibo","El Seibo","Mata de Palma","Solanito"
"Yuma","El Seibo","El Seibo","Anamá","Anamá"
"Yuma","El Seibo","El Seibo","Anamá","Batey Guayquía"
"Yuma","El Seibo","El Seibo","Anamá","Cibahuete"
"Yuma","El Seibo","El Seibo","Anamá","El Cerrito"
"Yuma","El Seibo","El Seibo","Anamá","El Prado"
"Yuma","El Seibo","El Seibo","Anamá","Kilómetro 7"
"Yuma","El Seibo","El Seibo","Anamá","La Jíquima"
"Yuma","El Seibo","El Seibo","Anamá","La Mayita"
"Yuma","El Seibo","El Seibo","Anamá","Lagunita"
"Yuma","El Seibo","El Seibo","Anamá","Las dos Bocas"
"Yuma","El Seibo","El Seibo","Anamá","Las Lajas"
"Yuma","El Seibo","El Seibo","Anamá","Las Matas"
"Yuma","El Seibo","El Seibo","Anamá","Las Palmillas"
"Yuma","El Seibo","El Seibo","Anamá","Las Tunas"
"Yuma","El Seibo","El Seibo","Anamá","Loma de Pinto"
"Yuma","El Seibo","El Seibo","Anamá","Loma Tabaco"
"Yuma","El Seibo","El Seibo","Anamá","Los Chivos"
"Yuma","El Seibo","El Seibo","Anamá","Los Pajones"
"Yuma","El Seibo","El Seibo","Anamá","Matencio"
"Yuma","El Seibo","El Seibo","Anamá","Rincón de Mesa"
"Yuma","El Seibo","El Seibo","Anamá","San Lorenzo"
"Yuma","El Seibo","El Seibo","Anamá","San Miguel"
"Yuma","El Seibo","El Seibo","Pedro Sánchez","Campo de Tiro"
"Yuma","El Seibo","El Seibo","Pedro Sánchez","Julio Güíllamo"
"Yuma","El Seibo","El Seibo","Pedro Sánchez","Pavín"
"Yuma","El Seibo","El Seibo","Pedro Sánchez","Pedro Sánchez o Centro del Pueblo"
"Yuma","El Seibo","El Seibo","Isabelita","Buenos Aires"
"Yuma","El Seibo","El Seibo","Isabelita","Caciquillo"
"Yuma","El Seibo","El Seibo","Isabelita","Ceiba del Agua (Cañada Honda)"
"Yuma","El Seibo","El Seibo","Isabelita","Cienagatuamo"
"Yuma","El Seibo","El Seibo","Isabelita","Guazumilla"
"Yuma","El Seibo","El Seibo","Isabelita","Higo Barbú"
"Yuma","El Seibo","El Seibo","Isabelita","Isabelita"
"Yuma","El Seibo","El Seibo","Isabelita","La Ceibita"
"Yuma","El Seibo","El Seibo","Isabelita","La Jina"
"Yuma","El Seibo","El Seibo","Isabelita","La Piedra"
"Yuma","El Seibo","El Seibo","Isabelita","Los Altos Grandes"
"Yuma","El Seibo","El Seibo","Isabelita","Los Bejucos"
"Yuma","El Seibo","El Seibo","Isabelita","Los Botados"
"Yuma","El Seibo","El Seibo","Isabelita","Los Cafés"
"Yuma","El Seibo","El Seibo","Isabelita","Los Corsos"
"Yuma","El Seibo","El Seibo","Isabelita","Los Rincones"
"Yuma","El Seibo","El Seibo","Isabelita","Piedra Blanca"
"Yuma","El Seibo","El Seibo","Isabelita","Sabana de Pedro Sánchez"
"Yuma","El Seibo","El Seibo","Pedro Sánchez","Arroyo Piedra"
"Yuma","El Seibo","El Seibo","Pedro Sánchez","Cabirma Clara"
"Yuma","El Seibo","El Seibo","Pedro Sánchez","Cocuyo"
"Yuma","El Seibo","El Seibo","Pedro Sánchez","El Batey Isabelita"
"Yuma","El Seibo","El Seibo","Pedro Sánchez","El Grumo"
"Yuma","El Seibo","El Seibo","Pedro Sánchez","Florencio"
"Yuma","El Seibo","El Seibo","Pedro Sánchez","Gimió el Buey"
"Yuma","El Seibo","El Seibo","Pedro Sánchez","Hato Santiago"
"Yuma","El Seibo","El Seibo","Pedro Sánchez","Hoyo de la Cigua"
"Yuma","El Seibo","El Seibo","Pedro Sánchez","Kilómetro 1"
"Yuma","El Seibo","El Seibo","Pedro Sánchez","Kilómetro 14"
"Yuma","El Seibo","El Seibo","Pedro Sánchez","Kilómetro 2"
"Yuma","El Seibo","El Seibo","Pedro Sánchez","Kilómetro 3"
"Yuma","El Seibo","El Seibo","Pedro Sánchez","Kilómetro 8"
"Yuma","El Seibo","El Seibo","Pedro Sánchez","Kilómetro 9"
"Yuma","El Seibo","El Seibo","Pedro Sánchez","La Puerta Blanca"
"Yuma","El Seibo","El Seibo","Pedro Sánchez","La Troncha"
"Yuma","El Seibo","El Seibo","Pedro Sánchez","Las 13"
"Yuma","El Seibo","El Seibo","Pedro Sánchez","Loma La Herradura"
"Yuma","El Seibo","El Seibo","Pedro Sánchez","Lomas de Limón"
"Yuma","El Seibo","El Seibo","Pedro Sánchez","Los Plátanos"
"Yuma","El Seibo","El Seibo","Pedro Sánchez","Maguá o Majagua"
"Yuma","El Seibo","El Seibo","Vicentillo","Vicentillo"
"Yuma","El Seibo","El Seibo","Yabón","Arroyón"
"Yuma","El Seibo","El Seibo","Yabón","Camarón"
"Yuma","El Seibo","El Seibo","Yabón","Cascajito"
"Yuma","El Seibo","El Seibo","Yabón","El 16"
"Yuma","El Seibo","El Seibo","Yabón","La Culebra"
"Yuma","El Seibo","El Seibo","Yabón","La Pocilga"
"Yuma","El Seibo","El Seibo","Yabón","Limoncillo"
"Yuma","El Seibo","El Seibo","Yabón","Los Brazos"
"Yuma","El Seibo","El Seibo","Yabón","Los Mampurrios"
"Yuma","El Seibo","El Seibo","Yabón","Los Ranchitos"
"Yuma","El Seibo","El Seibo","Yabón","Palma el Gallo"
"Yuma","El Seibo","El Seibo","Yabón","Palo Seco"
"Yuma","El Seibo","El Seibo","Yabón","Rompe Trapo"
"Yuma","El Seibo","El Seibo","Yabón","Tedeche"
"Yuma","El Seibo","El Seibo","Yabón","Yabón"
"Yuma","El Seibo","El Seibo","El Cercado","Bibiana"
"Yuma","El Seibo","El Seibo","El Cercado","Cañada Mala"
"Yuma","El Seibo","El Seibo","El Cercado","Doña Ana o Cueva de Doña Ana"
"Yuma","El Seibo","El Seibo","El Cercado","El Cercado"
"Yuma","El Seibo","El Seibo","El Cercado","El Corozal"
"Yuma","El Seibo","El Seibo","El Cercado","El Jobo"
"Yuma","El Seibo","El Seibo","El Cercado","El Peñón"
"Yuma","El Seibo","El Seibo","El Cercado","El Perico"
"Yuma","El Seibo","El Seibo","El Cercado","Garantía"
"Yuma","El Seibo","El Seibo","El Cercado","La Culebra"
"Yuma","El Seibo","El Seibo","El Cercado","La Guajaba"
"Yuma","El Seibo","El Seibo","El Cercado","La Loreta"
"Yuma","El Seibo","El Seibo","El Cercado","Las Tunas"
"Yuma","El Seibo","El Seibo","El Cercado","Loma Arenita"
"Yuma","El Seibo","El Seibo","El Cercado","Los Macos"
"Yuma","El Seibo","El Seibo","El Cercado","Mala Muerte"
"Yuma","El Seibo","El Seibo","El Cercado","Paso Cibao"
"Yuma","El Seibo","El Seibo","El Cercado","Rancho 2"
"Yuma","El Seibo","El Seibo","El Cercado","Rancho Chiquito"
"Yuma","El Seibo","El Seibo","El Cercado","Rancho o Rancho 1"
"Yuma","El Seibo","El Seibo","Santa Lucía","Buenos Aires"
"Yuma","El Seibo","El Seibo","Santa Lucía","Centro del Pueblo (La Higuera)"
"Yuma","El Seibo","El Seibo","Santa Lucía","La Ceniza"
"Yuma","El Seibo","El Seibo","Santa Lucía","La Cuadra"
"Yuma","El Seibo","El Seibo","Santa Lucía","Vietnam"
"Yuma","El Seibo","El Seibo","El Pintado","Altos de Peguero"
"Yuma","El Seibo","El Seibo","El Pintado","El 35"
"Yuma","El Seibo","El Seibo","El Pintado","El 50"
"Yuma","El Seibo","El Seibo","El Pintado","El 90"
"Yuma","El Seibo","El Seibo","El Pintado","El 91 o Batey La Gina"
"Yuma","El Seibo","El Seibo","El Pintado","El Pintado"
"Yuma","El Seibo","El Seibo","El Pintado","El Salao o El Salado"
"Yuma","El Seibo","El Seibo","El Pintado","Kilómetro 8"
"Yuma","El Seibo","El Seibo","El Pintado","Los Marmolejos"
"Yuma","El Seibo","El Seibo","El Pintado","Los Pelao"
"Yuma","El Seibo","El Seibo","El Pintado","Rincón Bellaco"
"Yuma","El Seibo","El Seibo","La Higuera","Kilómetro 10"
"Yuma","El Seibo","El Seibo","La Higuera","La Higuera"
"Yuma","El Seibo","El Seibo","La Higuera","Las Papitas"
"Yuma","El Seibo","El Seibo","La Higuera","Los Aguacaticos"
"Yuma","El Seibo","El Seibo","La Higuera","Los Maguelles"
"Yuma","El Seibo","El Seibo","La Higuera","Santa Rita"
"Yuma","El Seibo","El Seibo","Santa Lucía","Batey 105"
"Yuma","El Seibo","El Seibo","Santa Lucía","Batey 106"
"Yuma","El Seibo","El Seibo","Santa Lucía","Batey 107"
"Yuma","El Seibo","El Seibo","Santa Lucía","Batey 108"
"Yuma","El Seibo","El Seibo","Santa Lucía","Batey Alcides"
"Yuma","El Seibo","El Seibo","Santa Lucía","Batey Brador 104"
"Yuma","El Seibo","El Seibo","Santa Lucía","Batey Callao"
"Yuma","El Seibo","El Seibo","Santa Lucía","Batey Cascajito"
"Yuma","El Seibo","El Seibo","Santa Lucía","Batey La Cerca"
"Yuma","El Seibo","El Seibo","Santa Lucía","Batey La Florida"
"Yuma","El Seibo","El Seibo","Santa Lucía","Batey Victoria"
"Yuma","El Seibo","El Seibo","Santa Lucía","Cañada Barrosa"
"Yuma","El Seibo","El Seibo","Santa Lucía","Chavón (Batey Cabo Haitiano)"
"Yuma","El Seibo","El Seibo","Santa Lucía","Cruce de Pavón"
"Yuma","El Seibo","El Seibo","Santa Lucía","El Algarrobal"
"Yuma","El Seibo","El Seibo","Santa Lucía","Higuera Abajo"
"Yuma","El Seibo","El Seibo","Santa Lucía","Kilómetro 12"
"Yuma","El Seibo","El Seibo","Santa Lucía","Kilómetro 5"
"Yuma","El Seibo","El Seibo","Santa Lucía","Kilómetro 6"
"Yuma","El Seibo","El Seibo","Santa Lucía","La Palma"
"Yuma","El Seibo","El Seibo","Santa Lucía","Morales"
"Yuma","El Seibo","El Seibo","Santa Lucía","Sabaneta"
"Yuma","El Seibo","El Seibo","Santa Lucía","Santa Lucía"
"Yuma","El Seibo","El Seibo","Santa Lucía","Yabana"
"Yuma","El Seibo","Miches","Miches","Asfalto"
"Yuma","El Seibo","Miches","Miches","Borinquen"
"Yuma","El Seibo","Miches","Miches","Cementerio"
"Yuma","El Seibo","Miches","Miches","Centro del Pueblo"
"Yuma","El Seibo","Miches","Miches","El Hospital"
"Yuma","El Seibo","Miches","Miches","El Matadero"
"Yuma","El Seibo","Miches","Miches","La Boca"
"Yuma","El Seibo","Miches","Miches","La Jabilla"
"Yuma","El Seibo","Miches","Miches","Los Franceses"
"Yuma","El Seibo","Miches","Miches","Los Mameyes"
"Yuma","El Seibo","Miches","Miches","Miches o Higüey"
"Yuma","El Seibo","Miches","Miches","Miramar"
"Yuma","El Seibo","Miches","Miches","Pueblo Abajo"
"Yuma","El Seibo","Miches","Miches","Pueblo Arriba"
"Yuma","El Seibo","Miches","Miches","Pueblo Nuevo"
"Yuma","El Seibo","Miches","El Morro","Arroyo Santiago"
"Yuma","El Seibo","Miches","El Morro","El Jobo"
"Yuma","El Seibo","Miches","El Morro","El Morro"
"Yuma","El Seibo","Miches","El Morro","Kilómetro 1"
"Yuma","El Seibo","Miches","El Morro","Kilómetro 10"
"Yuma","El Seibo","Miches","El Morro","Kilómetro 14"
"Yuma","El Seibo","Miches","El Morro","Kilómetro 2"
"Yuma","El Seibo","Miches","El Morro","Kilómetro 3"
"Yuma","El Seibo","Miches","El Morro","Kilómetro 4"
"Yuma","El Seibo","Miches","El Morro","Kilómetro 6"
"Yuma","El Seibo","Miches","El Morro","Kilómetro 7"
"Yuma","El Seibo","Miches","El Morro","Kilómetro 8"
"Yuma","El Seibo","Miches","El Morro","Kilómetros 11, 12 y 13"
"Yuma","El Seibo","Miches","El Morro","Las Cuchillas"
"Yuma","El Seibo","Miches","El Morro","Las Tres Palmas"
"Yuma","El Seibo","Miches","El Morro","Los Franceses"
"Yuma","El Seibo","Miches","El Morro","Los Mameyes"
"Yuma","El Seibo","Miches","El Morro","Monte Claro"
"Yuma","El Seibo","Miches","El Cedro","21 de Enero"
"Yuma","El Seibo","Miches","El Cedro","Cuarón"
"Yuma","El Seibo","Miches","El Cedro","Mono Mojao"
"Yuma","El Seibo","Miches","El Cedro","Rabo de Chivo"
"Yuma","El Seibo","Miches","Las Lisas","Cuchareta"
"Yuma","El Seibo","Miches","Las Lisas","El Loro"
"Yuma","El Seibo","Miches","Las Lisas","Guaco"
"Yuma","El Seibo","Miches","Las Lisas","La Llovedera"
"Yuma","El Seibo","Miches","Las Lisas","Las Lisas"
"Yuma","El Seibo","Miches","Las Lisas","Los Guineos"
"Yuma","El Seibo","Miches","Las Lisas","Sabana de Nisibón"
"Yuma","El Seibo","Miches","Guaraguao","Altamira"
"Yuma","El Seibo","Miches","Guaraguao","Cuarón"
"Yuma","El Seibo","Miches","Guaraguao","El Colorao"
"Yuma","El Seibo","Miches","Guaraguao","El Guaraguao"
"Yuma","El Seibo","Miches","Guaraguao","El Hato"
"Yuma","El Seibo","Miches","Guaraguao","El Jovero"
"Yuma","El Seibo","Miches","Guaraguao","El Oro"
"Yuma","El Seibo","Miches","Guaraguao","El Perro"
"Yuma","El Seibo","Miches","Guaraguao","La Mina"
"Yuma","El Seibo","Miches","Guaraguao","Las Cabirmas"
"Yuma","El Seibo","Miches","Guaraguao","Los Cuatro Caminos"
"Yuma","El Seibo","Miches","Guaraguao","Los dos Ríos"
"Yuma","El Seibo","Miches","Guaraguao","Los Guayacanes"
"Yuma","El Seibo","Miches","Guaraguao","Los Hicacos Blancos"
"Yuma","El Seibo","Miches","Guaraguao","Los Urabos"
"Yuma","El Seibo","Miches","Guaraguao","Río Arriba"
"Yuma","El Seibo","Miches","La Gina","Centro del Pueblo o La Gina"
"Yuma","El Seibo","Miches","La Gina","Juan Pablo Duarte o La Jagua"
"Yuma","El Seibo","Miches","La Gina","Proyecto Arrocero"
"Yuma","El Seibo","Miches","La Gina","Pueblo Nuevo"
"Yuma","El Seibo","Miches","La Culebra","26 de Enero"
"Yuma","El Seibo","Miches","La Culebra","Arroyo Rico"
"Yuma","El Seibo","Miches","La Culebra","Jayán"
"Yuma","El Seibo","Miches","La Culebra","La Culebra"
"Yuma","El Seibo","Miches","La Culebra","La Gina"
"Yuma","El Seibo","Miches","La Culebra","La Mireya"
"Yuma","La Altagracia","Higüey","Salvaleón de Higüey","21 de Enero"
"Yuma","La Altagracia","Higüey","Salvaleón de Higüey","Anamuya"
"Yuma","La Altagracia","Higüey","Salvaleón de Higüey","Brisas del Llano"
"Yuma","La Altagracia","Higüey","Salvaleón de Higüey","Cambelén"
"Yuma","La Altagracia","Higüey","Salvaleón de Higüey","Campo de Aviación"
"Yuma","La Altagracia","Higüey","Salvaleón de Higüey","Centro (Centro de la Ciudad)"
"Yuma","La Altagracia","Higüey","Salvaleón de Higüey","Chillo Poueriet"
"Yuma","La Altagracia","Higüey","Salvaleón de Higüey","Don Antonio Guzmán Fernández"
"Yuma","La Altagracia","Higüey","Salvaleón de Higüey","Doña Fema"
"Yuma","La Altagracia","Higüey","Salvaleón de Higüey","El Cementerio"
"Yuma","La Altagracia","Higüey","Salvaleón de Higüey","El Laurel"
"Yuma","La Altagracia","Higüey","Salvaleón de Higüey","El Naranjo (La Basílica)"
"Yuma","La Altagracia","Higüey","Salvaleón de Higüey","El Obispado"
"Yuma","La Altagracia","Higüey","Salvaleón de Higüey","El Tamarindo"
"Yuma","La Altagracia","Higüey","Salvaleón de Higüey","Garrido"
"Yuma","La Altagracia","Higüey","Salvaleón de Higüey","Haití Chiquito"
"Yuma","La Altagracia","Higüey","Salvaleón de Higüey","Juan Pablo Duarte o Nuevo"
"Yuma","La Altagracia","Higüey","Salvaleón de Higüey","La Altagracia"
"Yuma","La Altagracia","Higüey","Salvaleón de Higüey","La Antena o La Torre"
"Yuma","La Altagracia","Higüey","Salvaleón de Higüey","La Cabrera"
"Yuma","La Altagracia","Higüey","Salvaleón de Higüey","La Imagen"
"Yuma","La Altagracia","Higüey","Salvaleón de Higüey","La Malena"
"Yuma","La Altagracia","Higüey","Salvaleón de Higüey","La Manzana"
"Yuma","La Altagracia","Higüey","Salvaleón de Higüey","La Matilla"
"Yuma","La Altagracia","Higüey","Salvaleón de Higüey","Las Caobas"
"Yuma","La Altagracia","Higüey","Salvaleón de Higüey","Los Caraballos (Urbanización Camelia Caraballo)"
"Yuma","La Altagracia","Higüey","Salvaleón de Higüey","Los Coquitos"
"Yuma","La Altagracia","Higüey","Salvaleón de Higüey","Los Limones (Los Prados)"
"Yuma","La Altagracia","Higüey","Salvaleón de Higüey","Los Platanitos"
"Yuma","La Altagracia","Higüey","Salvaleón de Higüey","Los Soto"
"Yuma","La Altagracia","Higüey","Salvaleón de Higüey","Luisa Perla"
"Yuma","La Altagracia","Higüey","Salvaleón de Higüey","Mamá Tingó"
"Yuma","La Altagracia","Higüey","Salvaleón de Higüey","Monte Santa María"
"Yuma","La Altagracia","Higüey","Salvaleón de Higüey","Nazaret"
"Yuma","La Altagracia","Higüey","Salvaleón de Higüey","Pepe Rosario"
"Yuma","La Altagracia","Higüey","Salvaleón de Higüey","Pueblo Nuevo"
"Yuma","La Altagracia","Higüey","Salvaleón de Higüey","Residencial Ana Amelia"
"Yuma","La Altagracia","Higüey","Salvaleón de Higüey","Residencial Doña Rosa"
"Yuma","La Altagracia","Higüey","Salvaleón de Higüey","Residencial Villa Progreso"
"Yuma","La Altagracia","Higüey","Salvaleón de Higüey","San Francisco"
"Yuma","La Altagracia","Higüey","Salvaleón de Higüey","San José"
"Yuma","La Altagracia","Higüey","Salvaleón de Higüey","San Martín de Porres"
"Yuma","La Altagracia","Higüey","Salvaleón de Higüey","San Pedro"
"Yuma","La Altagracia","Higüey","Salvaleón de Higüey","Sanjoul"
"Yuma","La Altagracia","Higüey","Salvaleón de Higüey","Savica"
"Yuma","La Altagracia","Higüey","Salvaleón de Higüey","Villa Cerro"
"Yuma","La Altagracia","Higüey","Salvaleón de Higüey","Villa Cristal"
"Yuma","La Altagracia","Higüey","Bejucal","Arroyo Seco"
"Yuma","La Altagracia","Higüey","Bejucal","Bejucal"
"Yuma","La Altagracia","Higüey","Bejucal","Bejucalito"
"Yuma","La Altagracia","Higüey","Bejucal","Calichal"
"Yuma","La Altagracia","Higüey","Bejucal","Camino Real"
"Yuma","La Altagracia","Higüey","Bejucal","Charco Azul"
"Yuma","La Altagracia","Higüey","Bejucal","Chavón Abajo"
"Yuma","La Altagracia","Higüey","Bejucal","Chavón Arriba"
"Yuma","La Altagracia","Higüey","Bejucal","Chavoncito"
"Yuma","La Altagracia","Higüey","Bejucal","Cruce de Morales"
"Yuma","La Altagracia","Higüey","Bejucal","Cruce Jovina"
"Yuma","La Altagracia","Higüey","Bejucal","Cuesta La Piña"
"Yuma","La Altagracia","Higüey","Bejucal","Don Francisco"
"Yuma","La Altagracia","Higüey","Bejucal","El Junco"
"Yuma","La Altagracia","Higüey","Bejucal","Enea"
"Yuma","La Altagracia","Higüey","Bejucal","Guaniábano"
"Yuma","La Altagracia","Higüey","Bejucal","Guaniábano Arriba (La Ceiba)"
"Yuma","La Altagracia","Higüey","Bejucal","Guanito"
"Yuma","La Altagracia","Higüey","Bejucal","Güízara"
"Yuma","La Altagracia","Higüey","Bejucal","Hoyo de Luis"
"Yuma","La Altagracia","Higüey","Bejucal","Jobitos"
"Yuma","La Altagracia","Higüey","Bejucal","La Vegana"
"Yuma","La Altagracia","Higüey","Bejucal","Las Limas"
"Yuma","La Altagracia","Higüey","Bejucal","Los Botados"
"Yuma","La Altagracia","Higüey","Bejucal","Los García"
"Yuma","La Altagracia","Higüey","Bejucal","Los Guineos"
"Yuma","La Altagracia","Higüey","Bejucal","Los Montes"
"Yuma","La Altagracia","Higüey","Bejucal","Maní Blanco"
"Yuma","La Altagracia","Higüey","Bejucal","Piedra Blanca"
"Yuma","La Altagracia","Higüey","Bejucal","Potrero Central Romana"
"Yuma","La Altagracia","Higüey","Bejucal","Primer Sabana"
"Yuma","La Altagracia","Higüey","Bejucal","Sabana Gloria"
"Yuma","La Altagracia","Higüey","Bejucal","San Cristóbal"
"Yuma","La Altagracia","Higüey","Bejucal","Sanate"
"Yuma","La Altagracia","Higüey","Bejucal","Sanate Abajo"
"Yuma","La Altagracia","Higüey","Santana","33 de Santana Cerrá"
"Yuma","La Altagracia","Higüey","Santana","Ahoga Perro"
"Yuma","La Altagracia","Higüey","Santana","Arroyo Rico"
"Yuma","La Altagracia","Higüey","Santana","Arroyo Seco"
"Yuma","La Altagracia","Higüey","Santana","Azafrán"
"Yuma","La Altagracia","Higüey","Santana","Batey Genaro Quino"
"Yuma","La Altagracia","Higüey","Santana","Boca de Guanche"
"Yuma","La Altagracia","Higüey","Santana","Cajero"
"Yuma","La Altagracia","Higüey","Santana","Cañafístola"
"Yuma","La Altagracia","Higüey","Santana","Centro Santana"
"Yuma","La Altagracia","Higüey","Santana","Congo"
"Yuma","La Altagracia","Higüey","Santana","Duyey"
"Yuma","La Altagracia","Higüey","Santana","El Caimito"
"Yuma","La Altagracia","Higüey","Santana","El Mamey"
"Yuma","La Altagracia","Higüey","Santana","El Puerto"
"Yuma","La Altagracia","Higüey","Santana","El Rancho"
"Yuma","La Altagracia","Higüey","Santana","Guaconejo"
"Yuma","La Altagracia","Higüey","Santana","Guarapito"
"Yuma","La Altagracia","Higüey","Santana","Hato de Maná"
"Yuma","La Altagracia","Higüey","Santana","Jobo Largo"
"Yuma","La Altagracia","Higüey","Santana","La Boya"
"Yuma","La Altagracia","Higüey","Santana","La Caya"
"Yuma","La Altagracia","Higüey","Santana","La Colorada"
"Yuma","La Altagracia","Higüey","Santana","La Cuchilla"
"Yuma","La Altagracia","Higüey","Santana","La Culebra"
"Yuma","La Altagracia","Higüey","Santana","La Media Luna"
"Yuma","La Altagracia","Higüey","Santana","La Paloma"
"Yuma","La Altagracia","Higüey","Santana","La Plaza"
"Yuma","La Altagracia","Higüey","Santana","La Rejolla"
"Yuma","La Altagracia","Higüey","Santana","La Yayas"
"Yuma","La Altagracia","Higüey","Santana","La Zarza"
"Yuma","La Altagracia","Higüey","Santana","Las Auyamas"
"Yuma","La Altagracia","Higüey","Santana","Las Estancias"
"Yuma","La Altagracia","Higüey","Santana","López"
"Yuma","La Altagracia","Higüey","Santana","Los Brazos"
"Yuma","La Altagracia","Higüey","Santana","Los Cacaos"
"Yuma","La Altagracia","Higüey","Santana","Los Carpinteros"
"Yuma","La Altagracia","Higüey","Santana","Los Cerritos"
"Yuma","La Altagracia","Higüey","Santana","Los Husos o Jusos"
"Yuma","La Altagracia","Higüey","Santana","Los Mangos"
"Yuma","La Altagracia","Higüey","Santana","Los Palitos - Los Naranjos"
"Yuma","La Altagracia","Higüey","Santana","Los Tomates"
"Yuma","La Altagracia","Higüey","Santana","Maná Abajo"
"Yuma","La Altagracia","Higüey","Santana","Martín"
"Yuma","La Altagracia","Higüey","Santana","Martínez"
"Yuma","La Altagracia","Higüey","Santana","Naranjo de China"
"Yuma","La Altagracia","Higüey","Santana","Peñón"
"Yuma","La Altagracia","Higüey","Santana","Puerto Escondido"
"Yuma","La Altagracia","Higüey","Santana","Reselezuela"
"Yuma","La Altagracia","Higüey","Santana","Rincón Frío"
"Yuma","La Altagracia","Higüey","Santana","Sabana de Jina"
"Yuma","La Altagracia","Higüey","Santana","Sabana de Palmarejo"
"Yuma","La Altagracia","Higüey","Santana","Sabana el Piñal"
"Yuma","La Altagracia","Higüey","Santana","Santana"
"Yuma","La Altagracia","Higüey","Santana","Toro Prieto"
"Yuma","La Altagracia","Higüey","Jina Jaragua","Batey Campo Nuevo"
"Yuma","La Altagracia","Higüey","Jina Jaragua","Batey El Block"
"Yuma","La Altagracia","Higüey","Jina Jaragua","Batey Guayabo"
"Yuma","La Altagracia","Higüey","Jina Jaragua","Batey la Ñapita"
"Yuma","La Altagracia","Higüey","Jina Jaragua","Batey la Pangola (Prop. Ml. De León)"
"Yuma","La Altagracia","Higüey","Jina Jaragua","Batey los Caños"
"Yuma","La Altagracia","Higüey","Jina Jaragua","Batey los Lirios"
"Yuma","La Altagracia","Higüey","Jina Jaragua","Batey Mirada"
"Yuma","La Altagracia","Higüey","Jina Jaragua","Batey San Germán"
"Yuma","La Altagracia","Higüey","Jina Jaragua","Bocama"
"Yuma","La Altagracia","Higüey","Jina Jaragua","Caña Brava"
"Yuma","La Altagracia","Higüey","Jina Jaragua","Chinchín"
"Yuma","La Altagracia","Higüey","Jina Jaragua","Colorado"
"Yuma","La Altagracia","Higüey","Jina Jaragua","El 25 (El Quemado)"
"Yuma","La Altagracia","Higüey","Jina Jaragua","El Aguacate"
"Yuma","La Altagracia","Higüey","Jina Jaragua","El Chacaro"
"Yuma","La Altagracia","Higüey","Jina Jaragua","El Jobo"
"Yuma","La Altagracia","Higüey","Jina Jaragua","El Peñón"
"Yuma","La Altagracia","Higüey","Jina Jaragua","El Quemado"
"Yuma","La Altagracia","Higüey","Jina Jaragua","El Tapión"
"Yuma","La Altagracia","Higüey","Jina Jaragua","Hoyo Claro"
"Yuma","La Altagracia","Higüey","Jina Jaragua","Jina Jaragua"
"Yuma","La Altagracia","Higüey","Jina Jaragua","José Leta"
"Yuma","La Altagracia","Higüey","Jina Jaragua","La Cruz"
"Yuma","La Altagracia","Higüey","Jina Jaragua","La Jarda de los Lirios"
"Yuma","La Altagracia","Higüey","Jina Jaragua","La Jardita"
"Yuma","La Altagracia","Higüey","Jina Jaragua","La Ladrillada"
"Yuma","La Altagracia","Higüey","Jina Jaragua","Las Albahacas"
"Yuma","La Altagracia","Higüey","Jina Jaragua","Limonal"
"Yuma","La Altagracia","Higüey","Jina Jaragua","Los Corozos"
"Yuma","La Altagracia","Higüey","Jina Jaragua","Los Indios"
"Yuma","La Altagracia","Higüey","Jina Jaragua","Los Yayales"
"Yuma","La Altagracia","Higüey","Jina Jaragua","Monte Claro"
"Yuma","La Altagracia","Higüey","Jina Jaragua","Ojo de Agua"
"Yuma","La Altagracia","Higüey","Jina Jaragua","Palo Bonito"
"Yuma","La Altagracia","Higüey","Jina Jaragua","Peligro"
"Yuma","La Altagracia","Higüey","Jina Jaragua","Pileta Verde"
"Yuma","La Altagracia","Higüey","Jina Jaragua","Valle de los Algarrobos"
"Yuma","La Altagracia","Higüey","Los Ríos","Anamuyita"
"Yuma","La Altagracia","Higüey","Los Ríos","Arroyo Grande"
"Yuma","La Altagracia","Higüey","Los Ríos","Blandino"
"Yuma","La Altagracia","Higüey","Los Ríos","Cabirma Clara"
"Yuma","La Altagracia","Higüey","Los Ríos","Cambelén"
"Yuma","La Altagracia","Higüey","Los Ríos","El Barrero"
"Yuma","La Altagracia","Higüey","Los Ríos","El Blanco"
"Yuma","La Altagracia","Higüey","Los Ríos","El Brazo"
"Yuma","La Altagracia","Higüey","Los Ríos","El Cerro"
"Yuma","La Altagracia","Higüey","Los Ríos","El Naranjo"
"Yuma","La Altagracia","Higüey","Los Ríos","La Ceiba"
"Yuma","La Altagracia","Higüey","Los Ríos","La Llanada"
"Yuma","La Altagracia","Higüey","Los Ríos","La Majagua"
"Yuma","La Altagracia","Higüey","Los Ríos","Las Abras"
"Yuma","La Altagracia","Higüey","Los Ríos","Los Asientos"
"Yuma","La Altagracia","Higüey","Los Ríos","Los Cacaos"
"Yuma","La Altagracia","Higüey","Los Ríos","Los Corozos"
"Yuma","La Altagracia","Higüey","Los Ríos","Los Plátanos"
"Yuma","La Altagracia","Higüey","Los Ríos","Los Ríos"
"Yuma","La Altagracia","Higüey","Los Ríos","Mata Ají"
"Yuma","La Altagracia","Higüey","Los Ríos","Quisibaní"
"Yuma","La Altagracia","Higüey","Los Ríos","Sabaneta"
"Yuma","La Altagracia","Higüey","Los Ríos","Serra o Cerrada"
"Yuma","La Altagracia","Higüey","Los Ríos","Viejo Goyo"
"Yuma","La Altagracia","Higüey","Mata Chalupe","Batey Cuya"
"Yuma","La Altagracia","Higüey","Mata Chalupe","Batey Estante Alto"
"Yuma","La Altagracia","Higüey","Mata Chalupe","Batey Pestaña"
"Yuma","La Altagracia","Higüey","Mata Chalupe","Batey Siete Puertas"
"Yuma","La Altagracia","Higüey","Mata Chalupe","Capá"
"Yuma","La Altagracia","Higüey","Mata Chalupe","El Mameyito"
"Yuma","La Altagracia","Higüey","Mata Chalupe","Hoyo Bonito"
"Yuma","La Altagracia","Higüey","Mata Chalupe","Jagua Mocha"
"Yuma","La Altagracia","Higüey","Mata Chalupe","Jobo Dulce"
"Yuma","La Altagracia","Higüey","Mata Chalupe","La Cabirma"
"Yuma","La Altagracia","Higüey","Mata Chalupe","La Cana"
"Yuma","La Altagracia","Higüey","Mata Chalupe","La Malena"
"Yuma","La Altagracia","Higüey","Mata Chalupe","La Malenita"
"Yuma","La Altagracia","Higüey","Mata Chalupe","La Matilla"
"Yuma","La Altagracia","Higüey","Mata Chalupe","La Piña"
"Yuma","La Altagracia","Higüey","Mata Chalupe","La Tranquera"
"Yuma","La Altagracia","Higüey","Mata Chalupe","Las Limas"
"Yuma","La Altagracia","Higüey","Mata Chalupe","Los Mancornados"
"Yuma","La Altagracia","Higüey","Mata Chalupe","María Ruiz"
"Yuma","La Altagracia","Higüey","Mata Chalupe","Mata Chalupe"
"Yuma","La Altagracia","Higüey","Mata Chalupe","Peñoncito"
"Yuma","La Altagracia","Higüey","Mata Chalupe","Santa Clara"
"Yuma","La Altagracia","Higüey","Las Lagunas de Nisibón","Brisas del Mar"
"Yuma","La Altagracia","Higüey","Las Lagunas de Nisibón","Buenos Aires"
"Yuma","La Altagracia","Higüey","Las Lagunas de Nisibón","Centro del Pueblo"
"Yuma","La Altagracia","Higüey","Las Lagunas de Nisibón","El Peñón"
"Yuma","La Altagracia","Higüey","Las Lagunas de Nisibón","La Gallera"
"Yuma","La Altagracia","Higüey","Las Lagunas de Nisibón","La Mina"
"Yuma","La Altagracia","Higüey","Las Lagunas de Nisibón","Los Callejones"
"Yuma","La Altagracia","Higüey","Las Lagunas de Nisibón","Suizo"
"Yuma","La Altagracia","Higüey","Cañada Honda","Arroyo Rancho"
"Yuma","La Altagracia","Higüey","Cañada Honda","Boca de Mamón"
"Yuma","La Altagracia","Higüey","Cañada Honda","Cañada Honda"
"Yuma","La Altagracia","Higüey","Cañada Honda","El Maicillo"
"Yuma","La Altagracia","Higüey","Cañada Honda","El Peñón"
"Yuma","La Altagracia","Higüey","Cañada Honda","Entrada de la Zanja"
"Yuma","La Altagracia","Higüey","Cañada Honda","La Culatica"
"Yuma","La Altagracia","Higüey","Cañada Honda","La Laguna"
"Yuma","La Altagracia","Higüey","Cañada Honda","La Tranquera"
"Yuma","La Altagracia","Higüey","Cañada Honda","Las Vacamas"
"Yuma","La Altagracia","Higüey","Cañada Honda","Las Zanjas"
"Yuma","La Altagracia","Higüey","Cañada Honda","Los Helechos"
"Yuma","La Altagracia","Higüey","Cañada Honda","Los Manguitos"
"Yuma","La Altagracia","Higüey","Cañada Honda","Los Sumideros"
"Yuma","La Altagracia","Higüey","Cañada Honda","Los Tocones"
"Yuma","La Altagracia","Higüey","El Barrero","Batey Papagayo"
"Yuma","La Altagracia","Higüey","El Barrero","Chirino o Himiro"
"Yuma","La Altagracia","Higüey","El Barrero","Cuerecito"
"Yuma","La Altagracia","Higüey","El Barrero","El Barrero"
"Yuma","La Altagracia","Higüey","El Barrero","El Cucuyo"
"Yuma","La Altagracia","Higüey","El Barrero","El Guayabo"
"Yuma","La Altagracia","Higüey","El Barrero","Guanchi"
"Yuma","La Altagracia","Higüey","El Barrero","La Ceibita"
"Yuma","La Altagracia","Higüey","El Barrero","La Culata"
"Yuma","La Altagracia","Higüey","El Barrero","La Lisita (La Luisita)"
"Yuma","La Altagracia","Higüey","El Barrero","Las Cañas"
"Yuma","La Altagracia","Higüey","El Barrero","Los Bajos de Maimón"
"Yuma","La Altagracia","Higüey","El Barrero","Los Yagrumos"
"Yuma","La Altagracia","Higüey","El Barrero","Miraflores"
"Yuma","La Altagracia","Higüey","El Barrero","Palo Amargo"
"Yuma","La Altagracia","Higüey","El Barrero","Punta de Coco"
"Yuma","La Altagracia","Higüey","El Barrero","Río Llano"
"Yuma","La Altagracia","Higüey","Las Guamas","Arroyo Rico"
"Yuma","La Altagracia","Higüey","Las Guamas","Batey las Guamas"
"Yuma","La Altagracia","Higüey","Las Guamas","Bonilla"
"Yuma","La Altagracia","Higüey","Las Guamas","El Algarrobo"
"Yuma","La Altagracia","Higüey","Las Guamas","El Fuerte"
"Yuma","La Altagracia","Higüey","Las Guamas","El Hicoteo"
"Yuma","La Altagracia","Higüey","Las Guamas","El Hierro"
"Yuma","La Altagracia","Higüey","Las Guamas","El Higüero"
"Yuma","La Altagracia","Higüey","Las Guamas","El Jobo"
"Yuma","La Altagracia","Higüey","Las Guamas","La Jabilla"
"Yuma","La Altagracia","Higüey","Las Guamas","La Silverita"
"Yuma","La Altagracia","Higüey","Las Guamas","Las Cabirmas"
"Yuma","La Altagracia","Higüey","Las Guamas","Las Lajas"
"Yuma","La Altagracia","Higüey","Las Guamas","Los Mogotes"
"Yuma","La Altagracia","Higüey","Las Guamas","Palma Panda"
"Yuma","La Altagracia","Higüey","Las Guamas","Proyecto Yonú"
"Yuma","La Altagracia","Higüey","Las Guamas","Yonú"
"Yuma","La Altagracia","Higüey","Las Guamas","Yonú Abajo"
"Yuma","La Altagracia","Higüey","Las Guamas","Yonú Arriba"
"Yuma","La Altagracia","Higüey","La Otra Banda","Centro del Pueblo"
"Yuma","La Altagracia","Higüey","La Otra Banda","Jobo Jagüey"
"Yuma","La Altagracia","Higüey","La Otra Banda","La Palmilla"
"Yuma","La Altagracia","Higüey","La Otra Banda","Laguna Verde"
"Yuma","La Altagracia","Higüey","La Otra Banda","Línea Nueva"
"Yuma","La Altagracia","Higüey","La Otra Banda","Los Castillo"
"Yuma","La Altagracia","Higüey","La Otra Banda","Los Martínez o La Cancha"
"Yuma","La Altagracia","Higüey","La Otra Banda","Los Palos (Los Polos)"
"Yuma","La Altagracia","Higüey","La Otra Banda","Villa Juana o Los Pilotos"
"Yuma","La Altagracia","Higüey","El Bonao","Anamuya"
"Yuma","La Altagracia","Higüey","El Bonao","El Bonao"
"Yuma","La Altagracia","Higüey","El Bonao","Hoyo Campo"
"Yuma","La Altagracia","Higüey","El Bonao","Palo Amargo"
"Yuma","La Altagracia","Higüey","El Bonao","Puente Anamuya"
"Yuma","La Altagracia","Higüey","El Bonao","Villa Pión"
"Yuma","La Altagracia","Higüey","Duyey","Duyey"
"Yuma","La Altagracia","Higüey","Duyey","El Hilo"
"Yuma","La Altagracia","Higüey","Duyey","El Placer"
"Yuma","La Altagracia","Higüey","Duyey","Honduras"
"Yuma","La Altagracia","Higüey","Duyey","La Curtiembre"
"Yuma","La Altagracia","Higüey","Duyey","La Rinconada"
"Yuma","La Altagracia","Higüey","Duyey","Mi Lola"
"Yuma","La Altagracia","Higüey","Duyey","Paliza Buena"
"Yuma","La Altagracia","Higüey","Duyey","Pueblo Nuevo"
"Yuma","La Altagracia","Higüey","Duyey","Vista Alegre"
"Yuma","La Altagracia","Higüey","Cruz de Isleño","Batey los Caños"
"Yuma","La Altagracia","Higüey","Cruz de Isleño","Batey Mirador"
"Yuma","La Altagracia","Higüey","Cruz de Isleño","Batey Romanita"
"Yuma","La Altagracia","Higüey","Cruz de Isleño","Batey San Francisco"
"Yuma","La Altagracia","Higüey","Cruz de Isleño","Campo Nuevo"
"Yuma","La Altagracia","Higüey","Cruz de Isleño","Cerro Gordo"
"Yuma","La Altagracia","Higüey","Cruz de Isleño","Cruce de Isleño (Antiguo Cruz de Isleño)"
"Yuma","La Altagracia","Higüey","Cruz de Isleño","Cruz de Isleño (Antiguo Los Dajaos)"
"Yuma","La Altagracia","Higüey","Cruz de Isleño","El Cinco"
"Yuma","La Altagracia","Higüey","Cruz de Isleño","El Cuya"
"Yuma","La Altagracia","Higüey","Cruz de Isleño","El Peñón de los Reyes"
"Yuma","La Altagracia","Higüey","Cruz de Isleño","Jobo Jagüey"
"Yuma","La Altagracia","Higüey","Cruz de Isleño","La Cuchilla"
"Yuma","La Altagracia","Higüey","Cruz de Isleño","La Zafra"
"Yuma","La Altagracia","Higüey","Cruz de Isleño","Las Cejas"
"Yuma","La Altagracia","Higüey","Cruz de Isleño","Las Tres Casitas"
"Yuma","La Altagracia","Higüey","Cruz de Isleño","Los Higos o El Higo"
"Yuma","La Altagracia","Higüey","Cruz de Isleño","Los Palos"
"Yuma","La Altagracia","Higüey","Cruz de Isleño","Los Vicini"
"Yuma","La Altagracia","Higüey","Cruz de Isleño","Ojo de Agua"
"Yuma","La Altagracia","Higüey","Cruz de Isleño","Pinta Pico"
"Yuma","La Altagracia","Higüey","Cruz de Isleño","Valle Jina"
"Yuma","La Altagracia","Higüey","Cruz de Isleño","Yabiqui"
"Yuma","La Altagracia","Higüey","Cruz de Isleño","Zafarraya"
"Yuma","La Altagracia","Higüey","Verón","Bávaro"
"Yuma","La Altagracia","Higüey","Verón","Bello Amanecer"
"Yuma","La Altagracia","Higüey","Verón","Cristinita"
"Yuma","La Altagracia","Higüey","Verón","El Samaritano"
"Yuma","La Altagracia","Higüey","Verón","La Gallera o Los Redimidos"
"Yuma","La Altagracia","Higüey","Verón","La Jarda de Hoyo Claro"
"Yuma","La Altagracia","Higüey","Verón","Las dos Jardas"
"Yuma","La Altagracia","Higüey","Verón","Los Manantiales"
"Yuma","La Altagracia","Higüey","Verón","Lotificación Verón"
"Yuma","La Altagracia","Higüey","Verón","Lotificación Verón II"
"Yuma","La Altagracia","Higüey","Verón","Urbanización Punta Cana"
"Yuma","La Altagracia","Higüey","Verón","Verón"
"Yuma","La Altagracia","Higüey","Verón","Villa La Fe"
"Yuma","La Altagracia","Higüey","Verón","Villa Progreso"
"Yuma","La Altagracia","Higüey","Juanillo","Arraiján"
"Yuma","La Altagracia","Higüey","Juanillo","Borrachón"
"Yuma","La Altagracia","Higüey","Juanillo","Cabo Engaño"
"Yuma","La Altagracia","Higüey","Juanillo","Cabo San Rafael"
"Yuma","La Altagracia","Higüey","Juanillo","Caracolito"
"Yuma","La Altagracia","Higüey","Juanillo","El Suero"
"Yuma","La Altagracia","Higüey","Juanillo","Juanillo"
"Yuma","La Altagracia","Higüey","Juanillo","La Curva o La Culata"
"Yuma","La Altagracia","Higüey","Juanillo","La Salina"
"Yuma","La Altagracia","Higüey","Juanillo","La Trocha"
"Yuma","La Altagracia","Higüey","Juanillo","Los Manantiales"
"Yuma","La Altagracia","Higüey","Juanillo","Los Ranchitos (Arena Gorda)"
"Yuma","La Altagracia","Higüey","Juanillo","Pantanal"
"Yuma","La Altagracia","Higüey","Juanillo","Punta Cana"
"Yuma","La Altagracia","Higüey","El Salado","Cabeza de Toro"
"Yuma","La Altagracia","Higüey","El Salado","Cañada Honda"
"Yuma","La Altagracia","Higüey","El Salado","Caoba"
"Yuma","La Altagracia","Higüey","El Salado","Cortecito"
"Yuma","La Altagracia","Higüey","El Salado","El Alemán"
"Yuma","La Altagracia","Higüey","El Salado","El Burén de Tres Piezas"
"Yuma","La Altagracia","Higüey","El Salado","El Caño"
"Yuma","La Altagracia","Higüey","El Salado","El Espino"
"Yuma","La Altagracia","Higüey","El Salado","El Macao"
"Yuma","La Altagracia","Higüey","El Salado","El Peñón"
"Yuma","La Altagracia","Higüey","El Salado","El Salado"
"Yuma","La Altagracia","Higüey","El Salado","Güiri Güiri"
"Yuma","La Altagracia","Higüey","El Salado","Islabón"
"Yuma","La Altagracia","Higüey","El Salado","Jagua Mocha"
"Yuma","La Altagracia","Higüey","El Salado","José León"
"Yuma","La Altagracia","Higüey","El Salado","La Ceiba"
"Yuma","La Altagracia","Higüey","El Salado","La Jarda"
"Yuma","La Altagracia","Higüey","El Salado","La Jarda u Hoyo Claro"
"Yuma","La Altagracia","Higüey","El Salado","La Jina"
"Yuma","La Altagracia","Higüey","El Salado","La Pileta"
"Yuma","La Altagracia","Higüey","El Salado","La Safra"
"Yuma","La Altagracia","Higüey","El Salado","Los Hoyos"
"Yuma","La Altagracia","Higüey","El Salado","Los Naranjos"
"Yuma","La Altagracia","Higüey","El Salado","Maricao (El Jobován)"
"Yuma","La Altagracia","Higüey","El Salado","Sabana de los Martínez"
"Yuma","La Altagracia","Higüey","El Salado","Tres Piezas (El Caracol)"
"Yuma","La Altagracia","Higüey","El Salado","Uvero Alto"
"Yuma","La Altagracia","Higüey","El Salado","Zona Turística de Bávaro"
"Yuma","La Altagracia","San Rafael del Yuma","San Rafael del Yuma","Alma Rosa o El Bronx"
"Yuma","La Altagracia","San Rafael del Yuma","San Rafael del Yuma","Centro del Pueblo"
"Yuma","La Altagracia","San Rafael del Yuma","San Rafael del Yuma","Inespre"
"Yuma","La Altagracia","San Rafael del Yuma","San Rafael del Yuma","La Gallera o El Multiuso"
"Yuma","La Altagracia","San Rafael del Yuma","San Rafael del Yuma","La Lomita"
"Yuma","La Altagracia","San Rafael del Yuma","San Rafael del Yuma","Las Flores"
"Yuma","La Altagracia","San Rafael del Yuma","San Rafael del Yuma","Lavador"
"Yuma","La Altagracia","San Rafael del Yuma","San Rafael del Yuma","Los Profesores"
"Yuma","La Altagracia","San Rafael del Yuma","San Rafael del Yuma","Nuevo"
"Yuma","La Altagracia","San Rafael del Yuma","San Rafael del Yuma","Oscar"
"Yuma","La Altagracia","San Rafael del Yuma","San Rafael del Yuma","Villa Progreso"
"Yuma","La Altagracia","San Rafael del Yuma","Boca de Yuma","Agapito"
"Yuma","La Altagracia","San Rafael del Yuma","Boca de Yuma","Cabo San Rafael"
"Yuma","La Altagracia","San Rafael del Yuma","Boca de Yuma","Caño Prieto o La Jardita"
"Yuma","La Altagracia","San Rafael del Yuma","Boca de Yuma","Central Romana"
"Yuma","La Altagracia","San Rafael del Yuma","Boca de Yuma","El Aguacate"
"Yuma","La Altagracia","San Rafael del Yuma","Boca de Yuma","El Carril"
"Yuma","La Altagracia","San Rafael del Yuma","Boca de Yuma","El Cascajal"
"Yuma","La Altagracia","San Rafael del Yuma","Boca de Yuma","El Dalmao"
"Yuma","La Altagracia","San Rafael del Yuma","Boca de Yuma","El Guano (Los Yagrumos)"
"Yuma","La Altagracia","San Rafael del Yuma","Boca de Yuma","El Jobito"
"Yuma","La Altagracia","San Rafael del Yuma","Boca de Yuma","El Naranjo (Naranjal)"
"Yuma","La Altagracia","San Rafael del Yuma","Boca de Yuma","Guano o Los Muertos"
"Yuma","La Altagracia","San Rafael del Yuma","Boca de Yuma","La Cueva de Luis"
"Yuma","La Altagracia","San Rafael del Yuma","Boca de Yuma","La Estrelladora"
"Yuma","La Altagracia","San Rafael del Yuma","Boca de Yuma","La Guarapa"
"Yuma","La Altagracia","San Rafael del Yuma","Boca de Yuma","La Malagueta"
"Yuma","La Altagracia","San Rafael del Yuma","Boca de Yuma","Leonardo (El Bañadero)"
"Yuma","La Altagracia","San Rafael del Yuma","Boca de Yuma","Los López"
"Yuma","La Altagracia","San Rafael del Yuma","Boca de Yuma","Los Negros"
"Yuma","La Altagracia","San Rafael del Yuma","Boca de Yuma","Los Sánchez"
"Yuma","La Altagracia","San Rafael del Yuma","Boca de Yuma","Pileta Honda"
"Yuma","La Altagracia","San Rafael del Yuma","Boca de Yuma","Yagüey"
"Yuma","La Altagracia","San Rafael del Yuma","Gato","Ballestero"
"Yuma","La Altagracia","San Rafael del Yuma","Gato","Batey Cinco"
"Yuma","La Altagracia","San Rafael del Yuma","Gato","Batey Cuesta Caribe"
"Yuma","La Altagracia","San Rafael del Yuma","Gato","Batey las Cejas"
"Yuma","La Altagracia","San Rafael del Yuma","Gato","Batey Magdalena"
"Yuma","La Altagracia","San Rafael del Yuma","Gato","Batey Montecarlo"
"Yuma","La Altagracia","San Rafael del Yuma","Gato","Batey Ramón Gordo"
"Yuma","La Altagracia","San Rafael del Yuma","Gato","Benerito"
"Yuma","La Altagracia","San Rafael del Yuma","Gato","Cañada de la Jina"
"Yuma","La Altagracia","San Rafael del Yuma","Gato","El Arraiján"
"Yuma","La Altagracia","San Rafael del Yuma","Gato","El Guayacán"
"Yuma","La Altagracia","San Rafael del Yuma","Gato","El Junco"
"Yuma","La Altagracia","San Rafael del Yuma","Gato","El Limón"
"Yuma","La Altagracia","San Rafael del Yuma","Gato","El Pozo"
"Yuma","La Altagracia","San Rafael del Yuma","Gato","Hato Bonito"
"Yuma","La Altagracia","San Rafael del Yuma","Gato","Los Cinco Caminos"
"Yuma","La Altagracia","San Rafael del Yuma","Gato","Los Valles"
"Yuma","La Altagracia","San Rafael del Yuma","Gato","Marota"
"Yuma","La Altagracia","San Rafael del Yuma","Gato","Nazario"
"Yuma","La Altagracia","San Rafael del Yuma","Gato","Santa Cruz de Gato"
"Yuma","La Altagracia","San Rafael del Yuma","Gato","Venezuela (El Valle)"
"Yuma","La Altagracia","San Rafael del Yuma","La Piñita","Batey 412"
"Yuma","La Altagracia","San Rafael del Yuma","La Piñita","Batey Guázuma"
"Yuma","La Altagracia","San Rafael del Yuma","La Piñita","Batey Los Higos"
"Yuma","La Altagracia","San Rafael del Yuma","La Piñita","Batey Los Tocones"
"Yuma","La Altagracia","San Rafael del Yuma","La Piñita","Batey Maragua"
"Yuma","La Altagracia","San Rafael del Yuma","La Piñita","Batey Palo Bonito"
"Yuma","La Altagracia","San Rafael del Yuma","La Piñita","Batey Verde"
"Yuma","La Altagracia","San Rafael del Yuma","La Piñita","Cruce de la Piñita"
"Yuma","La Altagracia","San Rafael del Yuma","La Piñita","El Arroyo"
"Yuma","La Altagracia","San Rafael del Yuma","La Piñita","Guaitabón"
"Yuma","La Altagracia","San Rafael del Yuma","La Piñita","La Cruz de los Rondones"
"Yuma","La Altagracia","San Rafael del Yuma","La Piñita","La Guázuma"
"Yuma","La Altagracia","San Rafael del Yuma","La Piñita","La Piñita"
"Yuma","La Altagracia","San Rafael del Yuma","La Piñita","Los Charcos"
"Yuma","La Altagracia","San Rafael del Yuma","La Piñita","Los Valles"
"Yuma","La Altagracia","San Rafael del Yuma","Boca de Yuma","Centro del Pueblo"
"Yuma","La Altagracia","San Rafael del Yuma","Boca de Yuma","La Piedra"
"Yuma","La Altagracia","San Rafael del Yuma","Boca de Yuma","La Playa"
"Yuma","La Altagracia","San Rafael del Yuma","Boca de Yuma","Los Cocos"
"Yuma","La Altagracia","San Rafael del Yuma","Boca de Yuma","Vista Mar (Zona Turística)"
"Yuma","La Altagracia","San Rafael del Yuma","Boca de Yuma","Atajadizo"
"Yuma","La Altagracia","San Rafael del Yuma","Boca de Yuma","Bartolo"
"Yuma","La Altagracia","San Rafael del Yuma","Boca de Yuma","Boca de Yuma (Rural)"
"Yuma","La Altagracia","San Rafael del Yuma","Boca de Yuma","El Caracol"
"Yuma","La Altagracia","San Rafael del Yuma","Boca de Yuma","El Maté (El Marte)"
"Yuma","La Altagracia","San Rafael del Yuma","Boca de Yuma","La Bruja"
"Yuma","La Altagracia","San Rafael del Yuma","Boca de Yuma","La Cueva"
"Yuma","La Altagracia","San Rafael del Yuma","Boca de Yuma","La Gran Chorra"
"Yuma","La Altagracia","San Rafael del Yuma","Boca de Yuma","Las Playitas"
"Yuma","La Altagracia","San Rafael del Yuma","Boca de Yuma","Liborio"
"Yuma","La Altagracia","San Rafael del Yuma","Boca de Yuma","Parque Nacional del Este (Cotubanamá)"
"Yuma","La Altagracia","San Rafael del Yuma","Boca de Yuma","Valle de los Algarrobos"
"Yuma","La Altagracia","San Rafael del Yuma","Bayahíbe","Centro del Pueblo Bayahíbe"
"Yuma","La Altagracia","San Rafael del Yuma","Bayahíbe","Flor de Bayahíbe"
"Yuma","La Altagracia","San Rafael del Yuma","Bayahíbe","La Punta"
"Yuma","La Altagracia","San Rafael del Yuma","Bayahíbe","Nuevo Bayahibe"
"Yuma","La Altagracia","San Rafael del Yuma","Bayahíbe","Boca de Chavón"
"Yuma","La Altagracia","San Rafael del Yuma","Bayahíbe","Dominicus"
"Yuma","La Altagracia","San Rafael del Yuma","Bayahíbe","El Infinito"
"Yuma","La Altagracia","San Rafael del Yuma","Bayahíbe","El Valle"
"Yuma","La Altagracia","San Rafael del Yuma","Bayahíbe","El Valle Francés"
"Yuma","La Altagracia","San Rafael del Yuma","Bayahíbe","La Botijuela"
"Yuma","La Altagracia","San Rafael del Yuma","Bayahíbe","Padre Nuestro"
"Yuma","La Altagracia","San Rafael del Yuma","Bayahíbe","Parque Nacional del Este"
"Yuma","La Altagracia","San Rafael del Yuma","Bayahíbe","Valle de la Orquesta"
"Yuma","La Romana","Guaymate","Guaymate","Centro del Pueblo"
"Yuma","La Romana","Guaymate","Guaymate","El 17"
"Yuma","La Romana","Guaymate","Guaymate","El Tanque"
"Yuma","La Romana","Guaymate","Guaymate","Hoyo de Higüero"
"Yuma","La Romana","Guaymate","Guaymate","La Construcción"
"Yuma","La Romana","Guaymate","Guaymate","La Palma"
"Yuma","La Romana","Guaymate","Guaymate","Los Cocos"
"Yuma","La Romana","Guaymate","Guaymate","Pueblo Nuevo"
"Yuma","La Romana","Guaymate","Higüeral","Batey 62"
"Yuma","La Romana","Guaymate","Higüeral","Batey 82"
"Yuma","La Romana","Guaymate","Higüeral","Batey Almeyda"
"Yuma","La Romana","Guaymate","Higüeral","Batey Caimoní"
"Yuma","La Romana","Guaymate","Higüeral","Batey Campiña"
"Yuma","La Romana","Guaymate","Higüeral","Batey Cruce de Guerrero"
"Yuma","La Romana","Guaymate","Higüeral","Batey El 15"
"Yuma","La Romana","Guaymate","Higüeral","Batey El 16"
"Yuma","La Romana","Guaymate","Higüeral","Batey El 17"
"Yuma","La Romana","Guaymate","Higüeral","Batey El 18"
"Yuma","La Romana","Guaymate","Higüeral","Batey El 20"
"Yuma","La Romana","Guaymate","Higüeral","Batey El 22"
"Yuma","La Romana","Guaymate","Higüeral","Batey El 4"
"Yuma","La Romana","Guaymate","Higüeral","Batey El 40"
"Yuma","La Romana","Guaymate","Higüeral","Batey El 5"
"Yuma","La Romana","Guaymate","Higüeral","Batey El Quemado"
"Yuma","La Romana","Guaymate","Higüeral","Batey Escuadra"
"Yuma","La Romana","Guaymate","Higüeral","Batey Espinillo"
"Yuma","La Romana","Guaymate","Higüeral","Batey Guerrero"
"Yuma","La Romana","Guaymate","Higüeral","Batey Higüeral"
"Yuma","La Romana","Guaymate","Higüeral","Batey Las Flores"
"Yuma","La Romana","Guaymate","Higüeral","Batey Palo Blanco"
"Yuma","La Romana","Guaymate","Higüeral","Batey Peligro"
"Yuma","La Romana","Guaymate","Higüeral","Batey Renguelito"
"Yuma","La Romana","Guaymate","Higüeral","Chucho de Chichi"
"Yuma","La Romana","Guaymate","Higüeral","La Noria"
"Yuma","La Romana","Guaymate","Higüeral","Mata Hombre"
"Yuma","La Romana","Guaymate","Higüeral","Placer Bonito"
"Yuma","La Romana","Guaymate","Higüeral","Punto Fijo"
"Yuma","La Romana","Guaymate","Sabana","Aletón"
"Yuma","La Romana","Guaymate","Sabana","Batey 205"
"Yuma","La Romana","Guaymate","Sabana","Batey América - El Quemado"
"Yuma","La Romana","Guaymate","Sabana","Batey Bobito"
"Yuma","La Romana","Guaymate","Sabana","Batey Colón o Peligro"
"Yuma","La Romana","Guaymate","Sabana","Batey Como Quiera"
"Yuma","La Romana","Guaymate","Sabana","Batey El 24"
"Yuma","La Romana","Guaymate","Sabana","Batey El 80"
"Yuma","La Romana","Guaymate","Sabana","Batey El 81"
"Yuma","La Romana","Guaymate","Sabana","Batey Higo Claro"
"Yuma","La Romana","Guaymate","Sabana","Batey Hoyo de Puerco"
"Yuma","La Romana","Guaymate","Sabana","Batey La Altagracia"
"Yuma","La Romana","Guaymate","Sabana","Batey La Milagrosa"
"Yuma","La Romana","Guaymate","Sabana","Batey Las Mercedes"
"Yuma","La Romana","Guaymate","Sabana","Batey Las Parcelas"
"Yuma","La Romana","Guaymate","Sabana","Batey Lechería"
"Yuma","La Romana","Guaymate","Sabana","Batey Nigua"
"Yuma","La Romana","Guaymate","Sabana","Batey Nuevo"
"Yuma","La Romana","Guaymate","Sabana","Batey Pulguero"
"Yuma","La Romana","Guaymate","Sabana","Batey Sabana de Chavón"
"Yuma","La Romana","Guaymate","Sabana","Batey San Isidro"
"Yuma","La Romana","Guaymate","Sabana","Batey Santa Rosa"
"Yuma","La Romana","Guaymate","Sabana","Buenos Aires"
"Yuma","La Romana","Guaymate","Sabana","Cerros de Chavón"
"Yuma","La Romana","Guaymate","Sabana","Chavón Abajo"
"Yuma","La Romana","Guaymate","Sabana","Chavón Arriba"
"Yuma","La Romana","Guaymate","Sabana","El Arca"
"Yuma","La Romana","Guaymate","Sabana","La Cuchilla"
"Yuma","La Romana","Guaymate","Sabana","La Culebra"
"Yuma","La Romana","Guaymate","Sabana","La Habana"
"Yuma","La Romana","Guaymate","Sabana","La Regola"
"Yuma","La Romana","Guaymate","Sabana","Los Berroa"
"Yuma","La Romana","Guaymate","Sabana","Mirapato"
"Yuma","La Romana","La Romana","La Romana","Alto de Río Dulce"
"Yuma","La Romana","La Romana","La Romana","Bancola"
"Yuma","La Romana","La Romana","La Romana","Caletón o Urbanización Buena Vista Sur"
"Yuma","La Romana","La Romana","La Romana","Central Romana"
"Yuma","La Romana","La Romana","La Romana","Centro de la Ciudad"
"Yuma","La Romana","La Romana","La Romana","Chicago"
"Yuma","La Romana","La Romana","La Romana","Don Juan I"
"Yuma","La Romana","La Romana","La Romana","Don Juan II"
"Yuma","La Romana","La Romana","La Romana","Don Juan V"
"Yuma","La Romana","La Romana","La Romana","Ensanche La Hoz"
"Yuma","La Romana","La Romana","La Romana","Ensanche La Paz"
"Yuma","La Romana","La Romana","La Romana","Ensanche Pereira"
"Yuma","La Romana","La Romana","La Romana","Ensanche Quisqueya"
"Yuma","La Romana","La Romana","La Romana","George"
"Yuma","La Romana","La Romana","La Romana","INVI"
"Yuma","La Romana","La Romana","La Romana","Katanga"
"Yuma","La Romana","La Romana","La Romana","La Aviación"
"Yuma","La Romana","La Romana","La Romana","Los Camioneros"
"Yuma","La Romana","La Romana","La Romana","Los Colonos"
"Yuma","La Romana","La Romana","La Romana","Los Multi"
"Yuma","La Romana","La Romana","La Romana","Mina Central Romana"
"Yuma","La Romana","La Romana","La Romana","Obrero"
"Yuma","La Romana","La Romana","La Romana","Orquídea Primera Etapa"
"Yuma","La Romana","La Romana","La Romana","Papagayo"
"Yuma","La Romana","La Romana","La Romana","Paseo de Los Caciques I"
"Yuma","La Romana","La Romana","La Romana","Paseo de Los Caciques II"
"Yuma","La Romana","La Romana","La Romana","Preconca"
"Yuma","La Romana","La Romana","La Romana","Residencial Las Palmas"
"Yuma","La Romana","La Romana","La Romana","Residencial Orquídea II Etapa"
"Yuma","La Romana","La Romana","La Romana","Residencial Romana del Oeste"
"Yuma","La Romana","La Romana","La Romana","San Carlos"
"Yuma","La Romana","La Romana","La Romana","Santa Fe"
"Yuma","La Romana","La Romana","La Romana","Savica"
"Yuma","La Romana","La Romana","La Romana","Urbanización Buena Vista Norte"
"Yuma","La Romana","La Romana","La Romana","Urbanización Las Piedras"
"Yuma","La Romana","La Romana","La Romana","Urbanización María Rubio"
"Yuma","La Romana","La Romana","La Romana","Villa Alacrán"
"Yuma","La Romana","La Romana","La Romana","Villa España"
"Yuma","La Romana","La Romana","La Romana","Villa Nazareth"
"Yuma","La Romana","La Romana","La Romana","Villa San Carlos"
"Yuma","La Romana","La Romana","La Romana","Villa Verde"
"Yuma","La Romana","La Romana","Aletón","Altos de Chavón"
"Yuma","La Romana","La Romana","Aletón","Batey 203"
"Yuma","La Romana","La Romana","Aletón","Batey 205"
"Yuma","La Romana","La Romana","Aletón","Batey Anón"
"Yuma","La Romana","La Romana","Aletón","Batey Cacata"
"Yuma","La Romana","La Romana","Aletón","Batey Corcica"
"Yuma","La Romana","La Romana","Aletón","Batey Culebra"
"Yuma","La Romana","La Romana","Aletón","Batey Esperanza"
"Yuma","La Romana","La Romana","Aletón","Batey Gran Calle"
"Yuma","La Romana","La Romana","Aletón","Batey Lithgow"
"Yuma","La Romana","La Romana","Aletón","Batey Mosquito 204"
"Yuma","La Romana","La Romana","Aletón","Batey Mucarabón"
"Yuma","La Romana","La Romana","Aletón","Batey Santoni"
"Yuma","La Romana","La Romana","Aletón","Caletón"
"Yuma","La Romana","La Romana","Aletón","Isla Catalina"
"Yuma","La Romana","La Romana","Aletón","La Cachaza"
"Yuma","La Romana","La Romana","Aletón","La Luisa"
"Yuma","La Romana","La Romana","Aletón","Los Cajuiles"
"Yuma","La Romana","La Romana","Aletón","María Bonita"
"Yuma","La Romana","La Romana","Aletón","Mirapato"
"Yuma","La Romana","La Romana","Aletón","Rancho Viejo"
"Yuma","La Romana","La Romana","Isla Saona","Catuano"
"Yuma","La Romana","La Romana","Isla Saona","Mano Juan - Adamanay"
"Yuma","La Romana","La Romana","Caleta","Caleta (Villa Caleta)"
"Yuma","La Romana","La Romana","Caleta","Residencial Romana"
"Yuma","La Romana","La Romana","Caleta","Residencial Vista Catalina"
"Yuma","La Romana","Villa Hermosa","Villa Hermosa","Cumajón"
"Yuma","La Romana","Villa Hermosa","Villa Hermosa","El Jobo o Villa Paraíso"
"Yuma","La Romana","Villa Hermosa","Villa Hermosa","El Parquecito"
"Yuma","La Romana","Villa Hermosa","Villa Hermosa","El Picapiedra"
"Yuma","La Romana","Villa Hermosa","Villa Hermosa","Juan Pablo Duarte o Kilómetro 6"
"Yuma","La Romana","Villa Hermosa","Villa Hermosa","La Caoba"
"Yuma","La Romana","Villa Hermosa","Villa Hermosa","La Lechosa"
"Yuma","La Romana","Villa Hermosa","Villa Hermosa","La Paz"
"Yuma","La Romana","Villa Hermosa","Villa Hermosa","La Sabanita"
"Yuma","La Romana","Villa Hermosa","Villa Hermosa","Los Coquitos"
"Yuma","La Romana","Villa Hermosa","Villa Hermosa","Los Maestros"
"Yuma","La Romana","Villa Hermosa","Villa Hermosa","Los Mulos"
"Yuma","La Romana","Villa Hermosa","Villa Hermosa","Piedra Linda"
"Yuma","La Romana","Villa Hermosa","Villa Hermosa","Reparto Torres"
"Yuma","La Romana","Villa Hermosa","Villa Hermosa","Residencial Don Juan"
"Yuma","La Romana","Villa Hermosa","Villa Hermosa","Sinaí"
"Yuma","La Romana","Villa Hermosa","Villa Hermosa","Villa Caoba (Los Mulos)"
"Yuma","La Romana","Villa Hermosa","Villa Hermosa","Villa Hermosa"
"Yuma","La Romana","Villa Hermosa","Villa Hermosa","Villa Progreso"
"Yuma","La Romana","Villa Hermosa","Villa Hermosa","Villa Zorrilla"
"Yuma","La Romana","Villa Hermosa","Cumayasa","Cucama"
"Yuma","La Romana","Villa Hermosa","Cumayasa","Juan Pablo Duarte o Kilómetro Seis"
"Yuma","La Romana","Villa Hermosa","Cumayasa","Kilómetro 10 de Cumayasa"
"Yuma","La Romana","Villa Hermosa","Cumayasa","Residencial Doña Olga III"
"Yuma","La Romana","Villa Hermosa","Cumayasa","Villa Real"
"Yuma","La Romana","Villa Hermosa","Cumayasa","América"
"Yuma","La Romana","Villa Hermosa","Cumayasa","Batey El Gato"
"Yuma","La Romana","Villa Hermosa","Cumayasa","Batey Las Tumbas"
"Yuma","La Romana","Villa Hermosa","Cumayasa","Campo Alegre"
"Yuma","La Romana","Villa Hermosa","Cumayasa","Cucama"
"Yuma","La Romana","Villa Hermosa","Cumayasa","El 10"
"Yuma","La Romana","Villa Hermosa","Cumayasa","El 14"
"Yuma","La Romana","Villa Hermosa","Cumayasa","El Batey"
"Yuma","La Romana","Villa Hermosa","Cumayasa","El Gato"
"Yuma","La Romana","Villa Hermosa","Cumayasa","El Manguito"
"Yuma","La Romana","Villa Hermosa","Cumayasa","El Papayo"
"Yuma","La Romana","Villa Hermosa","Cumayasa","El Peñón"
"Yuma","La Romana","Villa Hermosa","Cumayasa","Espinilla"
"Yuma","La Romana","Villa Hermosa","Cumayasa","Las Uvitas"
